stage,capture_phase,iteration,capture_group_index,capture_index,global_capture_index,accepted,rejection_reason,physical_adc_rate_hz,configured_dac_rate_hz,reference_rate_compensation,channel,canonical_phase,delay_register_active,offset_correction_active_codes,gain_correction_active,active_polarity,primary_valid,primary_rejection_reason,raw_phase_difference_rad,polarity_hypothesis,applied_phase_adjustment_rad,corrected_phase_difference_rad,measured_skew_samples,measured_skew_ps,tone_A_frequency_hz,tone_B_frequency_hz,tone_A_amplitude,tone_B_amplitude,tone_A_correlation,tone_B_correlation,tone_A_rmse,tone_B_rmse,dither_A_valid,dither_B_valid,dither_skew_valid,dither_skew_samples,dither_skew_ps,tone_dither_disagreement_samples,tone_dither_disagreement_ps
skew,closed_loop_initial_baseline,0,1,1,771,1,none,1300000000.000000,2600000000.000000,1.000000,1,1,24,-8.777929,0.987503,1.000000,1,none,3.087436,-1,-3.141593,-0.054157,-0.056201,-43.231684,199375017.614500,199375017.614500,516.110797,529.239374,0.999753,0.999767,8.121794,8.085923,1,1,0,nan,nan,nan,nan
skew,closed_loop_initial_baseline,0,1,2,772,1,none,1300000000.000000,2600000000.000000,1.000000,1,1,24,-8.777929,0.987503,1.000000,1,none,3.085953,-1,-3.141593,-0.055640,-0.057740,-44.415678,199375017.614500,199375017.614500,522.038158,527.917778,0.999747,0.999740,8.310391,8.520335,1,1,0,nan,nan,nan,nan
skew,closed_loop_initial_baseline,0,1,3,773,1,none,1300000000.000000,2600000000.000000,1.000000,1,1,24,-8.777929,0.987503,1.000000,1,none,3.090362,-1,-3.141593,-0.051231,-0.053165,-40.896229,199375017.614500,199375017.614500,517.809990,528.958166,0.999767,0.999755,7.914776,8.281654,1,1,0,nan,nan,nan,nan
skew,closed_loop_initial_baseline,0,1,4,774,1,none,1300000000.000000,2600000000.000000,1.000000,1,1,24,-8.777929,0.987503,1.000000,1,none,3.086366,-1,-3.141593,-0.055227,-0.057311,-44.085656,199375017.614500,199375017.614500,515.740689,529.292839,0.999753,0.999758,8.103130,8.234213,1,1,0,nan,nan,nan,nan
skew,closed_loop_initial_baseline,0,1,5,775,1,none,1300000000.000000,2600000000.000000,1.000000,1,1,24,-8.777929,0.987503,1.000000,1,none,3.080354,-1,-3.141593,-0.061238,-0.063550,-48.884603,199375017.614500,199375017.614500,524.405424,527.286633,0.999772,0.999767,7.909909,8.047365,1,1,0,nan,nan,nan,nan
skew,closed_loop_initial_baseline,0,1,6,776,1,none,1300000000.000000,2600000000.000000,1.000000,1,1,24,-8.777929,0.987503,1.000000,1,none,3.086045,-1,-3.141593,-0.055547,-0.057644,-44.341672,199375017.614500,199375017.614500,522.155327,527.964569,0.999761,0.999777,8.076626,7.888553,1,1,0,nan,nan,nan,nan
skew,closed_loop_initial_baseline,0,1,7,777,1,none,1300000000.000000,2600000000.000000,1.000000,1,1,24,-8.777929,0.987503,1.000000,1,none,3.087992,-1,-3.141593,-0.053600,-0.055624,-42.787558,199375017.614500,199375017.614500,516.229756,529.316424,0.999766,0.999759,7.896001,8.216492,1,1,0,nan,nan,nan,nan
skew,closed_loop_initial_baseline,0,1,8,778,1,none,1300000000.000000,2600000000.000000,1.000000,1,1,24,-8.777929,0.987503,1.000000,1,none,3.089452,-1,-3.141593,-0.052140,-0.054108,-41.621914,199375017.614500,199375017.614500,520.123294,528.841836,0.999672,0.999672,9.432180,9.582612,1,1,0,nan,nan,nan,nan
skew,closed_loop_initial_baseline,0,1,9,779,1,none,1300000000.000000,2600000000.000000,1.000000,1,1,24,-8.777929,0.987503,1.000000,1,none,3.085679,-1,-3.141593,-0.055914,-0.058024,-44.634174,199375017.614500,199375017.614500,522.732345,528.149091,0.999692,0.999689,9.176002,9.325726,1,1,0,nan,nan,nan,nan
skew,closed_loop_initial_baseline,0,1,10,780,1,none,1300000000.000000,2600000000.000000,1.000000,1,1,24,-8.777929,0.987503,1.000000,1,none,3.090198,-1,-3.141593,-0.051394,-0.053334,-41.026475,199375017.614500,199375017.614500,519.394652,528.845376,0.999744,0.999746,8.310732,8.437482,1,1,0,nan,nan,nan,nan
skew,actuator_characterization_baseline,0,2,1,781,1,none,1300000000.000000,2600000000.000000,1.000000,1,1,24,-8.777929,0.987503,1.000000,1,none,3.079383,-1,-3.141593,-0.062209,-0.064558,-49.659708,199375017.614500,199375017.614500,524.505182,527.218838,0.999769,0.999768,7.967396,8.029762,1,1,0,nan,nan,nan,nan
skew,actuator_characterization_baseline,0,2,2,782,1,none,1300000000.000000,2600000000.000000,1.000000,1,1,24,-8.777929,0.987503,1.000000,1,none,3.085486,-1,-3.141593,-0.056107,-0.058225,-44.788454,199375017.614500,199375017.614500,515.650339,529.288215,0.999761,0.999766,7.982560,8.097473,1,1,0,nan,nan,nan,nan
skew,actuator_characterization_baseline,0,2,3,783,1,none,1300000000.000000,2600000000.000000,1.000000,1,1,24,-8.777929,0.987503,1.000000,1,none,3.087901,-1,-3.141593,-0.053692,-0.055718,-42.860304,199375017.614500,199375017.614500,516.600235,529.098821,0.999728,0.999738,8.517617,8.563631,1,1,0,nan,nan,nan,nan
skew,actuator_characterization_baseline,0,2,4,784,1,none,1300000000.000000,2600000000.000000,1.000000,1,1,24,-8.777929,0.987503,1.000000,1,none,3.082396,-1,-3.141593,-0.059197,-0.061431,-47.254967,199375017.614500,199375017.614500,523.617736,527.314459,0.999758,0.999743,8.142060,8.448647,1,1,0,nan,nan,nan,nan
skew,actuator_characterization_baseline,0,2,5,785,1,none,1300000000.000000,2600000000.000000,1.000000,1,1,24,-8.777929,0.987503,1.000000,1,none,3.085816,-1,-3.141593,-0.055776,-0.057882,-44.524418,199375017.614500,199375017.614500,515.690539,529.344980,0.999686,0.999698,9.141307,9.202159,1,1,0,nan,nan,nan,nan
skew,actuator_characterization_baseline,0,2,6,786,1,none,1300000000.000000,2600000000.000000,1.000000,1,1,24,-8.777929,0.987503,1.000000,1,none,3.087827,-1,-3.141593,-0.053765,-0.055795,-42.919074,199375017.614500,199375017.614500,516.545945,529.345238,0.999763,0.999773,7.957231,7.977951,1,1,0,nan,nan,nan,nan
skew,actuator_characterization_baseline,0,2,7,787,1,none,1300000000.000000,2600000000.000000,1.000000,1,1,24,-8.777929,0.987503,1.000000,1,none,3.089333,-1,-3.141593,-0.052260,-0.054233,-41.717666,199375017.614500,199375017.614500,517.722645,529.191047,0.999761,0.999766,8.005221,8.110176,1,1,0,nan,nan,nan,nan
skew,actuator_characterization_baseline,0,2,8,788,1,none,1300000000.000000,2600000000.000000,1.000000,1,1,24,-8.777929,0.987503,1.000000,1,none,3.080093,-1,-3.141593,-0.061500,-0.063821,-49.093337,199375017.614500,199375017.614500,523.904666,527.485449,0.999734,0.999728,8.549107,8.698355,1,1,0,nan,nan,nan,nan
skew,actuator_characterization_baseline,0,2,9,789,1,none,1300000000.000000,2600000000.000000,1.000000,1,1,24,-8.777929,0.987503,1.000000,1,none,3.089371,-1,-3.141593,-0.052222,-0.054193,-41.686904,199375017.614500,199375017.614500,519.546650,528.844160,0.999778,0.999764,7.750011,8.133239,1,1,0,nan,nan,nan,nan
skew,actuator_characterization_baseline,0,2,10,790,1,none,1300000000.000000,2600000000.000000,1.000000,1,1,24,-8.777929,0.987503,1.000000,1,none,3.087300,-1,-3.141593,-0.054293,-0.056342,-43.340171,199375017.614500,199375017.614500,516.449201,529.337398,0.999766,0.999765,7.912711,8.123536,1,1,0,nan,nan,nan,nan
skew,actuator_characterization_after,0,3,1,791,1,none,1300000000.000000,2600000000.000000,1.000000,1,1,25,-8.777929,0.987503,1.000000,1,none,3.096480,-1,-3.141593,-0.045112,-0.046815,-36.011794,199375017.614500,199375017.614500,522.592763,528.649690,0.999774,0.999764,7.854688,8.128642,1,1,0,nan,nan,nan,nan
skew,actuator_characterization_after,0,3,2,792,1,none,1300000000.000000,2600000000.000000,1.000000,1,1,25,-8.777929,0.987503,1.000000,1,none,3.098740,-1,-3.141593,-0.042853,-0.044470,-34.207857,199375017.614500,199375017.614500,517.734148,529.574732,0.999775,0.999746,7.761394,8.435520,1,1,0,nan,nan,nan,nan
skew,actuator_characterization_after,0,3,3,793,1,none,1300000000.000000,2600000000.000000,1.000000,1,1,25,-8.777929,0.987503,1.000000,1,none,3.094148,-1,-3.141593,-0.047444,-0.049235,-37.873398,199375017.614500,199375017.614500,524.202845,528.585233,0.999784,0.999781,7.713790,7.834449,1,1,0,nan,nan,nan,nan
skew,actuator_characterization_after,0,3,4,794,1,none,1300000000.000000,2600000000.000000,1.000000,1,1,25,-8.777929,0.987503,1.000000,1,none,3.098689,-1,-3.141593,-0.042904,-0.044523,-34.248561,199375017.614500,199375017.614500,518.252770,529.503746,0.999762,0.999792,7.989944,7.641459,1,1,0,nan,nan,nan,nan
skew,actuator_characterization_after,0,3,5,795,1,none,1300000000.000000,2600000000.000000,1.000000,1,1,25,-8.777929,0.987503,1.000000,1,none,3.087901,-1,-3.141593,-0.053692,-0.055719,-42.860710,199375017.614500,199375017.614500,526.141002,527.645046,0.999751,0.999764,8.314151,8.116033,1,1,0,nan,nan,nan,nan
skew,actuator_characterization_after,0,3,6,796,1,none,1300000000.000000,2600000000.000000,1.000000,1,1,25,-8.777929,0.987503,1.000000,1,none,3.088361,-1,-3.141593,-0.053231,-0.055241,-42.492853,199375017.614500,199375017.614500,525.747124,527.717367,0.999774,0.999774,7.904867,7.938535,1,1,0,nan,nan,nan,nan
skew,actuator_characterization_after,0,3,7,797,1,none,1300000000.000000,2600000000.000000,1.000000,1,1,25,-8.777929,0.987503,1.000000,1,none,3.087341,-1,-3.141593,-0.054252,-0.056299,-43.307308,199375017.614500,199375017.614500,526.277998,528.007474,0.999771,0.999754,7.968775,8.281332,1,1,0,nan,nan,nan,nan
skew,actuator_characterization_after,0,3,8,798,1,none,1300000000.000000,2600000000.000000,1.000000,1,1,25,-8.777929,0.987503,1.000000,1,none,3.098674,-1,-3.141593,-0.042919,-0.044539,-34.260948,199375017.614500,199375017.614500,518.923466,529.229857,0.999781,0.999781,7.677119,7.833798,1,1,0,nan,nan,nan,nan
skew,actuator_characterization_after,0,3,9,799,1,none,1300000000.000000,2600000000.000000,1.000000,1,1,25,-8.777929,0.987503,1.000000,1,none,3.099051,-1,-3.141593,-0.042542,-0.044148,-33.959917,199375017.614500,199375017.614500,518.375794,529.209329,0.999770,0.999785,7.860772,7.767591,1,1,0,nan,nan,nan,nan
skew,actuator_characterization_after,0,3,10,800,1,none,1300000000.000000,2600000000.000000,1.000000,1,1,25,-8.777929,0.987503,1.000000,1,none,3.086658,-1,-3.141593,-0.054935,-0.057009,-43.852695,199375017.614500,199375017.614500,526.286469,527.702787,0.999770,0.999772,7.986612,7.967128,1,1,0,nan,nan,nan,nan
skew,actuator_characterization_baseline,0,4,1,801,1,none,1300000000.000000,2600000000.000000,1.000000,1,1,24,-8.777929,0.987503,1.000000,1,none,3.082132,-1,-3.141593,-0.059461,-0.061705,-47.465496,199375017.614500,199375017.614500,523.743548,527.589843,0.999771,0.999749,7.932494,8.368534,1,1,0,nan,nan,nan,nan
skew,actuator_characterization_baseline,0,4,2,802,1,none,1300000000.000000,2600000000.000000,1.000000,1,1,24,-8.777929,0.987503,1.000000,1,none,3.086369,-1,-3.141593,-0.055224,-0.057308,-44.083304,199375017.614500,199375017.614500,515.751965,529.545884,0.999776,0.999779,7.706967,7.860699,1,1,0,nan,nan,nan,nan
skew,actuator_characterization_baseline,0,4,3,803,1,none,1300000000.000000,2600000000.000000,1.000000,1,1,24,-8.777929,0.987503,1.000000,1,none,3.078430,-1,-3.141593,-0.063163,-0.065547,-50.420846,199375017.614500,199375017.614500,524.959397,526.894582,0.999742,0.999740,8.428355,8.485364,1,1,0,nan,nan,nan,nan
skew,actuator_characterization_baseline,0,4,4,804,1,none,1300000000.000000,2600000000.000000,1.000000,1,1,24,-8.777929,0.987503,1.000000,1,none,3.085546,-1,-3.141593,-0.056047,-0.058163,-44.740532,199375017.614500,199375017.614500,515.594319,529.230449,0.999765,0.999765,7.913510,8.114592,1,1,0,nan,nan,nan,nan
skew,actuator_characterization_baseline,0,4,5,805,1,none,1300000000.000000,2600000000.000000,1.000000,1,1,24,-8.777929,0.987503,1.000000,1,none,3.089537,-1,-3.141593,-0.052055,-0.054020,-41.554044,199375017.614500,199375017.614500,518.802565,529.230658,0.999760,0.999755,8.030163,8.276806,1,1,0,nan,nan,nan,nan
skew,actuator_characterization_baseline,0,4,6,806,1,none,1300000000.000000,2600000000.000000,1.000000,1,1,24,-8.777929,0.987503,1.000000,1,none,3.089051,-1,-3.141593,-0.052542,-0.054525,-41.942478,199375017.614500,199375017.614500,517.025119,529.205320,0.999769,0.999774,7.866105,7.966274,1,1,0,nan,nan,nan,nan
skew,actuator_characterization_baseline,0,4,7,807,1,none,1300000000.000000,2600000000.000000,1.000000,1,1,24,-8.777929,0.987503,1.000000,1,none,3.087949,-1,-3.141593,-0.053644,-0.055669,-42.822091,199375017.614500,199375017.614500,516.297546,529.282469,0.999762,0.999783,7.959623,7.793628,1,1,0,nan,nan,nan,nan
skew,actuator_characterization_baseline,0,4,8,808,1,none,1300000000.000000,2600000000.000000,1.000000,1,1,24,-8.777929,0.987503,1.000000,1,none,3.084422,-1,-3.141593,-0.057171,-0.059329,-45.637604,199375017.614500,199375017.614500,515.633030,529.446490,0.999678,0.999705,9.252093,9.095099,1,1,0,nan,nan,nan,nan
skew,actuator_characterization_baseline,0,4,9,809,1,none,1300000000.000000,2600000000.000000,1.000000,1,1,24,-8.777929,0.987503,1.000000,1,none,3.087456,-1,-3.141593,-0.054137,-0.056181,-43.215875,199375017.614500,199375017.614500,516.183939,529.412693,0.999716,0.999715,8.707147,8.938425,1,1,0,nan,nan,nan,nan
skew,actuator_characterization_baseline,0,4,10,810,1,none,1300000000.000000,2600000000.000000,1.000000,1,1,24,-8.777929,0.987503,1.000000,1,none,3.089759,-1,-3.141593,-0.051834,-0.053790,-41.377148,199375017.614500,199375017.614500,517.532970,529.066766,0.999777,0.999776,7.717738,7.922899,1,1,0,nan,nan,nan,nan
skew,actuator_characterization_repeat,0,5,1,811,1,none,1300000000.000000,2600000000.000000,1.000000,1,1,25,-8.777929,0.987503,1.000000,1,none,3.097370,-1,-3.141593,-0.044223,-0.045892,-35.301683,199375017.614500,199375017.614500,517.281952,529.145872,0.999767,0.999758,7.904327,8.233188,1,1,0,nan,nan,nan,nan
skew,actuator_characterization_repeat,0,5,2,812,1,none,1300000000.000000,2600000000.000000,1.000000,1,1,25,-8.777929,0.987503,1.000000,1,none,3.094041,-1,-3.141593,-0.047552,-0.049347,-37.959132,199375017.614500,199375017.614500,523.582122,528.615648,0.999738,0.999752,8.476530,8.321248,1,1,0,nan,nan,nan,nan
skew,actuator_characterization_repeat,0,5,3,813,1,none,1300000000.000000,2600000000.000000,1.000000,1,1,25,-8.777929,0.987503,1.000000,1,none,3.094758,-1,-3.141593,-0.046835,-0.048603,-37.386815,199375017.614500,199375017.614500,516.533014,528.920683,0.999767,0.999770,7.890755,8.019684,1,1,0,nan,nan,nan,nan
skew,actuator_characterization_repeat,0,5,4,814,1,none,1300000000.000000,2600000000.000000,1.000000,1,1,25,-8.777929,0.987503,1.000000,1,none,3.090164,-1,-3.141593,-0.051429,-0.053370,-41.053820,199375017.614500,199375017.614500,524.931964,527.915665,0.999685,0.999680,9.313515,9.432504,1,1,0,nan,nan,nan,nan
skew,actuator_characterization_repeat,0,5,5,815,1,none,1300000000.000000,2600000000.000000,1.000000,1,1,25,-8.777929,0.987503,1.000000,1,none,3.097881,-1,-3.141593,-0.043712,-0.045362,-34.893566,199375017.614500,199375017.614500,521.414101,529.219350,0.999757,0.999759,8.135319,8.226627,1,1,0,nan,nan,nan,nan
skew,actuator_characterization_repeat,0,5,6,816,1,none,1300000000.000000,2600000000.000000,1.000000,1,1,25,-8.777929,0.987503,1.000000,1,none,3.096003,-1,-3.141593,-0.045589,-0.047310,-36.392671,199375017.614500,199375017.614500,516.671825,529.425756,0.999688,0.999710,9.122088,9.006745,1,1,0,nan,nan,nan,nan
skew,actuator_characterization_repeat,0,5,7,817,1,none,1300000000.000000,2600000000.000000,1.000000,1,1,25,-8.777929,0.987503,1.000000,1,none,3.096200,-1,-3.141593,-0.045392,-0.047106,-36.235266,199375017.614500,199375017.614500,522.961860,529.047330,0.999749,0.999744,8.292361,8.465294,1,1,0,nan,nan,nan,nan
skew,actuator_characterization_repeat,0,5,8,818,1,none,1300000000.000000,2600000000.000000,1.000000,1,1,25,-8.777929,0.987503,1.000000,1,none,3.098361,-1,-3.141593,-0.043232,-0.044864,-34.510651,199375017.614500,199375017.614500,518.185179,529.450688,0.999775,0.999778,7.768129,7.886991,1,1,0,nan,nan,nan,nan
skew,actuator_characterization_repeat,0,5,9,819,1,none,1300000000.000000,2600000000.000000,1.000000,1,1,25,-8.777929,0.987503,1.000000,1,none,3.095735,-1,-3.141593,-0.045857,-0.047588,-36.606390,199375017.614500,199375017.614500,516.629905,529.444138,0.999747,0.999763,8.206548,8.152101,1,1,0,nan,nan,nan,nan
skew,actuator_characterization_repeat,0,5,10,820,1,none,1300000000.000000,2600000000.000000,1.000000,1,1,25,-8.777929,0.987503,1.000000,1,none,3.095531,-1,-3.141593,-0.046062,-0.047800,-36.769484,199375017.614500,199375017.614500,516.444846,529.258215,0.999760,0.999778,7.990858,7.886739,1,1,0,nan,nan,nan,nan
skew,calibration,1,6,1,821,1,none,1300000000.000000,2600000000.000000,1.000000,1,1,27,-8.777929,0.987503,1.000000,1,none,3.111522,-1,-3.141593,-0.030071,-0.031206,-24.004491,199375017.614500,199375017.614500,518.781588,528.653261,0.999706,0.999703,8.903616,9.115401,1,1,0,nan,nan,nan,nan
skew,calibration,1,6,2,822,1,none,1300000000.000000,2600000000.000000,1.000000,1,1,27,-8.777929,0.987503,1.000000,1,none,3.107578,-1,-3.141593,-0.034014,-0.035299,-27.152712,199375017.614500,199375017.614500,527.168554,529.203058,0.999798,0.999772,7.506223,7.993920,1,1,0,nan,nan,nan,nan
skew,calibration,1,6,3,823,1,none,1300000000.000000,2600000000.000000,1.000000,1,1,27,-8.777929,0.987503,1.000000,1,none,3.100581,-1,-3.141593,-0.041011,-0.042560,-32.738086,199375017.614500,199375017.614500,528.977837,528.428683,0.999765,0.999762,8.102250,8.157157,1,1,0,nan,nan,nan,nan
skew,calibration,1,6,4,824,1,none,1300000000.000000,2600000000.000000,1.000000,1,1,27,-8.777929,0.987503,1.000000,1,none,3.113444,-1,-3.141593,-0.028148,-0.029211,-22.469896,199375017.614500,199375017.614500,519.140040,528.800471,0.999758,0.999772,8.075297,7.984429,1,1,0,nan,nan,nan,nan
skew,calibration,1,6,5,825,1,none,1300000000.000000,2600000000.000000,1.000000,1,1,27,-8.777929,0.987503,1.000000,1,none,3.112537,-1,-3.141593,-0.029056,-0.030153,-23.194595,199375017.614500,199375017.614500,518.662889,528.488925,0.999755,0.999768,8.122324,8.049394,1,1,0,nan,nan,nan,nan
skew,calibration,1,6,6,826,1,none,1300000000.000000,2600000000.000000,1.000000,1,1,27,-8.777929,0.987503,1.000000,1,none,3.114140,-1,-3.141593,-0.027453,-0.028489,-21.914978,199375017.614500,199375017.614500,521.321208,529.140840,0.999721,0.999734,8.717804,8.645385,1,1,0,nan,nan,nan,nan
skew,calibration,1,6,7,827,1,none,1300000000.000000,2600000000.000000,1.000000,1,1,27,-8.777929,0.987503,1.000000,1,none,3.111438,-1,-3.141593,-0.030155,-0.031293,-24.071496,199375017.614500,199375017.614500,525.057462,529.569749,0.999789,0.999784,7.628706,7.793739,1,1,0,nan,nan,nan,nan
skew,calibration,1,6,8,828,1,none,1300000000.000000,2600000000.000000,1.000000,1,1,27,-8.777929,0.987503,1.000000,1,none,3.112185,-1,-3.141593,-0.029408,-0.030518,-23.475495,199375017.614500,199375017.614500,518.732230,528.407254,0.999775,0.999777,7.776825,7.886744,1,1,0,nan,nan,nan,nan
skew,calibration,1,6,9,829,1,none,1300000000.000000,2600000000.000000,1.000000,1,1,27,-8.777929,0.987503,1.000000,1,none,3.113708,-1,-3.141593,-0.027885,-0.028937,-22.259450,199375017.614500,199375017.614500,521.927061,529.163584,0.999744,0.999755,8.345520,8.276083,1,1,0,nan,nan,nan,nan
skew,calibration,1,6,10,830,1,none,1300000000.000000,2600000000.000000,1.000000,1,1,27,-8.777929,0.987503,1.000000,1,none,3.113061,-1,-3.141593,-0.028532,-0.029609,-22.775863,199375017.614500,199375017.614500,519.169180,528.500235,0.999732,0.999743,8.512406,8.479241,1,1,0,nan,nan,nan,nan
skew,calibration,2,7,1,831,1,none,1300000000.000000,2600000000.000000,1.000000,1,1,29,-8.777929,0.987503,1.000000,1,none,3.124312,-1,-3.141593,-0.017280,-0.017933,-13.794442,199375017.614500,199375017.614500,525.232287,528.544247,0.999772,0.999772,7.931523,7.988813,1,1,0,nan,nan,nan,nan
skew,calibration,2,7,2,832,1,none,1300000000.000000,2600000000.000000,1.000000,1,1,29,-8.777929,0.987503,1.000000,1,none,3.124109,-1,-3.141593,-0.017484,-0.018144,-13.956654,199375017.614500,199375017.614500,521.728994,527.169279,0.999775,0.999779,7.828712,7.835837,1,1,0,nan,nan,nan,nan
skew,calibration,2,7,3,833,1,none,1300000000.000000,2600000000.000000,1.000000,1,1,29,-8.777929,0.987503,1.000000,1,none,3.111519,-1,-3.141593,-0.030074,-0.031209,-24.006753,199375017.614500,199375017.614500,531.766419,529.056148,0.999750,0.999760,8.407715,8.200097,1,1,0,nan,nan,nan,nan
skew,calibration,2,7,4,834,1,none,1300000000.000000,2600000000.000000,1.000000,1,1,29,-8.777929,0.987503,1.000000,1,none,3.122953,-1,-3.141593,-0.018640,-0.019344,-14.879701,199375017.614500,199375017.614500,527.291914,529.209730,0.999775,0.999766,7.921971,8.101586,1,1,0,nan,nan,nan,nan
skew,calibration,2,7,5,835,1,none,1300000000.000000,2600000000.000000,1.000000,1,1,29,-8.777929,0.987503,1.000000,1,none,3.123621,-1,-3.141593,-0.017972,-0.018650,-14.346344,199375017.614500,199375017.614500,527.027447,528.957464,0.999722,0.999734,8.795317,8.622860,1,1,0,nan,nan,nan,nan
skew,calibration,2,7,6,836,1,none,1300000000.000000,2600000000.000000,1.000000,1,1,29,-8.777929,0.987503,1.000000,1,none,3.124321,-1,-3.141593,-0.017271,-0.017923,-13.787200,199375017.614500,199375017.614500,521.914186,527.427968,0.999764,0.999771,8.022123,7.977444,1,1,0,nan,nan,nan,nan
skew,calibration,2,7,7,837,1,none,1300000000.000000,2600000000.000000,1.000000,1,1,29,-8.777929,0.987503,1.000000,1,none,3.116351,-1,-3.141593,-0.025242,-0.026195,-20.149850,199375017.614500,199375017.614500,529.921346,529.547064,0.999722,0.999724,8.838795,8.797802,1,1,0,nan,nan,nan,nan
skew,calibration,2,7,8,838,1,none,1300000000.000000,2600000000.000000,1.000000,1,1,29,-8.777929,0.987503,1.000000,1,none,3.119155,-1,-3.141593,-0.022438,-0.023285,-17.911563,199375017.614500,199375017.614500,528.692062,529.451194,0.999778,0.999781,7.873455,7.829122,1,1,0,nan,nan,nan,nan
skew,calibration,2,7,9,839,1,none,1300000000.000000,2600000000.000000,1.000000,1,1,29,-8.777929,0.987503,1.000000,1,none,3.124610,-1,-3.141593,-0.016982,-0.017623,-13.556358,199375017.614500,199375017.614500,523.991058,528.481416,0.999784,0.999770,7.703812,8.019449,1,1,0,nan,nan,nan,nan
skew,calibration,2,7,10,840,1,none,1300000000.000000,2600000000.000000,1.000000,1,1,29,-8.777929,0.987503,1.000000,1,none,3.123881,-1,-3.141593,-0.017712,-0.018381,-14.138918,199375017.614500,199375017.614500,521.671065,527.307821,0.999753,0.999766,8.207337,8.070456,1,1,0,nan,nan,nan,nan
skew,calibration,3,8,1,841,1,none,1300000000.000000,2600000000.000000,1.000000,1,1,30,-8.777929,0.987503,1.000000,1,none,3.128494,-1,-3.141593,-0.013099,-0.013594,-10.456606,199375017.614500,199375017.614500,523.334769,526.598731,0.999765,0.999758,8.023478,8.182421,1,1,0,nan,nan,nan,nan
skew,calibration,3,8,2,842,1,none,1300000000.000000,2600000000.000000,1.000000,1,1,30,-8.777929,0.987503,1.000000,1,none,3.124241,-1,-3.141593,-0.017352,-0.018007,-13.851335,199375017.614500,199375017.614500,529.884727,528.872316,0.999764,0.999761,8.142204,8.172658,1,1,0,nan,nan,nan,nan
skew,calibration,3,8,3,843,1,none,1300000000.000000,2600000000.000000,1.000000,1,1,30,-8.777929,0.987503,1.000000,1,none,3.128699,-1,-3.141593,-0.012894,-0.013381,-10.292705,199375017.614500,199375017.614500,523.460961,526.924472,0.999759,0.999763,8.123984,8.122705,1,1,0,nan,nan,nan,nan
skew,calibration,3,8,4,844,1,none,1300000000.000000,2600000000.000000,1.000000,1,1,30,-8.777929,0.987503,1.000000,1,none,3.128870,-1,-3.141593,-0.012723,-0.013203,-10.156159,199375017.614500,199375017.614500,524.201168,527.105434,0.999781,0.999762,7.755116,8.131485,1,1,0,nan,nan,nan,nan
skew,calibration,3,8,5,845,1,none,1300000000.000000,2600000000.000000,1.000000,1,1,30,-8.777929,0.987503,1.000000,1,none,3.123443,-1,-3.141593,-0.018149,-0.018835,-14.488118,199375017.614500,199375017.614500,529.995958,529.041612,0.999772,0.999766,8.001063,8.094509,1,1,0,nan,nan,nan,nan
skew,calibration,3,8,6,846,1,none,1300000000.000000,2600000000.000000,1.000000,1,1,30,-8.777929,0.987503,1.000000,1,none,3.129376,-1,-3.141593,-0.012216,-0.012677,-9.751907,199375017.614500,199375017.614500,523.519032,526.709552,0.999782,0.999770,7.721939,7.987873,1,1,0,nan,nan,nan,nan
skew,calibration,3,8,7,847,1,none,1300000000.000000,2600000000.000000,1.000000,1,1,30,-8.777929,0.987503,1.000000,1,none,3.128670,-1,-3.141593,-0.012923,-0.013410,-10.315740,199375017.614500,199375017.614500,526.604863,528.050833,0.999753,0.999773,8.286751,7.958137,1,1,0,nan,nan,nan,nan
skew,calibration,3,8,8,848,1,none,1300000000.000000,2600000000.000000,1.000000,1,1,30,-8.777929,0.987503,1.000000,1,none,3.118270,-1,-3.141593,-0.023322,-0.024203,-18.617395,199375017.614500,199375017.614500,532.001236,529.160564,0.999781,0.999776,7.873795,7.917749,1,1,0,nan,nan,nan,nan
skew,calibration,3,8,9,849,1,none,1300000000.000000,2600000000.000000,1.000000,1,1,30,-8.777929,0.987503,1.000000,1,none,3.128729,-1,-3.141593,-0.012864,-0.013349,-10.268670,199375017.614500,199375017.614500,523.706452,527.009897,0.999751,0.999767,8.264855,8.046935,1,1,0,nan,nan,nan,nan
skew,calibration,3,8,10,850,1,none,1300000000.000000,2600000000.000000,1.000000,1,1,30,-8.777929,0.987503,1.000000,1,none,3.119267,-1,-3.141593,-0.022326,-0.023168,-17.821855,199375017.614500,199375017.614500,531.232964,529.159454,0.999740,0.999742,8.562744,8.502297,1,1,0,nan,nan,nan,nan
skew,calibration,4,9,1,851,1,none,1300000000.000000,2600000000.000000,1.000000,1,1,31,-8.777929,0.987503,1.000000,1,none,3.124917,-1,-3.141593,-0.016676,-0.017306,-13.311956,199375017.614500,199375017.614500,532.096573,529.115368,0.999741,0.999746,8.560084,8.429000,1,1,0,nan,nan,nan,nan
skew,calibration,4,9,2,852,1,none,1300000000.000000,2600000000.000000,1.000000,1,1,31,-8.777929,0.987503,1.000000,1,none,3.131820,-1,-3.141593,-0.009773,-0.010142,-7.801392,199375017.614500,199375017.614500,525.061158,525.833822,0.999778,0.999762,7.823182,8.116306,1,1,0,nan,nan,nan,nan
skew,calibration,4,9,3,853,1,none,1300000000.000000,2600000000.000000,1.000000,1,1,31,-8.777929,0.987503,1.000000,1,none,3.130547,-1,-3.141593,-0.011045,-0.011462,-8.817270,199375017.614500,199375017.614500,528.606614,527.993000,0.999737,0.999743,8.576091,8.464365,1,1,0,nan,nan,nan,nan
skew,calibration,4,9,4,854,1,none,1300000000.000000,2600000000.000000,1.000000,1,1,31,-8.777929,0.987503,1.000000,1,none,3.131181,-1,-3.141593,-0.010411,-0.010804,-8.311139,199375017.614500,199375017.614500,524.462763,525.490894,0.999749,0.999742,8.304488,8.441387,1,1,0,nan,nan,nan,nan
skew,calibration,4,9,5,855,1,none,1300000000.000000,2600000000.000000,1.000000,1,1,31,-8.777929,0.987503,1.000000,1,none,3.131211,-1,-3.141593,-0.010382,-0.010774,-8.287351,199375017.614500,199375017.614500,524.299043,525.525969,0.999778,0.999782,7.819421,7.757102,1,1,0,nan,nan,nan,nan
skew,calibration,4,9,6,856,1,none,1300000000.000000,2600000000.000000,1.000000,1,1,31,-8.777929,0.987503,1.000000,1,none,3.126860,-1,-3.141593,-0.014733,-0.015289,-11.760515,199375017.614500,199375017.614500,531.008203,528.729974,0.999763,0.999761,8.177206,8.176894,1,1,0,nan,nan,nan,nan
skew,calibration,4,9,7,857,1,none,1300000000.000000,2600000000.000000,1.000000,1,1,31,-8.777929,0.987503,1.000000,1,none,3.131815,-1,-3.141593,-0.009778,-0.010147,-7.805294,199375017.614500,199375017.614500,527.152423,527.192605,0.999766,0.999758,8.073129,8.203920,1,1,0,nan,nan,nan,nan
skew,calibration,4,9,8,858,1,none,1300000000.000000,2600000000.000000,1.000000,1,1,31,-8.777929,0.987503,1.000000,1,none,3.131485,-1,-3.141593,-0.010107,-0.010489,-8.068239,199375017.614500,199375017.614500,528.383986,527.733582,0.999763,0.999766,8.124991,8.068909,1,1,0,nan,nan,nan,nan
skew,calibration,4,9,9,859,1,none,1300000000.000000,2600000000.000000,1.000000,1,1,31,-8.777929,0.987503,1.000000,1,none,3.131626,-1,-3.141593,-0.009966,-0.010342,-7.955752,199375017.614500,199375017.614500,526.101404,526.546931,0.999761,0.999761,8.136337,8.152943,1,1,0,nan,nan,nan,nan
skew,calibration,4,9,10,860,1,none,1300000000.000000,2600000000.000000,1.000000,1,1,31,-8.777929,0.987503,1.000000,1,none,3.132125,-1,-3.141593,-0.009468,-0.009825,-7.557887,199375017.614500,199375017.614500,526.107267,526.576985,0.999773,0.999776,7.926443,7.874342,1,1,0,nan,nan,nan,nan
skew,calibration,5,10,1,861,1,none,1300000000.000000,2600000000.000000,1.000000,1,1,32,-8.777929,0.987503,1.000000,1,none,3.125462,-1,-3.141593,-0.016131,-0.016740,-12.876638,199375017.614500,199375017.614500,534.143413,529.115722,0.999682,0.999687,9.531012,9.361588,1,1,0,nan,nan,nan,nan
skew,calibration,5,10,2,862,1,none,1300000000.000000,2600000000.000000,1.000000,1,1,32,-8.777929,0.987503,1.000000,1,none,3.134661,-1,-3.141593,-0.006931,-0.007193,-5.532956,199375017.614500,199375017.614500,528.059498,525.986298,0.999640,0.999653,10.027301,9.810405,1,1,0,nan,nan,nan,nan
skew,calibration,5,10,3,863,1,none,1300000000.000000,2600000000.000000,1.000000,1,1,32,-8.777929,0.987503,1.000000,1,none,3.126444,-1,-3.141593,-0.015149,-0.015721,-12.092853,199375017.614500,199375017.614500,533.606142,528.904736,0.999778,0.999777,7.948506,7.907451,1,1,0,nan,nan,nan,nan
skew,calibration,5,10,4,864,1,none,1300000000.000000,2600000000.000000,1.000000,1,1,32,-8.777929,0.987503,1.000000,1,none,3.125472,-1,-3.141593,-0.016121,-0.016730,-12.868994,199375017.614500,199375017.614500,534.344980,529.103992,0.999775,0.999768,8.004677,8.063381,1,1,0,nan,nan,nan,nan
skew,calibration,5,10,5,865,1,none,1300000000.000000,2600000000.000000,1.000000,1,1,32,-8.777929,0.987503,1.000000,1,none,3.134026,-1,-3.141593,-0.007566,-0.007852,-6.040085,199375017.614500,199375017.614500,526.561698,525.063790,0.999775,0.999765,7.891879,8.050505,1,1,0,nan,nan,nan,nan
skew,calibration,5,10,6,866,1,none,1300000000.000000,2600000000.000000,1.000000,1,1,32,-8.777929,0.987503,1.000000,1,none,3.134039,-1,-3.141593,-0.007554,-0.007839,-6.030221,199375017.614500,199375017.614500,526.344784,524.771407,0.999724,0.999733,8.737155,8.573055,1,1,0,nan,nan,nan,nan
skew,calibration,5,10,7,867,1,none,1300000000.000000,2600000000.000000,1.000000,1,1,32,-8.777929,0.987503,1.000000,1,none,3.125838,-1,-3.141593,-0.015755,-0.016349,-12.576461,199375017.614500,199375017.614500,534.379579,529.084947,0.999783,0.999773,7.875605,7.967924,1,1,0,nan,nan,nan,nan
skew,calibration,5,10,8,868,1,none,1300000000.000000,2600000000.000000,1.000000,1,1,32,-8.777929,0.987503,1.000000,1,none,3.126923,-1,-3.141593,-0.014670,-0.015224,-11.710556,199375017.614500,199375017.614500,533.695010,528.941287,0.999767,0.999741,8.156779,8.524987,1,1,0,nan,nan,nan,nan
skew,calibration,5,10,9,869,1,none,1300000000.000000,2600000000.000000,1.000000,1,1,32,-8.777929,0.987503,1.000000,1,none,3.134233,-1,-3.141593,-0.007359,-0.007637,-5.874613,199375017.614500,199375017.614500,526.110563,524.815722,0.999776,0.999768,7.864847,7.991858,1,1,0,nan,nan,nan,nan
skew,calibration,5,10,10,870,1,none,1300000000.000000,2600000000.000000,1.000000,1,1,32,-8.777929,0.987503,1.000000,1,none,3.132344,-1,-3.141593,-0.009248,-0.009598,-7.382778,199375017.614500,199375017.614500,530.119082,526.892649,0.999782,0.999779,7.825373,7.839401,1,1,0,nan,nan,nan,nan
skew,calibration,6,11,1,871,1,none,1300000000.000000,2600000000.000000,1.000000,1,1,33,-8.777929,0.987503,1.000000,1,none,3.135522,-1,-3.141593,-0.006071,-0.006300,-4.846334,199375017.614500,199375017.614500,529.357795,524.931844,0.999747,0.999748,8.429127,8.329163,1,1,0,nan,nan,nan,nan
skew,calibration,6,11,2,872,1,none,1300000000.000000,2600000000.000000,1.000000,1,1,33,-8.777929,0.987503,1.000000,1,none,3.135357,-1,-3.141593,-0.006235,-0.006471,-4.977459,199375017.614500,199375017.614500,527.355158,523.099721,0.999752,0.999747,8.307669,8.321050,1,1,0,nan,nan,nan,nan
skew,calibration,6,11,3,873,1,none,1300000000.000000,2600000000.000000,1.000000,1,1,33,-8.777929,0.987503,1.000000,1,none,3.132938,-1,-3.141593,-0.008655,-0.008982,-6.908975,199375017.614500,199375017.614500,532.274112,527.365300,0.999746,0.999743,8.486236,8.459760,1,1,0,nan,nan,nan,nan
skew,calibration,6,11,4,874,1,none,1300000000.000000,2600000000.000000,1.000000,1,1,33,-8.777929,0.987503,1.000000,1,none,3.131484,-1,-3.141593,-0.010109,-0.010490,-8.069607,199375017.614500,199375017.614500,534.457072,528.905130,0.999780,0.999762,7.928819,8.162196,1,1,0,nan,nan,nan,nan
skew,calibration,6,11,5,875,1,none,1300000000.000000,2600000000.000000,1.000000,1,1,33,-8.777929,0.987503,1.000000,1,none,3.134268,-1,-3.141593,-0.007324,-0.007601,-5.846853,199375017.614500,199375017.614500,531.598052,526.824902,0.999759,0.999758,8.258394,8.207776,1,1,0,nan,nan,nan,nan
skew,calibration,6,11,6,876,1,none,1300000000.000000,2600000000.000000,1.000000,1,1,33,-8.777929,0.987503,1.000000,1,none,3.132319,-1,-3.141593,-0.009274,-0.009624,-7.402846,199375017.614500,199375017.614500,533.610250,528.258790,0.999765,0.999757,8.193230,8.246322,1,1,0,nan,nan,nan,nan
skew,calibration,6,11,7,877,1,none,1300000000.000000,2600000000.000000,1.000000,1,1,33,-8.777929,0.987503,1.000000,1,none,3.135892,-1,-3.141593,-0.005701,-0.005916,-4.550685,199375017.614500,199375017.614500,527.454568,523.333979,0.999771,0.999770,7.983139,7.928539,1,1,0,nan,nan,nan,nan
skew,calibration,6,11,8,878,1,none,1300000000.000000,2600000000.000000,1.000000,1,1,33,-8.777929,0.987503,1.000000,1,none,3.135283,-1,-3.141593,-0.006310,-0.006548,-5.036938,199375017.614500,199375017.614500,529.903299,525.511266,0.999740,0.999743,8.541978,8.418895,1,1,0,nan,nan,nan,nan
skew,calibration,6,11,9,879,1,none,1300000000.000000,2600000000.000000,1.000000,1,1,33,-8.777929,0.987503,1.000000,1,none,3.136805,-1,-3.141593,-0.004788,-0.004969,-3.822004,199375017.614500,199375017.614500,527.974954,523.681819,0.999743,0.999749,8.465851,8.296398,1,1,0,nan,nan,nan,nan
skew,calibration,6,11,10,880,1,none,1300000000.000000,2600000000.000000,1.000000,1,1,33,-8.777929,0.987503,1.000000,1,none,3.136544,-1,-3.141593,-0.005049,-0.005239,-4.030112,199375017.614500,199375017.614500,529.072576,524.691732,0.999759,0.999766,8.223494,8.033208,1,1,0,nan,nan,nan,nan
skew,calibration,7,12,1,881,1,none,1300000000.000000,2600000000.000000,1.000000,1,1,33,-8.777929,0.987503,1.000000,1,none,3.132220,-1,-3.141593,-0.009373,-0.009726,-7.481851,199375017.614500,199375017.614500,533.638713,527.915621,0.999769,0.999758,8.109440,8.219075,1,1,0,nan,nan,nan,nan
skew,calibration,7,12,2,882,1,none,1300000000.000000,2600000000.000000,1.000000,1,1,33,-8.777929,0.987503,1.000000,1,none,3.129645,-1,-3.141593,-0.011947,-0.012398,-9.537226,199375017.614500,199375017.614500,535.073228,528.741815,0.999741,0.999726,8.611800,8.752464,1,1,0,nan,nan,nan,nan
skew,calibration,7,12,3,883,1,none,1300000000.000000,2600000000.000000,1.000000,1,1,33,-8.777929,0.987503,1.000000,1,none,3.136195,-1,-3.141593,-0.005398,-0.005602,-4.308909,199375017.614500,199375017.614500,528.409181,523.927534,0.999760,0.999761,8.199750,8.099795,1,1,0,nan,nan,nan,nan
skew,calibration,7,12,4,884,1,none,1300000000.000000,2600000000.000000,1.000000,1,1,33,-8.777929,0.987503,1.000000,1,none,3.135812,-1,-3.141593,-0.005781,-0.005999,-4.614913,199375017.614500,199375017.614500,527.852819,523.796397,0.999761,0.999765,8.167625,8.034325,1,1,0,nan,nan,nan,nan
skew,calibration,7,12,5,885,1,none,1300000000.000000,2600000000.000000,1.000000,1,1,33,-8.777929,0.987503,1.000000,1,none,3.130684,-1,-3.141593,-0.010909,-0.011320,-8.708075,199375017.614500,199375017.614500,534.793260,528.710474,0.999748,0.999730,8.493837,8.694976,1,1,0,nan,nan,nan,nan
skew,calibration,7,12,6,886,1,none,1300000000.000000,2600000000.000000,1.000000,1,1,33,-8.777929,0.987503,1.000000,1,none,3.135799,-1,-3.141593,-0.005793,-0.006012,-4.624734,199375017.614500,199375017.614500,529.214782,525.193907,0.999739,0.999749,8.551652,8.321910,1,1,0,nan,nan,nan,nan
skew,calibration,7,12,7,887,1,none,1300000000.000000,2600000000.000000,1.000000,1,1,33,-8.777929,0.987503,1.000000,1,none,3.135212,-1,-3.141593,-0.006381,-0.006622,-5.093649,199375017.614500,199375017.614500,530.583351,525.896859,0.999738,0.999734,8.582161,8.579675,1,1,0,nan,nan,nan,nan
skew,calibration,7,12,8,888,1,none,1300000000.000000,2600000000.000000,1.000000,1,1,33,-8.777929,0.987503,1.000000,1,none,3.135733,-1,-3.141593,-0.005859,-0.006080,-4.677239,199375017.614500,199375017.614500,529.274227,524.654706,0.999750,0.999760,8.369246,8.131237,1,1,0,nan,nan,nan,nan
skew,calibration,7,12,9,889,1,none,1300000000.000000,2600000000.000000,1.000000,1,1,33,-8.777929,0.987503,1.000000,1,none,3.135468,-1,-3.141593,-0.006125,-0.006356,-4.889041,199375017.614500,199375017.614500,530.814470,525.898828,0.999770,0.999762,8.062363,8.125641,1,1,0,nan,nan,nan,nan
skew,calibration,7,12,10,890,1,none,1300000000.000000,2600000000.000000,1.000000,1,1,33,-8.777929,0.987503,1.000000,1,none,3.134481,-1,-3.141593,-0.007112,-0.007381,-5.677331,199375017.614500,199375017.614500,532.471648,527.146914,0.999756,0.999746,8.316781,8.406125,0,0,0,nan,nan,nan,nan
