stage,capture_phase,iteration,capture_group_index,capture_index,global_capture_index,accepted,rejection_reason,physical_adc_rate_hz,configured_dac_rate_hz,reference_rate_compensation,channel,canonical_phase,offset_correction_active_codes,gain_correction_active,delay_register_active,active_polarity,measured_offset_residual_codes,fit_offset_codes,correlation,rmse_codes,filtered_residual_at_iteration_start,tolerance_codes,sndr_db,enob_bits
offset,calibration,1,1,1,41,1,none,1300000000.000000,2600000000.000000,1.000000,0,0,0.000000,1.000000,nan,1.000000,6.472898,6.469096,0.999732,9.457670,nan,1.000000,39.815468,6.321507,
offset,calibration,1,1,2,42,1,none,1300000000.000000,2600000000.000000,1.000000,0,0,0.000000,1.000000,nan,1.000000,6.901648,6.877606,0.998760,19.582048,nan,1.000000,40.393459,6.417519,
offset,calibration,1,1,3,43,1,none,1300000000.000000,2600000000.000000,1.000000,0,0,0.000000,1.000000,nan,1.000000,-3.488352,-3.497972,0.999630,11.002602,nan,1.000000,39.658749,6.295474,
offset,calibration,1,1,4,44,1,none,1300000000.000000,2600000000.000000,1.000000,0,0,0.000000,1.000000,nan,1.000000,-12.462102,-12.467063,0.999620,11.240294,nan,1.000000,40.652809,6.460600,
offset,calibration,1,1,5,45,1,none,1300000000.000000,2600000000.000000,1.000000,0,0,0.000000,1.000000,nan,1.000000,-4.680852,-4.684160,0.999647,10.865452,nan,1.000000,40.059601,6.362060,
offset,calibration,1,1,6,46,1,none,1300000000.000000,2600000000.000000,1.000000,0,0,0.000000,1.000000,nan,1.000000,-9.409602,-9.418437,0.999510,12.676874,nan,1.000000,40.169861,6.380376,
offset,calibration,1,1,7,47,1,none,1300000000.000000,2600000000.000000,1.000000,0,0,0.000000,1.000000,nan,1.000000,-18.037102,-18.046022,0.999554,12.088784,nan,1.000000,39.937618,6.341797,
offset,calibration,1,1,8,48,1,none,1300000000.000000,2600000000.000000,1.000000,0,0,0.000000,1.000000,nan,1.000000,2.131648,2.096292,0.998126,23.541639,nan,1.000000,39.452984,6.261293,
offset,calibration,1,1,9,49,1,none,1300000000.000000,2600000000.000000,1.000000,0,0,0.000000,1.000000,nan,1.000000,-5.730852,-5.734787,0.999595,11.635232,nan,1.000000,40.357071,6.411474,
offset,calibration,1,1,10,50,1,none,1300000000.000000,2600000000.000000,1.000000,0,0,0.000000,1.000000,nan,1.000000,-12.813353,-12.852798,0.997797,25.320755,nan,1.000000,39.075897,6.198654,
offset,calibration,1,1,11,51,1,none,1300000000.000000,2600000000.000000,1.000000,0,0,0.000000,1.000000,nan,1.000000,-0.153352,-0.173209,0.999027,17.484753,nan,1.000000,40.258236,6.395056,
offset,calibration,1,1,12,52,1,none,1300000000.000000,2600000000.000000,1.000000,0,0,0.000000,1.000000,nan,1.000000,-11.117103,-11.126338,0.999649,10.715080,nan,1.000000,40.110565,6.370526,
offset,calibration,1,1,13,53,1,none,1300000000.000000,2600000000.000000,1.000000,0,0,0.000000,1.000000,nan,1.000000,8.411648,8.398144,0.999445,13.367934,nan,1.000000,39.736057,6.308315,
offset,calibration,1,1,14,54,1,none,1300000000.000000,2600000000.000000,1.000000,0,0,0.000000,1.000000,nan,1.000000,-8.530852,-8.534888,0.999714,9.772970,nan,1.000000,40.331882,6.407290,
offset,calibration,1,1,15,55,1,none,1300000000.000000,2600000000.000000,1.000000,0,0,0.000000,1.000000,nan,1.000000,-2.414602,-2.424030,0.999574,11.810018,nan,1.000000,41.143261,6.542070,
offset,calibration,1,1,16,56,1,none,1300000000.000000,2600000000.000000,1.000000,0,0,0.000000,1.000000,nan,1.000000,-6.580853,-6.583392,0.999599,11.606140,nan,1.000000,40.420456,6.422003,
offset,calibration,1,1,17,57,1,none,1300000000.000000,2600000000.000000,1.000000,0,0,0.000000,1.000000,nan,1.000000,-1.079602,-1.099214,0.999096,16.859531,nan,1.000000,40.249454,6.393598,
offset,calibration,1,1,18,58,1,none,1300000000.000000,2600000000.000000,1.000000,0,0,0.000000,1.000000,nan,1.000000,3.762898,3.764040,0.999761,9.015020,nan,1.000000,40.590168,6.450194,
offset,calibration,1,1,19,59,1,none,1300000000.000000,2600000000.000000,1.000000,0,0,0.000000,1.000000,nan,1.000000,0.521648,0.494427,0.998575,20.860523,nan,1.000000,39.996754,6.351621,
offset,calibration,1,1,20,60,1,none,1300000000.000000,2600000000.000000,1.000000,0,0,0.000000,1.000000,nan,1.000000,-4.584602,-4.622158,0.997966,24.417885,nan,1.000000,39.552933,6.277896,
offset,calibration,1,1,21,61,1,none,1300000000.000000,2600000000.000000,1.000000,0,0,0.000000,1.000000,nan,1.000000,-14.772102,-14.795519,0.998950,18.042831,nan,1.000000,40.194424,6.384456,
offset,calibration,1,1,22,62,1,none,1300000000.000000,2600000000.000000,1.000000,0,0,0.000000,1.000000,nan,1.000000,-5.654603,-5.655365,0.999848,7.171733,nan,1.000000,40.191452,6.383963,
offset,calibration,1,1,23,63,1,none,1300000000.000000,2600000000.000000,1.000000,0,0,0.000000,1.000000,nan,1.000000,7.874148,7.858030,0.999257,15.387953,nan,1.000000,40.215042,6.387881,
offset,calibration,1,1,24,64,1,none,1300000000.000000,2600000000.000000,1.000000,0,0,0.000000,1.000000,nan,1.000000,-12.408352,-12.408964,0.999805,8.121921,nan,1.000000,40.674870,6.464264,
offset,calibration,1,1,25,65,1,none,1300000000.000000,2600000000.000000,1.000000,0,0,0.000000,1.000000,nan,1.000000,-3.032102,-3.036951,0.999680,10.325546,nan,1.000000,40.181190,6.382258,
offset,calibration,1,1,26,66,1,none,1300000000.000000,2600000000.000000,1.000000,0,0,0.000000,1.000000,nan,1.000000,-3.878352,-3.889915,0.999534,12.292224,nan,1.000000,40.195759,6.384678,
offset,calibration,1,1,27,67,1,none,1300000000.000000,2600000000.000000,1.000000,0,0,0.000000,1.000000,nan,1.000000,-11.490852,-11.505364,0.999353,14.411856,nan,1.000000,39.878757,6.332020,
offset,calibration,1,1,28,68,1,none,1300000000.000000,2600000000.000000,1.000000,0,0,0.000000,1.000000,nan,1.000000,-8.309603,-8.309611,0.999778,8.670393,nan,1.000000,40.369480,6.413535,
offset,calibration,1,1,29,69,1,none,1300000000.000000,2600000000.000000,1.000000,0,0,0.000000,1.000000,nan,1.000000,2.209148,2.184342,0.998867,18.689425,nan,1.000000,40.094696,6.367890,
offset,calibration,1,1,30,70,1,none,1300000000.000000,2600000000.000000,1.000000,0,0,0.000000,1.000000,nan,1.000000,-11.417102,-11.422234,0.999740,9.295299,nan,1.000000,39.964256,6.346222,
offset,calibration,2,2,1,71,1,none,1300000000.000000,2600000000.000000,1.000000,0,0,1.500000,1.000000,nan,1.000000,5.312898,5.316514,0.999767,8.941438,-4.458685,1.000000,40.340816,6.408774,
offset,calibration,2,2,2,72,1,none,1300000000.000000,2600000000.000000,1.000000,0,0,1.500000,1.000000,nan,1.000000,6.257898,6.260791,0.999813,7.994632,-4.458685,1.000000,40.220470,6.388783,
offset,calibration,2,2,3,73,1,none,1300000000.000000,2600000000.000000,1.000000,0,0,1.500000,1.000000,nan,1.000000,-8.479602,-8.486904,0.999673,10.381997,-4.458685,1.000000,40.346050,6.409643,
offset,calibration,2,2,4,74,1,none,1300000000.000000,2600000000.000000,1.000000,0,0,1.500000,1.000000,nan,1.000000,-15.212102,-15.239318,0.998545,21.083452,-4.458685,1.000000,39.985619,6.349771,
offset,calibration,2,2,5,75,1,none,1300000000.000000,2600000000.000000,1.000000,0,0,1.500000,1.000000,nan,1.000000,6.512897,6.512393,0.999758,9.040296,-4.458685,1.000000,40.320412,6.405384,
offset,calibration,2,2,6,76,1,none,1300000000.000000,2600000000.000000,1.000000,0,0,1.500000,1.000000,nan,1.000000,-0.068352,-0.076768,0.999671,10.387143,-4.458685,1.000000,39.943493,6.342773,
offset,calibration,2,2,7,77,1,none,1300000000.000000,2600000000.000000,1.000000,0,0,1.500000,1.000000,nan,1.000000,-12.963352,-12.965068,0.999763,8.940507,-4.458685,1.000000,40.034973,6.357969,
offset,calibration,2,2,8,78,1,none,1300000000.000000,2600000000.000000,1.000000,0,0,1.500000,1.000000,nan,1.000000,-0.547102,-0.587693,0.997807,25.201859,-4.458685,1.000000,39.983574,6.349431,
offset,calibration,2,2,9,79,1,none,1300000000.000000,2600000000.000000,1.000000,0,0,1.500000,1.000000,nan,1.000000,6.496648,6.457616,0.997898,24.751423,-4.458685,1.000000,40.198826,6.385187,
offset,calibration,2,2,10,80,1,none,1300000000.000000,2600000000.000000,1.000000,0,0,1.500000,1.000000,nan,1.000000,-16.782103,-16.819778,0.997680,26.078836,-4.458685,1.000000,41.215256,6.554029,
offset,calibration,2,2,11,81,1,none,1300000000.000000,2600000000.000000,1.000000,0,0,1.500000,1.000000,nan,1.000000,-8.268353,-8.284087,0.999336,14.555807,-4.458685,1.000000,40.269821,6.396981,
offset,calibration,2,2,12,82,1,none,1300000000.000000,2600000000.000000,1.000000,0,0,1.500000,1.000000,nan,1.000000,-3.275852,-3.282790,0.999612,11.312454,-4.458685,1.000000,40.215046,6.387882,
offset,calibration,2,2,13,83,1,none,1300000000.000000,2600000000.000000,1.000000,0,0,1.500000,1.000000,nan,1.000000,-4.895852,-4.894429,0.999742,9.378483,-4.458685,1.000000,39.748882,6.310446,
offset,calibration,2,2,14,84,1,none,1300000000.000000,2600000000.000000,1.000000,0,0,1.500000,1.000000,nan,1.000000,4.481647,4.466691,0.999407,13.781480,-4.458685,1.000000,40.730267,6.473466,
offset,calibration,2,2,15,85,1,none,1300000000.000000,2600000000.000000,1.000000,0,0,1.500000,1.000000,nan,1.000000,-10.797102,-10.801009,0.999755,9.040367,-4.458685,1.000000,40.197273,6.384929,
offset,calibration,2,2,16,86,1,none,1300000000.000000,2600000000.000000,1.000000,0,0,1.500000,1.000000,nan,1.000000,-4.458352,-4.488439,0.998525,21.106117,-4.458685,1.000000,39.573040,6.281236,
offset,calibration,2,2,17,87,1,none,1300000000.000000,2600000000.000000,1.000000,0,0,1.500000,1.000000,nan,1.000000,7.225398,7.219709,0.999728,9.502726,-4.458685,1.000000,39.821964,6.322586,
offset,calibration,2,2,18,88,1,none,1300000000.000000,2600000000.000000,1.000000,0,0,1.500000,1.000000,nan,1.000000,-9.705853,-9.705935,0.999702,10.052132,-4.458685,1.000000,40.810238,6.486751,
offset,calibration,2,2,19,89,1,none,1300000000.000000,2600000000.000000,1.000000,0,0,1.500000,1.000000,nan,1.000000,-1.620852,-1.619667,0.999771,8.834046,-4.458685,1.000000,39.973492,6.347756,
offset,calibration,2,2,20,90,1,none,1300000000.000000,2600000000.000000,1.000000,0,0,1.500000,1.000000,nan,1.000000,9.402898,9.401504,0.999781,8.583688,-4.458685,1.000000,39.923359,6.339429,
offset,calibration,2,2,21,91,1,none,1300000000.000000,2600000000.000000,1.000000,0,0,1.500000,1.000000,nan,1.000000,-2.103352,-2.142349,0.997807,25.284121,-4.458685,1.000000,39.719746,6.305606,
offset,calibration,2,2,22,92,1,none,1300000000.000000,2600000000.000000,1.000000,0,0,1.500000,1.000000,nan,1.000000,6.200397,6.188000,0.999409,13.827450,-4.458685,1.000000,39.731937,6.307631,
offset,calibration,2,2,23,93,1,none,1300000000.000000,2600000000.000000,1.000000,0,0,1.500000,1.000000,nan,1.000000,4.392898,4.390195,0.999726,9.589886,-4.458685,1.000000,40.656059,6.461140,
offset,calibration,2,2,24,94,1,none,1300000000.000000,2600000000.000000,1.000000,0,0,1.500000,1.000000,nan,1.000000,-2.572102,-2.600925,0.998432,21.813473,-4.458685,1.000000,40.167530,6.379989,
offset,calibration,2,2,25,95,1,none,1300000000.000000,2600000000.000000,1.000000,0,0,1.500000,1.000000,nan,1.000000,-9.389603,-9.389661,0.999803,8.165865,-4.458685,1.000000,39.934879,6.341342,
offset,calibration,2,2,26,96,1,none,1300000000.000000,2600000000.000000,1.000000,0,0,1.500000,1.000000,nan,1.000000,4.834147,4.816198,0.999131,16.582138,-4.458685,1.000000,39.358078,6.245528,
offset,calibration,2,2,27,97,1,none,1300000000.000000,2600000000.000000,1.000000,0,0,1.500000,1.000000,nan,1.000000,3.082898,3.080063,0.999666,10.591138,-4.458685,1.000000,40.686848,6.466254,
offset,calibration,2,2,28,98,1,none,1300000000.000000,2600000000.000000,1.000000,0,0,1.500000,1.000000,nan,1.000000,0.045398,0.035847,0.999419,13.787635,-4.458685,1.000000,40.544582,6.442622,
offset,calibration,2,2,29,99,1,none,1300000000.000000,2600000000.000000,1.000000,0,0,1.500000,1.000000,nan,1.000000,-9.798352,-9.832002,0.998185,23.245508,-4.458685,1.000000,40.016624,6.354921,
offset,calibration,2,2,30,100,1,none,1300000000.000000,2600000000.000000,1.000000,0,0,1.500000,1.000000,nan,1.000000,6.121648,6.119534,0.999797,8.252529,-4.458685,1.000000,39.969429,6.347082,
offset,calibration,3,3,1,101,1,none,1300000000.000000,2600000000.000000,1.000000,0,0,2.672320,1.000000,nan,1.000000,-6.225852,-6.245362,0.999222,15.644793,-3.349486,1.000000,39.943970,6.342853,
offset,calibration,3,3,2,102,1,none,1300000000.000000,2600000000.000000,1.000000,0,0,2.672320,1.000000,nan,1.000000,-8.727102,-8.764109,0.997797,25.446211,-3.349486,1.000000,39.570675,6.280843,
offset,calibration,3,3,3,103,1,none,1300000000.000000,2600000000.000000,1.000000,0,0,2.672320,1.000000,nan,1.000000,-7.742102,-7.764667,0.998931,18.228292,-3.349486,1.000000,40.646854,6.459610,
offset,calibration,3,3,4,104,1,none,1300000000.000000,2600000000.000000,1.000000,0,0,2.672320,1.000000,nan,1.000000,-5.679602,-5.693492,0.999459,13.188865,-3.349486,1.000000,39.648148,6.293713,
offset,calibration,3,3,5,105,1,none,1300000000.000000,2600000000.000000,1.000000,0,0,2.672320,1.000000,nan,1.000000,-3.963352,-3.971842,0.999609,11.335505,-3.349486,1.000000,39.732529,6.307729,
offset,calibration,3,3,6,106,1,none,1300000000.000000,2600000000.000000,1.000000,0,0,2.672320,1.000000,nan,1.000000,5.147898,5.148777,0.999716,9.825502,-3.349486,1.000000,40.109756,6.370392,
offset,calibration,3,3,7,107,1,none,1300000000.000000,2600000000.000000,1.000000,0,0,2.672320,1.000000,nan,1.000000,8.296648,8.283298,0.999441,13.416673,-3.349486,1.000000,40.198074,6.385063,
offset,calibration,3,3,8,108,1,none,1300000000.000000,2600000000.000000,1.000000,0,0,2.672320,1.000000,nan,1.000000,-8.452103,-8.450256,0.999737,9.478133,-3.349486,1.000000,40.585613,6.449438,
offset,calibration,3,3,9,109,1,none,1300000000.000000,2600000000.000000,1.000000,0,0,2.672320,1.000000,nan,1.000000,-11.378352,-11.384809,0.999576,11.837340,-3.349486,1.000000,40.268597,6.396777,
offset,calibration,3,3,10,110,1,none,1300000000.000000,2600000000.000000,1.000000,0,0,2.672320,1.000000,nan,1.000000,-2.712102,-2.747312,0.997914,24.850214,-3.349486,1.000000,39.753395,6.311195,
offset,calibration,3,3,11,111,1,none,1300000000.000000,2600000000.000000,1.000000,0,0,2.672320,1.000000,nan,1.000000,0.717898,0.718858,0.999797,8.309207,-3.349486,1.000000,40.989143,6.516469,
offset,calibration,3,3,12,112,1,none,1300000000.000000,2600000000.000000,1.000000,0,0,2.672320,1.000000,nan,1.000000,5.352898,5.353430,0.999784,8.565555,-3.349486,1.000000,39.647671,6.293633,
offset,calibration,3,3,13,113,1,none,1300000000.000000,2600000000.000000,1.000000,0,0,2.672320,1.000000,nan,1.000000,5.605398,5.602426,0.999769,8.799515,-3.349486,1.000000,39.977894,6.348488,
offset,calibration,3,3,14,114,1,none,1300000000.000000,2600000000.000000,1.000000,0,0,2.672320,1.000000,nan,1.000000,0.794148,0.790671,0.999757,9.010482,-3.349486,1.000000,40.317001,6.404818,
offset,calibration,3,3,15,115,1,none,1300000000.000000,2600000000.000000,1.000000,0,0,2.672320,1.000000,nan,1.000000,6.932898,6.927239,0.999717,9.691757,-3.349486,1.000000,40.504421,6.435951,
offset,calibration,3,3,16,116,1,none,1300000000.000000,2600000000.000000,1.000000,0,0,2.672320,1.000000,nan,1.000000,-2.272102,-2.270191,0.999774,8.789602,-3.349486,1.000000,40.301804,6.402293,
offset,calibration,3,3,17,117,1,none,1300000000.000000,2600000000.000000,1.000000,0,0,2.672320,1.000000,nan,1.000000,-4.774602,-4.781759,0.999645,10.818771,-3.349486,1.000000,40.058853,6.361936,
offset,calibration,3,3,18,118,1,none,1300000000.000000,2600000000.000000,1.000000,0,0,2.672320,1.000000,nan,1.000000,-7.837102,-7.834548,0.999866,6.773129,-3.349486,1.000000,40.072048,6.364128,
offset,calibration,3,3,19,119,1,none,1300000000.000000,2600000000.000000,1.000000,0,0,2.672320,1.000000,nan,1.000000,-8.707103,-8.708763,0.999783,8.556373,-3.349486,1.000000,40.030895,6.357292,
offset,calibration,3,3,20,120,1,none,1300000000.000000,2600000000.000000,1.000000,0,0,2.672320,1.000000,nan,1.000000,-3.439602,-3.479091,0.997633,26.246771,-3.349486,1.000000,40.672493,6.463870,
offset,calibration,3,3,21,121,1,none,1300000000.000000,2600000000.000000,1.000000,0,0,2.672320,1.000000,nan,1.000000,12.454147,12.447295,0.999606,11.407092,-3.349486,1.000000,40.373245,6.414161,
offset,calibration,3,3,22,122,1,none,1300000000.000000,2600000000.000000,1.000000,0,0,2.672320,1.000000,nan,1.000000,1.372898,1.354762,0.999249,15.407568,-3.349486,1.000000,39.867626,6.330171,
offset,calibration,3,3,23,123,1,none,1300000000.000000,2600000000.000000,1.000000,0,0,2.672320,1.000000,nan,1.000000,-11.452103,-11.449530,0.999735,9.529268,-3.349486,1.000000,40.085583,6.366376,
offset,calibration,3,3,24,124,1,none,1300000000.000000,2600000000.000000,1.000000,0,0,2.672320,1.000000,nan,1.000000,1.055398,1.049174,0.999604,11.449659,-3.349486,1.000000,40.543709,6.442477,
offset,calibration,3,3,25,125,1,none,1300000000.000000,2600000000.000000,1.000000,0,0,2.672320,1.000000,nan,1.000000,7.770398,7.764566,0.999790,8.338193,-3.349486,1.000000,40.700737,6.468561,
offset,calibration,3,3,26,126,1,none,1300000000.000000,2600000000.000000,1.000000,0,0,2.672320,1.000000,nan,1.000000,-6.405852,-6.405829,0.999703,10.030698,-3.349486,1.000000,41.269169,6.562985,
offset,calibration,3,3,27,127,1,none,1300000000.000000,2600000000.000000,1.000000,0,0,2.672320,1.000000,nan,1.000000,0.889148,0.853651,0.998208,23.010834,-3.349486,1.000000,40.857956,6.494678,
offset,calibration,3,3,28,128,1,none,1300000000.000000,2600000000.000000,1.000000,0,0,2.672320,1.000000,nan,1.000000,6.200397,6.168154,0.998197,23.238098,-3.349486,1.000000,39.946476,6.343269,
offset,calibration,3,3,29,129,1,none,1300000000.000000,2600000000.000000,1.000000,0,0,2.672320,1.000000,nan,1.000000,0.930398,0.916731,0.999480,12.931759,-3.349486,1.000000,40.765221,6.479273,
offset,calibration,3,3,30,130,1,none,1300000000.000000,2600000000.000000,1.000000,0,0,2.672320,1.000000,nan,1.000000,10.255398,10.231332,0.998822,19.083654,-3.349486,1.000000,40.274891,6.397823,
offset,calibration,4,4,1,131,1,none,1300000000.000000,2600000000.000000,1.000000,0,0,3.497013,1.000000,nan,1.000000,-5.552102,-5.559005,0.999632,11.022462,-2.356266,1.000000,40.234657,6.391140,
offset,calibration,4,4,2,132,1,none,1300000000.000000,2600000000.000000,1.000000,0,0,3.497013,1.000000,nan,1.000000,0.989148,0.958303,0.998339,22.361834,-2.356266,1.000000,39.507362,6.270326,
offset,calibration,4,4,3,133,1,none,1300000000.000000,2600000000.000000,1.000000,0,0,3.497013,1.000000,nan,1.000000,-14.772102,-14.804344,0.998217,23.105339,-2.356266,1.000000,40.022888,6.355962,
offset,calibration,4,4,4,134,1,none,1300000000.000000,2600000000.000000,1.000000,0,0,3.497013,1.000000,nan,1.000000,-1.624602,-1.625319,0.999727,9.605039,-2.356266,1.000000,39.928158,6.340226,
offset,calibration,4,4,5,135,1,none,1300000000.000000,2600000000.000000,1.000000,0,0,3.497013,1.000000,nan,1.000000,-2.889602,-2.888977,0.999827,7.666859,-2.356266,1.000000,40.695953,6.467767,
offset,calibration,4,4,6,136,1,none,1300000000.000000,2600000000.000000,1.000000,0,0,3.497013,1.000000,nan,1.000000,9.266647,9.266370,0.999782,8.597144,-2.356266,1.000000,40.574989,6.447673,
offset,calibration,4,4,7,137,1,none,1300000000.000000,2600000000.000000,1.000000,0,0,3.497013,1.000000,nan,1.000000,-3.772102,-3.777682,0.999618,11.261810,-2.356266,1.000000,41.155128,6.544042,
offset,calibration,4,4,8,138,1,none,1300000000.000000,2600000000.000000,1.000000,0,0,3.497013,1.000000,nan,1.000000,-14.342102,-14.358207,0.999364,14.235262,-2.356266,1.000000,39.553551,6.277999,
offset,calibration,4,4,9,139,1,none,1300000000.000000,2600000000.000000,1.000000,0,0,3.497013,1.000000,nan,1.000000,-4.025852,-4.059026,0.998159,23.435406,-2.356266,1.000000,39.666206,6.296712,
offset,calibration,4,4,10,140,1,none,1300000000.000000,2600000000.000000,1.000000,0,0,3.497013,1.000000,nan,1.000000,0.349148,0.320010,0.998568,20.832638,-2.356266,1.000000,39.983978,6.349498,
offset,calibration,4,4,11,141,1,none,1300000000.000000,2600000000.000000,1.000000,0,0,3.497013,1.000000,nan,1.000000,7.210398,7.197563,0.999412,13.775324,-2.356266,1.000000,40.198608,6.385151,
offset,calibration,4,4,12,142,1,none,1300000000.000000,2600000000.000000,1.000000,0,0,3.497013,1.000000,nan,1.000000,6.151648,6.130880,0.999039,17.345890,-2.356266,1.000000,39.810833,6.320737,
offset,calibration,4,4,13,143,1,none,1300000000.000000,2600000000.000000,1.000000,0,0,3.497013,1.000000,nan,1.000000,0.704148,0.695430,0.999456,13.361196,-2.356266,1.000000,39.839096,6.325431,
offset,calibration,4,4,14,144,1,none,1300000000.000000,2600000000.000000,1.000000,0,0,3.497013,1.000000,nan,1.000000,-8.442102,-8.440341,0.999738,9.463574,-2.356266,1.000000,40.351295,6.410514,
offset,calibration,4,4,15,145,1,none,1300000000.000000,2600000000.000000,1.000000,0,0,3.497013,1.000000,nan,1.000000,-13.863353,-13.882880,0.999212,15.742230,-2.356266,1.000000,39.922523,6.339290,
offset,calibration,4,4,16,146,1,none,1300000000.000000,2600000000.000000,1.000000,0,0,3.497013,1.000000,nan,1.000000,-1.517102,-1.517250,0.999806,8.113362,-2.356266,1.000000,40.016628,6.354922,
offset,calibration,4,4,17,147,1,none,1300000000.000000,2600000000.000000,1.000000,0,0,3.497013,1.000000,nan,1.000000,2.812898,2.787255,0.998807,19.147747,-2.356266,1.000000,40.261341,6.395572,
offset,calibration,4,4,18,148,1,none,1300000000.000000,2600000000.000000,1.000000,0,0,3.497013,1.000000,nan,1.000000,-3.653352,-3.661495,0.999655,10.641600,-2.356266,1.000000,39.613262,6.287918,
offset,calibration,4,4,19,149,1,none,1300000000.000000,2600000000.000000,1.000000,0,0,3.497013,1.000000,nan,1.000000,-1.480852,-1.482653,0.999774,8.716832,-2.356266,1.000000,40.095776,6.368069,
offset,calibration,4,4,20,150,1,none,1300000000.000000,2600000000.000000,1.000000,0,0,3.497013,1.000000,nan,1.000000,6.726648,6.709512,0.999250,15.435162,-2.356266,1.000000,40.134022,6.374423,
offset,calibration,4,4,21,151,1,none,1300000000.000000,2600000000.000000,1.000000,0,0,3.497013,1.000000,nan,1.000000,6.604148,6.572891,0.998432,21.708330,-2.356266,1.000000,40.200554,6.385474,
offset,calibration,4,4,22,152,1,none,1300000000.000000,2600000000.000000,1.000000,0,0,3.497013,1.000000,nan,1.000000,-5.524602,-5.529825,0.999650,10.787476,-2.356266,1.000000,40.630772,6.456939,
offset,calibration,4,4,23,153,1,none,1300000000.000000,2600000000.000000,1.000000,0,0,3.497013,1.000000,nan,1.000000,7.769148,7.767282,0.999761,8.972384,-2.356266,1.000000,39.973892,6.347823,
offset,calibration,4,4,24,154,1,none,1300000000.000000,2600000000.000000,1.000000,0,0,3.497013,1.000000,nan,1.000000,-6.768353,-6.768809,0.999817,7.860239,-2.356266,1.000000,39.791805,6.317576,
offset,calibration,4,4,25,155,1,none,1300000000.000000,2600000000.000000,1.000000,0,0,3.497013,1.000000,nan,1.000000,-2.714602,-2.718219,0.999726,9.578393,-2.356266,1.000000,40.022034,6.355820,
offset,calibration,4,4,26,156,1,none,1300000000.000000,2600000000.000000,1.000000,0,0,3.497013,1.000000,nan,1.000000,5.091648,5.079014,0.999436,13.504477,-2.356266,1.000000,40.292248,6.400706,
offset,calibration,4,4,27,157,1,none,1300000000.000000,2600000000.000000,1.000000,0,0,3.497013,1.000000,nan,1.000000,-2.935852,-2.938323,0.999676,10.439875,-2.356266,1.000000,39.826405,6.323323,
offset,calibration,4,4,28,158,1,none,1300000000.000000,2600000000.000000,1.000000,0,0,3.497013,1.000000,nan,1.000000,2.386648,2.357873,0.998629,20.395458,-2.356266,1.000000,40.241734,6.392315,
offset,calibration,4,4,29,159,1,none,1300000000.000000,2600000000.000000,1.000000,0,0,3.497013,1.000000,nan,1.000000,-6.482102,-6.487025,0.999676,10.386691,-2.356266,1.000000,40.185200,6.382924,
offset,calibration,4,4,30,160,1,none,1300000000.000000,2600000000.000000,1.000000,0,0,3.497013,1.000000,nan,1.000000,-10.652102,-10.686625,0.998187,23.193520,-2.356266,1.000000,39.827316,6.323475,
offset,calibration,5,5,1,161,1,none,1300000000.000000,2600000000.000000,1.000000,0,0,4.248265,1.000000,nan,1.000000,-7.752102,-7.760186,0.999695,10.008353,-2.146434,1.000000,39.938248,6.341902,
offset,calibration,5,5,2,162,1,none,1300000000.000000,2600000000.000000,1.000000,0,0,4.248265,1.000000,nan,1.000000,3.331648,3.311044,0.999011,17.605644,-2.146434,1.000000,40.044338,6.359525,
offset,calibration,5,5,3,163,1,none,1300000000.000000,2600000000.000000,1.000000,0,0,4.248265,1.000000,nan,1.000000,-8.679603,-8.704461,0.998777,19.414349,-2.146434,1.000000,40.317501,6.404901,
offset,calibration,5,5,4,164,1,none,1300000000.000000,2600000000.000000,1.000000,0,0,4.248265,1.000000,nan,1.000000,-5.743352,-5.741306,0.999734,9.528058,-2.146434,1.000000,39.639473,6.292272,
offset,calibration,5,5,5,165,1,none,1300000000.000000,2600000000.000000,1.000000,0,0,4.248265,1.000000,nan,1.000000,-7.069602,-7.072423,0.999727,9.566434,-2.146434,1.000000,40.642815,6.458940,
offset,calibration,5,5,6,166,1,none,1300000000.000000,2600000000.000000,1.000000,0,0,4.248265,1.000000,nan,1.000000,4.789148,4.787987,0.999747,9.246088,-2.146434,1.000000,40.688141,6.466469,
offset,calibration,5,5,7,167,1,none,1300000000.000000,2600000000.000000,1.000000,0,0,4.248265,1.000000,nan,1.000000,-5.732102,-5.743500,0.999492,12.842557,-2.146434,1.000000,40.234947,6.391188,
offset,calibration,5,5,8,168,1,none,1300000000.000000,2600000000.000000,1.000000,0,0,4.248265,1.000000,nan,1.000000,1.672898,1.651743,0.999002,17.665842,-2.146434,1.000000,40.539314,6.441747,
offset,calibration,5,5,9,169,1,none,1300000000.000000,2600000000.000000,1.000000,0,0,4.248265,1.000000,nan,1.000000,2.640398,2.626411,0.999452,13.273110,-2.146434,1.000000,40.560108,6.445201,
offset,calibration,5,5,10,170,1,none,1300000000.000000,2600000000.000000,1.000000,0,0,4.248265,1.000000,nan,1.000000,11.151648,11.126531,0.998811,19.132393,-2.146434,1.000000,40.106441,6.369841,
offset,calibration,5,5,11,171,1,none,1300000000.000000,2600000000.000000,1.000000,0,0,4.248265,1.000000,nan,1.000000,10.014148,10.011887,0.999778,8.646315,-2.146434,1.000000,40.585747,6.449460,
offset,calibration,5,5,12,172,1,none,1300000000.000000,2600000000.000000,1.000000,0,0,4.248265,1.000000,nan,1.000000,2.104148,2.071977,0.998330,22.367207,-2.146434,1.000000,39.993584,6.351094,
offset,calibration,5,5,13,173,1,none,1300000000.000000,2600000000.000000,1.000000,0,0,4.248265,1.000000,nan,1.000000,-5.742102,-5.777130,0.998106,23.684937,-2.146434,1.000000,39.953678,6.344465,
offset,calibration,5,5,14,174,1,none,1300000000.000000,2600000000.000000,1.000000,0,0,4.248265,1.000000,nan,1.000000,1.377898,1.375280,0.999707,9.925951,-2.146434,1.000000,39.764721,6.313077,
offset,calibration,5,5,15,175,1,none,1300000000.000000,2600000000.000000,1.000000,0,0,4.248265,1.000000,nan,1.000000,-1.807102,-1.840391,0.998243,22.891691,-2.146434,1.000000,40.410725,6.420386,
offset,calibration,5,5,16,176,1,none,1300000000.000000,2600000000.000000,1.000000,0,0,4.248265,1.000000,nan,1.000000,7.662898,7.633090,0.998548,20.952049,-2.146434,1.000000,40.253590,6.394284,
offset,calibration,5,5,17,177,1,none,1300000000.000000,2600000000.000000,1.000000,0,0,4.248265,1.000000,nan,1.000000,-12.547102,-12.547708,0.999769,8.838726,-2.146434,1.000000,41.097836,6.534524,
offset,calibration,5,5,18,178,1,none,1300000000.000000,2600000000.000000,1.000000,0,0,4.248265,1.000000,nan,1.000000,-9.195852,-9.198783,0.999765,8.867586,-2.146434,1.000000,40.601749,6.452118,
offset,calibration,5,5,19,179,1,none,1300000000.000000,2600000000.000000,1.000000,0,0,4.248265,1.000000,nan,1.000000,-9.575852,-9.579774,0.999699,10.020871,-2.146434,1.000000,40.456886,6.428054,
offset,calibration,5,5,20,180,1,none,1300000000.000000,2600000000.000000,1.000000,0,0,4.248265,1.000000,nan,1.000000,-8.212102,-8.217270,0.999684,10.242957,-2.146434,1.000000,39.675175,6.298202,
offset,calibration,5,5,21,181,1,none,1300000000.000000,2600000000.000000,1.000000,0,0,4.248265,1.000000,nan,1.000000,-5.118352,-5.119389,0.999749,9.199806,-2.146434,1.000000,40.036057,6.358149,
offset,calibration,5,5,22,182,1,none,1300000000.000000,2600000000.000000,1.000000,0,0,4.248265,1.000000,nan,1.000000,2.510398,2.512604,0.999792,8.431995,-2.146434,1.000000,40.274521,6.397761,
offset,calibration,5,5,23,183,1,none,1300000000.000000,2600000000.000000,1.000000,0,0,4.248265,1.000000,nan,1.000000,7.640398,7.635657,0.999633,11.052353,-2.146434,1.000000,39.716431,6.305055,
offset,calibration,5,5,24,184,1,none,1300000000.000000,2600000000.000000,1.000000,0,0,4.248265,1.000000,nan,1.000000,-9.135852,-9.153052,0.999199,15.948266,-2.146434,1.000000,40.244457,6.392767,
offset,calibration,5,5,25,185,1,none,1300000000.000000,2600000000.000000,1.000000,0,0,4.248265,1.000000,nan,1.000000,-5.297102,-5.301937,0.999704,9.924837,-2.146434,1.000000,40.495602,6.434485,
offset,calibration,5,5,26,186,1,none,1300000000.000000,2600000000.000000,1.000000,0,0,4.248265,1.000000,nan,1.000000,9.057898,9.024256,0.998467,21.358540,-2.146434,1.000000,40.772789,6.480530,
offset,calibration,5,5,27,187,1,none,1300000000.000000,2600000000.000000,1.000000,0,0,4.248265,1.000000,nan,1.000000,2.126648,2.089936,0.997968,24.449591,-2.146434,1.000000,39.886330,6.333278,
offset,calibration,5,5,28,188,1,none,1300000000.000000,2600000000.000000,1.000000,0,0,4.248265,1.000000,nan,1.000000,-3.903352,-3.923762,0.999140,16.416626,-2.146434,1.000000,41.226746,6.555938,
offset,calibration,5,5,29,189,1,none,1300000000.000000,2600000000.000000,1.000000,0,0,4.248265,1.000000,nan,1.000000,-0.487102,-0.502902,0.999255,15.422834,-2.146434,1.000000,39.737263,6.308516,
offset,calibration,5,5,30,190,1,none,1300000000.000000,2600000000.000000,1.000000,0,0,4.248265,1.000000,nan,1.000000,-10.570852,-10.576811,0.999708,9.834877,-2.146434,1.000000,40.197693,6.384999,
offset,calibration,6,6,1,191,1,none,1300000000.000000,2600000000.000000,1.000000,0,0,4.934633,1.000000,nan,1.000000,7.581648,7.571098,0.999597,11.449068,-1.961051,1.000000,40.021961,6.355808,
offset,calibration,6,6,2,192,1,none,1300000000.000000,2600000000.000000,1.000000,0,0,4.934633,1.000000,nan,1.000000,-2.377102,-2.405245,0.998584,20.754961,-1.961051,1.000000,39.838257,6.325292,
offset,calibration,6,6,3,193,1,none,1300000000.000000,2600000000.000000,1.000000,0,0,4.934633,1.000000,nan,1.000000,1.816648,1.809407,0.999598,11.518337,-1.961051,1.000000,40.067200,6.363323,
offset,calibration,6,6,4,194,1,none,1300000000.000000,2600000000.000000,1.000000,0,0,4.934633,1.000000,nan,1.000000,4.307898,4.300116,0.999645,10.811659,-1.961051,1.000000,39.673355,6.297900,
offset,calibration,6,6,5,195,1,none,1300000000.000000,2600000000.000000,1.000000,0,0,4.934633,1.000000,nan,1.000000,11.359148,11.325881,0.998121,23.670614,-1.961051,1.000000,39.791203,6.317476,
offset,calibration,6,6,6,196,1,none,1300000000.000000,2600000000.000000,1.000000,0,0,4.934633,1.000000,nan,1.000000,9.136647,9.133208,0.999759,8.987154,-1.961051,1.000000,40.432636,6.424026,
offset,calibration,6,6,7,197,1,none,1300000000.000000,2600000000.000000,1.000000,0,0,4.934633,1.000000,nan,1.000000,-0.225852,-0.230577,0.999778,8.602642,-1.961051,1.000000,40.487545,6.433147,
offset,calibration,6,6,8,198,1,none,1300000000.000000,2600000000.000000,1.000000,0,0,4.934633,1.000000,nan,1.000000,-3.789602,-3.794837,0.999816,7.822834,-1.961051,1.000000,40.844498,6.492442,
offset,calibration,6,6,9,199,1,none,1300000000.000000,2600000000.000000,1.000000,0,0,4.934633,1.000000,nan,1.000000,5.130398,5.091517,0.997842,25.088289,-1.961051,1.000000,40.133198,6.374286,
offset,calibration,6,6,10,200,1,none,1300000000.000000,2600000000.000000,1.000000,0,0,4.934633,1.000000,nan,1.000000,-7.160852,-7.159753,0.999797,8.316916,-1.961051,1.000000,40.832706,6.490483,
offset,calibration,6,6,11,201,1,none,1300000000.000000,2600000000.000000,1.000000,0,0,4.934633,1.000000,nan,1.000000,-6.618352,-6.645932,0.998683,20.040945,-1.961051,1.000000,39.754082,6.311309,
offset,calibration,6,6,12,202,1,none,1300000000.000000,2600000000.000000,1.000000,0,0,4.934633,1.000000,nan,1.000000,0.569148,0.565852,0.999696,10.085648,-1.961051,1.000000,39.723328,6.306201,
offset,calibration,6,6,13,203,1,none,1300000000.000000,2600000000.000000,1.000000,0,0,4.934633,1.000000,nan,1.000000,-7.984602,-7.980602,0.999759,9.102880,-1.961051,1.000000,40.285141,6.399525,
offset,calibration,6,6,14,204,1,none,1300000000.000000,2600000000.000000,1.000000,0,0,4.934633,1.000000,nan,1.000000,2.535398,2.522310,0.999454,13.271557,-1.961051,1.000000,40.825920,6.489356,
offset,calibration,6,6,15,205,1,none,1300000000.000000,2600000000.000000,1.000000,0,0,4.934633,1.000000,nan,1.000000,4.439147,4.420169,0.999128,16.585777,-1.961051,1.000000,40.057919,6.361781,
offset,calibration,6,6,16,206,1,none,1300000000.000000,2600000000.000000,1.000000,0,0,4.934633,1.000000,nan,1.000000,-6.945852,-6.944850,0.999840,7.367249,-1.961051,1.000000,40.665268,6.462669,
offset,calibration,6,6,17,207,1,none,1300000000.000000,2600000000.000000,1.000000,0,0,4.934633,1.000000,nan,1.000000,-7.384603,-7.387483,0.999734,9.452778,-1.961051,1.000000,40.439121,6.425104,
offset,calibration,6,6,18,208,1,none,1300000000.000000,2600000000.000000,1.000000,0,0,4.934633,1.000000,nan,1.000000,-8.805852,-8.809988,0.999761,8.930146,-1.961051,1.000000,40.257847,6.394991,
offset,calibration,6,6,19,209,1,none,1300000000.000000,2600000000.000000,1.000000,0,0,4.934633,1.000000,nan,1.000000,4.182898,4.151096,0.998382,22.028631,-1.961051,1.000000,39.585384,6.283287,
offset,calibration,6,6,20,210,1,none,1300000000.000000,2600000000.000000,1.000000,0,0,4.934633,1.000000,nan,1.000000,8.081648,8.059830,0.998973,17.893314,-1.961051,1.000000,39.928192,6.340231,
offset,calibration,6,6,21,211,1,none,1300000000.000000,2600000000.000000,1.000000,0,0,4.934633,1.000000,nan,1.000000,0.971648,0.936429,0.998000,24.331038,-1.961051,1.000000,39.130909,6.207792,
offset,calibration,6,6,22,212,1,none,1300000000.000000,2600000000.000000,1.000000,0,0,4.934633,1.000000,nan,1.000000,-8.509603,-8.537185,0.998847,18.751554,-1.961051,1.000000,40.550919,6.443675,
offset,calibration,6,6,23,213,1,none,1300000000.000000,2600000000.000000,1.000000,0,0,4.934633,1.000000,nan,1.000000,11.199147,11.191086,0.999660,10.565650,-1.961051,1.000000,39.860611,6.329005,
offset,calibration,6,6,24,214,1,none,1300000000.000000,2600000000.000000,1.000000,0,0,4.934633,1.000000,nan,1.000000,-11.482102,-11.490268,0.999665,10.487208,-1.961051,1.000000,40.478462,6.431639,
offset,calibration,6,6,25,215,1,none,1300000000.000000,2600000000.000000,1.000000,0,0,4.934633,1.000000,nan,1.000000,-1.983352,-1.988079,0.999722,9.612494,-1.961051,1.000000,40.939251,6.508182,
offset,calibration,6,6,26,216,1,none,1300000000.000000,2600000000.000000,1.000000,0,0,4.934633,1.000000,nan,1.000000,-5.168352,-5.201399,0.998043,24.170610,-1.961051,1.000000,39.733345,6.307865,
offset,calibration,6,6,27,217,1,none,1300000000.000000,2600000000.000000,1.000000,0,0,4.934633,1.000000,nan,1.000000,-5.530852,-5.543591,0.999438,13.469066,-1.961051,1.000000,40.938114,6.507993,
offset,calibration,6,6,28,218,1,none,1300000000.000000,2600000000.000000,1.000000,0,0,4.934633,1.000000,nan,1.000000,4.900398,4.900352,0.999763,8.956059,-1.961051,1.000000,40.712006,6.470433,
offset,calibration,6,6,29,219,1,none,1300000000.000000,2600000000.000000,1.000000,0,0,4.934633,1.000000,nan,1.000000,12.616648,12.600923,0.999273,15.240822,-1.961051,1.000000,39.882198,6.332592,
offset,calibration,6,6,30,220,1,none,1300000000.000000,2600000000.000000,1.000000,0,0,4.934633,1.000000,nan,1.000000,-5.790853,-5.788951,0.999772,8.829448,-1.961051,1.000000,40.756317,6.477794,
offset,calibration,7,7,1,221,1,none,1300000000.000000,2600000000.000000,1.000000,0,0,5.350791,1.000000,nan,1.000000,7.462898,7.426161,0.997888,24.924946,-1.189022,1.000000,40.986008,6.515948,
offset,calibration,7,7,2,222,1,none,1300000000.000000,2600000000.000000,1.000000,0,0,5.350791,1.000000,nan,1.000000,-6.579602,-6.582597,0.999619,11.307798,-1.189022,1.000000,39.520443,6.272499,
offset,calibration,7,7,3,223,1,none,1300000000.000000,2600000000.000000,1.000000,0,0,5.350791,1.000000,nan,1.000000,5.564147,5.553655,0.999621,11.103251,-1.189022,1.000000,40.018471,6.355228,
offset,calibration,7,7,4,224,1,none,1300000000.000000,2600000000.000000,1.000000,0,0,5.350791,1.000000,nan,1.000000,1.049148,1.019941,0.998610,20.523062,-1.189022,1.000000,40.296242,6.401370,
offset,calibration,7,7,5,225,1,none,1300000000.000000,2600000000.000000,1.000000,0,0,5.350791,1.000000,nan,1.000000,-7.949602,-7.954622,0.999687,10.197988,-1.189022,1.000000,40.082195,6.365813,
offset,calibration,7,7,6,226,1,none,1300000000.000000,2600000000.000000,1.000000,0,0,5.350791,1.000000,nan,1.000000,6.509148,6.511336,0.999784,8.596697,-1.189022,1.000000,40.012077,6.354166,
offset,calibration,7,7,7,227,1,none,1300000000.000000,2600000000.000000,1.000000,0,0,5.350791,1.000000,nan,1.000000,3.261648,3.233415,0.998784,19.229105,-1.189022,1.000000,40.277573,6.398268,
offset,calibration,7,7,8,228,1,none,1300000000.000000,2600000000.000000,1.000000,0,0,5.350791,1.000000,nan,1.000000,6.734148,6.725101,0.999689,10.092765,-1.189022,1.000000,40.726433,6.472830,
offset,calibration,7,7,9,229,1,none,1300000000.000000,2600000000.000000,1.000000,0,0,5.350791,1.000000,nan,1.000000,2.144148,2.111107,0.998347,22.207970,-1.189022,1.000000,40.369396,6.413521,
offset,calibration,7,7,10,230,1,none,1300000000.000000,2600000000.000000,1.000000,0,0,5.350791,1.000000,nan,1.000000,-9.193353,-9.196402,0.999767,8.828729,-1.189022,1.000000,40.048672,6.360245,
offset,calibration,7,7,11,231,1,none,1300000000.000000,2600000000.000000,1.000000,0,0,5.350791,1.000000,nan,1.000000,-8.643353,-8.644504,0.999761,8.989043,-1.189022,1.000000,40.134762,6.374546,
offset,calibration,7,7,12,232,1,none,1300000000.000000,2600000000.000000,1.000000,0,0,5.350791,1.000000,nan,1.000000,-9.644603,-9.652673,0.999667,10.465627,-1.189022,1.000000,40.661327,6.462015,
offset,calibration,7,7,13,233,1,none,1300000000.000000,2600000000.000000,1.000000,0,0,5.350791,1.000000,nan,1.000000,3.472898,3.466368,0.999763,8.844880,-1.189022,1.000000,40.021992,6.355813,
offset,calibration,7,7,14,234,1,none,1300000000.000000,2600000000.000000,1.000000,0,0,5.350791,1.000000,nan,1.000000,-9.998352,-9.996633,0.999750,9.232859,-1.189022,1.000000,40.358383,6.411692,
offset,calibration,7,7,15,235,1,none,1300000000.000000,2600000000.000000,1.000000,0,0,5.350791,1.000000,nan,1.000000,7.727898,7.719907,0.999649,10.750628,-1.189022,1.000000,40.449440,6.426817,
offset,calibration,7,7,16,236,1,none,1300000000.000000,2600000000.000000,1.000000,0,0,5.350791,1.000000,nan,1.000000,0.291648,0.268410,0.998876,18.673529,-1.189022,1.000000,39.542675,6.276192,
offset,calibration,7,7,17,237,1,none,1300000000.000000,2600000000.000000,1.000000,0,0,5.350791,1.000000,nan,1.000000,10.615397,10.613120,0.999817,7.851000,-1.189022,1.000000,40.395557,6.417867,
offset,calibration,7,7,18,238,1,none,1300000000.000000,2600000000.000000,1.000000,0,0,5.350791,1.000000,nan,1.000000,10.386647,10.379580,0.999746,9.158336,-1.189022,1.000000,39.718540,6.305406,
offset,calibration,7,7,19,239,1,none,1300000000.000000,2600000000.000000,1.000000,0,0,5.350791,1.000000,nan,1.000000,-10.334602,-10.339451,0.999697,10.044584,-1.189022,1.000000,40.012573,6.354249,
offset,calibration,7,7,20,240,1,none,1300000000.000000,2600000000.000000,1.000000,0,0,5.350791,1.000000,nan,1.000000,13.176648,13.175385,0.999695,10.146560,-1.189022,1.000000,41.195274,6.550710,
offset,calibration,7,7,21,241,1,none,1300000000.000000,2600000000.000000,1.000000,0,0,5.350791,1.000000,nan,1.000000,-2.198352,-2.230594,0.998510,21.116358,-1.189022,1.000000,39.385239,6.250040,
offset,calibration,7,7,22,242,1,none,1300000000.000000,2600000000.000000,1.000000,0,0,5.350791,1.000000,nan,1.000000,-8.003352,-8.004184,0.999772,8.771354,-1.189022,1.000000,40.155815,6.378043,
offset,calibration,7,7,23,243,1,none,1300000000.000000,2600000000.000000,1.000000,0,0,5.350791,1.000000,nan,1.000000,16.240398,16.224077,0.999314,14.785698,-1.189022,1.000000,39.793175,6.317803,
offset,calibration,7,7,24,244,1,none,1300000000.000000,2600000000.000000,1.000000,0,0,5.350791,1.000000,nan,1.000000,6.891648,6.854758,0.998158,23.266088,-1.189022,1.000000,40.234966,6.391191,
offset,calibration,7,7,25,245,1,none,1300000000.000000,2600000000.000000,1.000000,0,0,5.350791,1.000000,nan,1.000000,-7.689602,-7.713701,0.998923,18.244265,-1.189022,1.000000,40.689064,6.466622,
offset,calibration,7,7,26,246,1,none,1300000000.000000,2600000000.000000,1.000000,0,0,5.350791,1.000000,nan,1.000000,-4.297102,-4.316463,0.999117,16.675966,-1.189022,1.000000,40.139202,6.375283,
offset,calibration,7,7,27,247,1,none,1300000000.000000,2600000000.000000,1.000000,0,0,5.350791,1.000000,nan,1.000000,-3.523352,-3.538106,0.999351,14.417576,-1.189022,1.000000,39.988365,6.350227,
offset,calibration,7,7,28,248,1,none,1300000000.000000,2600000000.000000,1.000000,0,0,5.350791,1.000000,nan,1.000000,2.482898,2.464141,0.999273,15.150395,-1.189022,1.000000,39.732563,6.307735,
offset,calibration,7,7,29,249,1,none,1300000000.000000,2600000000.000000,1.000000,0,0,5.350791,1.000000,nan,1.000000,-0.670852,-0.674301,0.999726,9.573846,-1.189022,1.000000,40.298370,6.401723,
offset,calibration,7,7,30,250,1,none,1300000000.000000,2600000000.000000,1.000000,0,0,5.350791,1.000000,nan,1.000000,-11.460853,-11.481208,0.999247,15.360872,-1.189022,1.000000,40.200603,6.385483,
offset,calibration,8,8,1,251,1,none,1300000000.000000,2600000000.000000,1.000000,0,0,5.350791,1.000000,nan,1.000000,-1.417102,-1.439578,0.999003,17.607872,-0.662421,1.000000,40.415051,6.421105,
offset,calibration,8,8,2,252,1,none,1300000000.000000,2600000000.000000,1.000000,0,0,5.350791,1.000000,nan,1.000000,-12.993352,-12.996339,0.999791,8.370698,-0.662421,1.000000,40.149544,6.377001,
offset,calibration,8,8,3,253,1,none,1300000000.000000,2600000000.000000,1.000000,0,0,5.350791,1.000000,nan,1.000000,-7.675852,-7.676724,0.999785,8.524479,-0.662421,1.000000,40.163132,6.379258,
offset,calibration,8,8,4,254,1,none,1300000000.000000,2600000000.000000,1.000000,0,0,5.350791,1.000000,nan,1.000000,8.652898,8.644054,0.999598,11.477634,-0.662421,1.000000,40.502304,6.435599,
offset,calibration,8,8,5,255,1,none,1300000000.000000,2600000000.000000,1.000000,0,0,5.350791,1.000000,nan,1.000000,13.321648,13.321437,0.999807,8.078410,-0.662421,1.000000,40.913986,6.503985,
offset,calibration,8,8,6,256,1,none,1300000000.000000,2600000000.000000,1.000000,0,0,5.350791,1.000000,nan,1.000000,2.396648,2.394008,0.999628,11.167300,-0.662421,1.000000,40.451283,6.427124,
offset,calibration,8,8,7,257,1,none,1300000000.000000,2600000000.000000,1.000000,0,0,5.350791,1.000000,nan,1.000000,10.375398,10.370204,0.999768,8.788236,-0.662421,1.000000,40.104752,6.369560,
offset,calibration,8,8,8,258,1,none,1300000000.000000,2600000000.000000,1.000000,0,0,5.350791,1.000000,nan,1.000000,-1.570852,-1.585962,0.999252,15.467713,-0.662421,1.000000,40.193512,6.384305,
offset,calibration,8,8,9,259,1,none,1300000000.000000,2600000000.000000,1.000000,0,0,5.350791,1.000000,nan,1.000000,1.741648,1.719084,0.999118,16.561016,-0.662421,1.000000,39.698551,6.302085,
offset,calibration,8,8,10,260,1,none,1300000000.000000,2600000000.000000,1.000000,0,0,5.350791,1.000000,nan,1.000000,-8.139603,-8.143650,0.999756,9.026765,-0.662421,1.000000,39.899601,6.335482,
offset,calibration,8,8,11,261,1,none,1300000000.000000,2600000000.000000,1.000000,0,0,5.350791,1.000000,nan,1.000000,0.964148,0.956364,0.999683,10.213824,-0.662421,1.000000,39.929916,6.340518,
offset,calibration,8,8,12,262,1,none,1300000000.000000,2600000000.000000,1.000000,0,0,5.350791,1.000000,nan,1.000000,0.427898,0.397505,0.998351,22.301321,-0.662421,1.000000,40.612213,6.453856,
offset,calibration,8,8,13,263,1,none,1300000000.000000,2600000000.000000,1.000000,0,0,5.350791,1.000000,nan,1.000000,2.635398,2.614460,0.999225,15.574733,-0.662421,1.000000,40.467312,6.429786,
offset,calibration,8,8,14,264,1,none,1300000000.000000,2600000000.000000,1.000000,0,0,5.350791,1.000000,nan,1.000000,3.450398,3.425973,0.998664,20.307924,-0.662421,1.000000,39.856289,6.328288,
offset,calibration,8,8,15,265,1,none,1300000000.000000,2600000000.000000,1.000000,0,0,5.350791,1.000000,nan,1.000000,-6.592103,-6.606490,0.999502,12.638318,-0.662421,1.000000,40.457809,6.428208,
offset,calibration,8,8,16,266,1,none,1300000000.000000,2600000000.000000,1.000000,0,0,5.350791,1.000000,nan,1.000000,3.864148,3.856539,0.999675,10.343682,-0.662421,1.000000,39.562088,6.279417,
offset,calibration,8,8,17,267,1,none,1300000000.000000,2600000000.000000,1.000000,0,0,5.350791,1.000000,nan,1.000000,9.090398,9.089635,0.999663,10.669466,-0.662421,1.000000,40.183338,6.382615,
offset,calibration,8,8,18,268,1,none,1300000000.000000,2600000000.000000,1.000000,0,0,5.350791,1.000000,nan,1.000000,-10.274602,-10.274797,0.999800,8.238356,-0.662421,1.000000,40.178226,6.381765,
offset,calibration,8,8,19,269,1,none,1300000000.000000,2600000000.000000,1.000000,0,0,5.350791,1.000000,nan,1.000000,3.474148,3.462059,0.999372,14.261527,-0.662421,1.000000,40.460342,6.428628,
offset,calibration,8,8,20,270,1,none,1300000000.000000,2600000000.000000,1.000000,0,0,5.350791,1.000000,nan,1.000000,1.527898,1.529972,0.999810,8.064525,-0.662421,1.000000,40.027103,6.356662,
offset,calibration,8,8,21,271,1,none,1300000000.000000,2600000000.000000,1.000000,0,0,5.350791,1.000000,nan,1.000000,-6.089602,-6.126759,0.997970,24.415649,-0.662421,1.000000,40.166569,6.379829,
offset,calibration,8,8,22,272,1,none,1300000000.000000,2600000000.000000,1.000000,0,0,5.350791,1.000000,nan,1.000000,10.000398,9.989139,0.999509,12.630799,-0.662421,1.000000,40.370335,6.413677,
offset,calibration,8,8,23,273,1,none,1300000000.000000,2600000000.000000,1.000000,0,0,5.350791,1.000000,nan,1.000000,-3.977102,-3.976169,0.999752,9.183096,-0.662421,1.000000,39.960369,6.345577,
offset,calibration,8,8,24,274,1,none,1300000000.000000,2600000000.000000,1.000000,0,0,5.350791,1.000000,nan,1.000000,-7.645852,-7.654997,0.999635,10.927419,-0.662421,1.000000,39.983868,6.349480,
offset,calibration,8,8,25,275,1,none,1300000000.000000,2600000000.000000,1.000000,0,0,5.350791,1.000000,nan,1.000000,-7.245852,-7.252949,0.999800,8.131221,-0.662421,1.000000,40.580524,6.448592,
offset,calibration,8,8,26,276,1,none,1300000000.000000,2600000000.000000,1.000000,0,0,5.350791,1.000000,nan,1.000000,-9.960853,-9.981079,0.998990,17.806490,-0.662421,1.000000,39.852631,6.327680,
offset,calibration,8,8,27,277,1,none,1300000000.000000,2600000000.000000,1.000000,0,0,5.350791,1.000000,nan,1.000000,-3.332102,-3.333519,0.999789,8.430152,-0.662421,1.000000,39.911423,6.337446,
offset,calibration,8,8,28,278,1,none,1300000000.000000,2600000000.000000,1.000000,0,0,5.350791,1.000000,nan,1.000000,2.782898,2.775506,0.999711,9.766111,-0.662421,1.000000,40.832008,6.490367,
offset,calibration,8,8,29,279,1,none,1300000000.000000,2600000000.000000,1.000000,0,0,5.350791,1.000000,nan,1.000000,9.652898,9.649783,0.999736,9.395341,-0.662421,1.000000,41.263569,6.562055,
offset,calibration,8,8,30,280,1,none,1300000000.000000,2600000000.000000,1.000000,0,0,5.350791,1.000000,nan,1.000000,6.536648,6.528197,0.999667,10.459166,-0.662421,1.000000,40.213459,6.387618,
offset,verification,8,1,1,281,1,none,1300000000.000000,2600000000.000000,1.000000,0,0,5.350791,1.000000,nan,1.000000,6.155398,6.136801,0.999198,15.918009,-0.344377,1.000000,39.916176,6.338235,
offset,verification,8,1,2,282,1,none,1300000000.000000,2600000000.000000,1.000000,0,0,5.350791,1.000000,nan,1.000000,7.554148,7.550065,0.999765,8.856613,-0.344377,1.000000,40.410290,6.420314,
offset,verification,8,1,3,283,1,none,1300000000.000000,2600000000.000000,1.000000,0,0,5.350791,1.000000,nan,1.000000,2.252898,2.254956,0.999786,8.548109,-0.344377,1.000000,40.236084,6.391376,
offset,verification,8,1,4,284,1,none,1300000000.000000,2600000000.000000,1.000000,0,0,5.350791,1.000000,nan,1.000000,-11.479602,-11.484110,0.999723,9.600368,-0.344377,1.000000,40.043259,6.359345,
offset,verification,8,1,5,285,1,none,1300000000.000000,2600000000.000000,1.000000,0,0,5.350791,1.000000,nan,1.000000,-6.692102,-6.719738,0.998549,21.034060,-0.344377,1.000000,40.134640,6.374525,
offset,verification,8,1,6,286,1,none,1300000000.000000,2600000000.000000,1.000000,0,0,5.350791,1.000000,nan,1.000000,-3.959602,-3.964147,0.999726,9.562170,-0.344377,1.000000,40.426674,6.423036,
offset,verification,8,1,7,287,1,none,1300000000.000000,2600000000.000000,1.000000,0,0,5.350791,1.000000,nan,1.000000,4.027898,4.025955,0.999758,9.023863,-0.344377,1.000000,39.671223,6.297545,
offset,verification,8,1,8,288,1,none,1300000000.000000,2600000000.000000,1.000000,0,0,5.350791,1.000000,nan,1.000000,-10.080853,-10.080739,0.999775,8.736974,-0.344377,1.000000,39.916576,6.338302,
offset,verification,8,1,9,289,1,none,1300000000.000000,2600000000.000000,1.000000,0,0,5.350791,1.000000,nan,1.000000,3.319148,3.287123,0.998390,21.964111,-0.344377,1.000000,40.729034,6.473262,
offset,verification,8,1,10,290,1,none,1300000000.000000,2600000000.000000,1.000000,0,0,5.350791,1.000000,nan,1.000000,-8.240852,-8.239578,0.999787,8.524910,-0.344377,1.000000,40.132160,6.374113,
offset,verification,8,1,11,291,1,none,1300000000.000000,2600000000.000000,1.000000,0,0,5.350791,1.000000,nan,1.000000,9.019148,8.984992,0.998075,23.920954,-0.344377,1.000000,39.913811,6.337842,
offset,verification,8,1,12,292,1,none,1300000000.000000,2600000000.000000,1.000000,0,0,5.350791,1.000000,nan,1.000000,-1.988352,-2.024058,0.998045,24.028164,-0.344377,1.000000,39.912769,6.337670,
offset,verification,8,1,13,293,1,none,1300000000.000000,2600000000.000000,1.000000,0,0,5.350791,1.000000,nan,1.000000,-5.009603,-5.024789,0.999210,15.895064,-0.344377,1.000000,40.182121,6.382412,
offset,verification,8,1,14,294,1,none,1300000000.000000,2600000000.000000,1.000000,0,0,5.350791,1.000000,nan,1.000000,9.254148,9.250286,0.999707,9.902187,-0.344377,1.000000,39.724728,6.306434,
offset,verification,8,1,15,295,1,none,1300000000.000000,2600000000.000000,1.000000,0,0,5.350791,1.000000,nan,1.000000,-6.604602,-6.629269,0.998780,19.396341,-0.344377,1.000000,39.923389,6.339434,
offset,verification,8,1,16,296,1,none,1300000000.000000,2600000000.000000,1.000000,0,0,5.350791,1.000000,nan,1.000000,-6.643353,-6.650233,0.999705,9.871508,-0.344377,1.000000,41.195637,6.550771,
offset,verification,8,1,17,297,1,none,1300000000.000000,2600000000.000000,1.000000,0,0,5.350791,1.000000,nan,1.000000,9.387897,9.350654,0.997823,25.283653,-0.344377,1.000000,40.184170,6.382753,
offset,verification,8,1,18,298,1,none,1300000000.000000,2600000000.000000,1.000000,0,0,5.350791,1.000000,nan,1.000000,4.874148,4.850700,0.998975,17.821775,-0.344377,1.000000,40.615658,6.454429,
offset,verification,8,1,19,299,1,none,1300000000.000000,2600000000.000000,1.000000,0,0,5.350791,1.000000,nan,1.000000,-8.534602,-8.567215,0.998404,21.841383,-0.344377,1.000000,39.716564,6.305078,
offset,verification,8,1,20,300,1,none,1300000000.000000,2600000000.000000,1.000000,0,0,5.350791,1.000000,nan,1.000000,5.214148,5.208112,0.999770,8.725167,-0.344377,1.000000,40.300735,6.402116,
offset,verification,8,1,21,301,1,none,1300000000.000000,2600000000.000000,1.000000,0,0,5.350791,1.000000,nan,1.000000,2.667898,2.663831,0.999706,9.898649,-0.344377,1.000000,40.911232,6.503527,
offset,verification,8,1,22,302,1,none,1300000000.000000,2600000000.000000,1.000000,0,0,5.350791,1.000000,nan,1.000000,7.309148,7.310463,0.999764,8.964065,-0.344377,1.000000,41.097904,6.534536,
offset,verification,8,1,23,303,1,none,1300000000.000000,2600000000.000000,1.000000,0,0,5.350791,1.000000,nan,1.000000,-2.767102,-2.770850,0.999711,9.820479,-0.344377,1.000000,40.165001,6.379569,
offset,verification,8,1,24,304,1,none,1300000000.000000,2600000000.000000,1.000000,0,0,5.350791,1.000000,nan,1.000000,-2.599602,-2.600708,0.999704,9.991761,-0.344377,1.000000,40.602852,6.452302,
offset,verification,8,1,25,305,1,none,1300000000.000000,2600000000.000000,1.000000,0,0,5.350791,1.000000,nan,1.000000,9.439148,9.401237,0.997802,25.369305,-0.344377,1.000000,41.139511,6.541447,
offset,verification,8,1,26,306,1,none,1300000000.000000,2600000000.000000,1.000000,0,0,5.350791,1.000000,nan,1.000000,9.986648,9.983211,0.999770,8.767744,-0.344377,1.000000,40.339016,6.408475,
offset,verification,8,1,27,307,1,none,1300000000.000000,2600000000.000000,1.000000,0,0,5.350791,1.000000,nan,1.000000,8.132897,8.121050,0.999591,11.508835,-0.344377,1.000000,40.376873,6.414763,
offset,verification,8,1,28,308,1,none,1300000000.000000,2600000000.000000,1.000000,0,0,5.350791,1.000000,nan,1.000000,-5.692102,-5.727262,0.998322,22.281961,-0.344377,1.000000,39.768787,6.313752,
offset,verification,8,1,29,309,1,none,1300000000.000000,2600000000.000000,1.000000,0,0,5.350791,1.000000,nan,1.000000,1.959148,1.945895,0.999432,13.526113,-0.344377,1.000000,40.374168,6.414314,
offset,verification,8,1,30,310,1,none,1300000000.000000,2600000000.000000,1.000000,0,0,5.350791,1.000000,nan,1.000000,7.835398,7.825530,0.999573,11.800815,-0.344377,1.000000,40.577450,6.448081,
offset,verification,8,2,1,311,1,none,1300000000.000000,2600000000.000000,1.000000,0,0,5.350791,1.000000,nan,1.000000,-3.237102,-3.264880,0.998644,20.323561,-0.344377,1.000000,39.967041,6.346685,
offset,verification,8,2,2,312,1,none,1300000000.000000,2600000000.000000,1.000000,0,0,5.350791,1.000000,nan,1.000000,-6.468352,-6.471621,0.999705,9.943888,-0.344377,1.000000,40.681438,6.465355,
offset,verification,8,2,3,313,1,none,1300000000.000000,2600000000.000000,1.000000,0,0,5.350791,1.000000,nan,1.000000,-4.294602,-4.306841,0.999555,11.999342,-0.344377,1.000000,39.612434,6.287780,
offset,verification,8,2,4,314,1,none,1300000000.000000,2600000000.000000,1.000000,0,0,5.350791,1.000000,nan,1.000000,2.262898,2.258237,0.999770,8.758228,-0.344377,1.000000,40.116039,6.371435,
offset,verification,8,2,5,315,1,none,1300000000.000000,2600000000.000000,1.000000,0,0,5.350791,1.000000,nan,1.000000,4.971648,4.964618,0.999695,10.029044,-0.344377,1.000000,40.443253,6.425790,
offset,verification,8,2,6,316,1,none,1300000000.000000,2600000000.000000,1.000000,0,0,5.350791,1.000000,nan,1.000000,-2.212102,-2.214397,0.999721,9.680162,-0.344377,1.000000,39.960060,6.345525,
offset,verification,8,2,7,317,1,none,1300000000.000000,2600000000.000000,1.000000,0,0,5.350791,1.000000,nan,1.000000,10.657898,10.658987,0.999831,7.573909,-0.344377,1.000000,40.400612,6.418706,
offset,verification,8,2,8,318,1,none,1300000000.000000,2600000000.000000,1.000000,0,0,5.350791,1.000000,nan,1.000000,9.757897,9.756961,0.999685,10.308976,-0.344377,1.000000,39.886879,6.333369,
offset,verification,8,2,9,319,1,none,1300000000.000000,2600000000.000000,1.000000,0,0,5.350791,1.000000,nan,1.000000,-5.870852,-5.890652,0.999297,14.857913,-0.344377,1.000000,40.808010,6.486381,
offset,verification,8,2,10,320,1,none,1300000000.000000,2600000000.000000,1.000000,0,0,5.350791,1.000000,nan,1.000000,0.994148,0.987932,0.999738,9.315337,-0.344377,1.000000,40.990803,6.516745,
