iteration,cycles,rotation,events_used,align_n0,offset_a_codes,offset_b_codes,gain_a_codes,gain_b_codes,gain_ratio,skew_a_ps,skew_b_ps,skew_mismatch_ps,skew_phase_ps,skew_diff_route_ps,skew_centroid_ps,skew_source,raw_a_sndr_db,raw_a_sfdr_db,raw_a_enob,raw_b_sndr_db,raw_b_sfdr_db,raw_b_enob,cal_a_sndr_db,cal_a_sfdr_db,cal_a_enob,cal_b_sndr_db,cal_b_sfdr_db,cal_b_enob,raw_difference_dbc,cal_difference_dbc,cal_dc_difference_codes,raw_sndr_db,raw_sfdr_db,raw_enob,cal_sndr_db,cal_sfdr_db,cal_enob,raw_offset_spur_dbc,raw_image_spur_dbc,cal_offset_spur_dbc,cal_image_spur_dbc,swapped,align_margin,frame_sha1,rejected,offset_error_a,offset_error_b,gain_error,skew_error_ps,offset_a_state,offset_b_state,gain_corr_a,gain_corr_b,skew_cmd_ps
0,0,5,8,537,13.504648214119982,-22.797419937314665,500.13160927163864,510.54031438254145,1.0208119321353462,0.0,3.6139699776748127,3.6139699776748127,3.6139699776748127,-17.133096439296494,-4.070621516796098,phase,54.98130048574054,59.61517854769312,8.840747588993446,54.371628554194274,59.02935316658401,8.739473181759847,54.98130048574054,59.61517854769312,8.840747588993446,54.371628554194274,59.02935316658401,8.739473181759847,-33.37903474708778,-33.37903474708778,37.0198389123987,54.98130048574054,59.61517854769312,8.840747588993446,54.98130048574054,59.61517854769312,8.840747588993446,nan,-33.37903474708778,nan,-33.37903474708778,False,8.049685261106875,1aa061a190d36979,,13.504648214119982,-22.797419937314665,0.020811932135346156,3.6139699776748127,4.726626874941993,-7.979096978060132,1.0036420881236856,0.9964321654077191,-1.0841909933024438
1,1020,4,8,1585,9.463032662928804,-15.060514881162984,501.74511299142245,508.35912762528625,1.0131820210354034,0.0,2.4894480501965064,2.4894480501965064,2.4894480501965064,-11.195316312078967,5.4052329669806145,phase,54.55222178234444,59.44456723334294,8.769472056867848,54.465774623239525,60.019042144091166,8.755112063661052,54.552221782344404,59.444567233342845,8.769472056867842,54.46577462323943,60.019042144091124,8.755112063661036,-33.48779210977534,-37.107056406275895,24.14425060126527,54.55222178234444,59.44456723334294,8.769472056867848,54.552221782344404,59.444567233342845,8.769472056867842,nan,-33.48779210977534,nan,-37.107056406275895,False,9.09280804481841,58bf3cbf7e7a8b8e,,9.463032662928804,-15.060514881162984,0.013182021035403446,2.4894480501965064,8.026669261782304,-13.269151225004467,1.0059573435692766,0.9941634484732402,-1.8310254083613957
2,2040,2,8,2623,5.692114636866208,-9.678533313426566,502.6000295419801,507.7505181818602,1.010247688693082,0.0,1.7549055738189119,1.7549055738189119,1.7549055738189119,-7.411347192970767,-4.892460176408192,phase,54.593025828431735,59.8014015194055,8.776250137613246,54.2286562562349,58.97679966983255,8.715723630603804,54.593025828431735,59.80140151940549,8.776250137613246,54.22865625623488,58.97679966983253,8.7157236306038,-33.50166524699054,-40.63006892470628,15.679767009729357,54.593025828431735,59.8014015194055,8.776250137613246,54.593025828431735,59.80140151940549,8.776250137613246,nan,-33.50166524699054,nan,-40.63006892470628,False,7.754451458546739,48238039f4599420,,5.692114636866208,-9.678533313426566,0.010247688693082013,1.7549055738189119,10.007111211571575,-16.67652519847084,1.0077613726659747,0.9923986549600221,-2.3574970805070694
3,3060,5,7,849,3.9991834528925487,-6.348241821789676,503.6796522700306,506.50368782374704,1.0056068088932892,0.0,1.222235045554985,1.222235045554985,1.222235045554985,-4.47499300685397,5.616349907182457,phase,54.46386476406801,59.01913177204851,8.75479481130698,54.77918492986677,59.39332440045979,8.80717357638983,54.46386476406798,59.01913177204848,8.754794811306974,54.779184929866716,59.39332440045976,8.80717357638982,-33.54767614441462,-45.014215056325796,10.358266600765036,54.46386476406801,59.01913177204851,8.75479481130698,54.46386476406798,59.01913177204848,8.754794811306974,nan,-33.54767614441462,nan,-45.014215056325796,False,7.193688518597871,ae82c5634254992f,,3.9991834528925487,-6.348241821789676,0.005606808893289239,1.222235045554985,11.396045384360445,-18.915428512699833,1.0087501796156255,0.9914303508752205,-2.724167594173565
4,4080,3,7,4766,3.0564567387689285,-3.4372683584594323,504.53078777900214,505.9784243489465,1.0028692730057505,0.0,0.8635486072180137,0.8635486072180137,0.8635486072180137,-2.893973190704449,-8.572062336959892,phase,50.16904507123066,54.31090167545623,8.04136961316124,50.18331050224296,54.51262461177716,8.043739286086872,50.16904507123066,54.31090167545619,8.04136961316124,50.183310502242946,54.512624611777134,8.043739286086868,-33.53701069177238,-48.80188326288797,6.699985788896965,50.16904507123066,54.31090167545623,8.04136961316124,50.16904507123066,54.31090167545619,8.04136961316124,nan,-33.53701069177238,nan,-48.80188326288797,False,7.4130260337306,a551861b00f2584a,,3.0564567387689285,-3.4372683584594323,0.002869273005750461,0.8635486072180137,12.456525848390445,-20.12887121636406,1.009256696056111,0.9909339554093325,-2.9832321763389693
5,5100,3,7,5800,0.7722750214153158,-3.1927016930633814,504.7319983720092,505.3350651228621,1.0011948256754042,0.0,0.6055139925491471,0.6055139925491471,0.6055139925491471,-2.0806775901124364,0.5435854314679471,phase,50.18299595458199,54.51874786328614,8.043687035644849,50.068053503084826,54.86117022619686,8.024593605163593,50.18299595458203,54.51874786328614,8.043687035644856,50.0680535030848,54.86117022619679,8.024593605163588,-33.50644713685029,-51.369064304298455,4.234331872525884,50.18299595458199,54.51874786328614,8.043687035644849,50.18299595458203,54.51874786328614,8.043687035644856,nan,-33.50644713685029,nan,-51.369064304298455,False,6.956438553764705,f1b12267d5723d5b,,0.7722750214153158,-3.1927016930633814,0.0011948256754041875,0.6055139925491471,12.724343003878838,-21.256540307197255,1.009467726073477,0.9907270038471757,-3.1648863741037134
6,6144,0,7,6829,1.6308803622089074,-1.2403386883427483,504.5070016593565,505.6480080340461,1.002261626441133,0.0,0.4171295555669472,0.4171295555669472,0.4171295555669472,-1.666127847401313,0.8257554097773196,phase,54.701100104181364,60.18712644961045,8.794202675113185,54.64602131548139,59.342405885000986,8.785053374664685,54.70110010418135,60.187126449610474,8.794202675113182,54.64602131548144,59.342405885001,8.785053374664692,-33.55549041508193,-53.54686089970096,3.014834965785278,54.701100104181364,60.18712644961045,8.794202675113185,54.70110010418135,60.187126449610474,8.794202675113182,nan,-33.55549041508193,nan,-53.54686089970096,False,6.8111756842950335,85477a6238a430a6,,1.6308803622089074,-1.2403386883427483,0.0022616264411330356,0.4171295555669472,13.289797561790648,-21.69472210625411,1.0098672578811096,0.9903357741447423,-3.2900252407737978
7,7140,3,7,3842,1.1181119940806683,-1.534069715379227,504.8245668674336,505.5745357088754,1.001485602901807,0.0,0.3042890666706491,0.3042890666706491,0.3042890666706491,-1.069092724403026,4.813862855493986,phase,54.388507458435754,58.77299999227293,8.742276986451122,54.30681594146398,59.6649712677318,8.728706967020596,54.38850745843582,58.7729999922731,8.742276986451133,54.30681594146401,59.66497126773181,8.728706967020601,-33.55703178852042,-57.72036761242096,1.8403188754119049,54.388507458435754,58.77299999227293,8.742276986451122,54.38850745843582,58.7729999922731,8.742276986451133,nan,-33.55703178852042,nan,-57.72036761242096,False,6.9703695699806945,792c28f87ee74a48,,1.1181119940806683,-1.534069715379227,0.0014856029018071037,0.3042890666706491,13.67731304451789,-22.236886101941753,1.0101298036836406,0.9900786880750826,-3.3813119607749926
8,8160,2,8,636,0.2866032034879339,-0.5959619176183442,505.33735190835375,505.69380170252555,1.0007053699728028,0.0,0.19147249167235678,0.19147249167235678,0.19147249167235678,-0.6181355008880625,-5.802028447096866,phase,54.577050675503884,58.936518564256616,8.7735964577249,54.600334400399305,59.24869137776839,8.777464186112843,54.5770506755039,58.93651856425671,8.773596457724901,54.60033440039919,59.248691377768274,8.777464186112823,-33.571543643551955,-62.472320320748416,1.150314343599236,54.577050675503884,58.936518564256616,8.7735964577249,54.5770506755039,58.93651856425671,8.773596457724901,nan,-33.571543643551955,nan,-62.472320320748416,False,6.987890150409621,e003bcbc7e2a7e47,,0.2866032034879339,-0.5959619176183442,0.000705369972802794,0.19147249167235678,13.776618223768093,-22.447562963971734,1.0102544938492672,0.989956559160128,-3.4387537082766997
9,9180,3,8,1707,0.10529599661398471,-0.5135141819737801,505.0035545383902,505.8963027331536,1.0017678057644157,0.0,0.17304943846925963,0.17304943846925963,0.17304943846925963,-0.439162990623233,-0.7287887343415251,phase,54.50489885782748,59.01700028564952,8.76161110595141,54.274468354139984,58.75105846320609,8.723333613644517,54.504898857827506,59.017000285649615,8.761611105951413,54.27446835413997,58.75105846320611,8.723333613644515,-33.542297964450526,-64.79418531382875,0.6288428373494424,54.50489885782748,59.01700028564952,8.76161110595141,54.504898857827506,59.017000285649615,8.761611105951413,nan,-33.542297964450526,nan,-64.79418531382875,False,9.159321936408208,19bc3860340ecf77,,0.10529599661398471,-0.5135141819737801,0.0017678057644157086,0.17304943846925963,13.81309774357154,-22.629116348337714,1.010567032249874,0.9896508407014158,-3.4906685398174777
10,10200,6,7,2794,-0.06591742163097092,-0.6367663515291445,505.309799360551,505.1418867128087,0.9996677035593713,0.0,0.0838513954646318,0.0838513954646318,0.0838513954646318,-0.1608986555563026,2.9400517932633474,phase,54.46624384475382,59.073190418088416,8.75519000743419,54.49522852302789,59.0989930047581,8.7600047380445,54.466243844753805,59.0731904180884,8.755190007434187,54.49522852302799,59.09899300475803,8.760004738044518,-33.58569784029035,-71.39751446016503,0.47513695669935885,54.46624384475382,59.073190418088416,8.75519000743419,54.466243844753805,59.0731904180884,8.755190007434187,nan,-33.58569784029035,nan,-71.39751446016503,False,6.959844566557702,dc6b77af68be2ef6,,-0.06591742163097092,-0.6367663515291445,-0.0003322964406287099,0.0838513954646318,13.790267889801745,-22.854315190059754,1.0105082658800033,0.9897084098855212,-3.5158239584568673
11,11264,0,8,3871,0.38179949562009674,-0.3853100202425158,505.9685614584967,505.2834425807696,0.9986459259924131,0.0,0.10816900737084414,0.10816900737084414,0.10816900737084414,-0.11101564240783367,-2.2004858755846177,phase,54.592405084666396,59.62119884226979,8.776147024030964,54.58363635257246,59.429318538769934,8.77469042401536,54.59240508466646,59.621198842269855,8.776147024030974,54.58363635257244,59.429318538769834,8.774690424015356,-33.54148620407562,-73.28949164795422,0.39189745865236425,54.592405084666396,59.62119884226979,8.776147024030964,54.59240508466646,59.621198842269855,8.776147024030974,nan,-33.54148620407562,nan,-73.28949164795422,False,7.306865787252072,5d2a91b4b2622086,,0.38179949562009674,-0.3853100202425158,-0.001354074007586914,0.10816900737084414,13.922508098000995,-22.990576037939665,1.0102688128589794,0.9899432521050268,-3.548274660668121
12,12288,0,8,5462,0.2614288034267199,-0.11313978601525798,505.22502613594264,505.32105032681915,1.0001900622216024,0.0,0.021740777869609942,0.021740777869609942,0.021740777869609942,-0.3726090272905757,-3.166688174826614,phase,54.42132610289007,58.869495725652754,8.747728588519946,54.5540474962651,59.12177523035186,8.7697753316055,54.421326102890085,58.8694957256528,8.747728588519948,54.55404749626511,59.121775230351865,8.769775331605501,-33.52449900549792,-64.83548010289218,0.24167739635268504,54.42132610289007,58.869495725652754,8.747728588519946,54.421326102890085,58.8694957256528,8.747728588519948,nan,-33.52449900549792,nan,-64.83548010289218,False,7.430852096292883,b538d9f4d3d41ca7,,0.2614288034267199,-0.11313978601525798,0.00019006222160244945,0.021740777869609942,14.013078132465797,-23.030577245100922,1.0103024152976023,0.9899103319694937,-3.554796894029004
13,13312,0,8,5998,-0.07077867066588972,-0.1780793302269843,504.9194453823668,505.1418390999454,1.0004404538577638,0.0,0.014049367698751003,0.014049367698751003,0.014049367698751003,-0.3514999249231206,4.706261632720408,phase,54.64311111875222,59.835325033961425,8.784569953281101,54.689967162699375,59.233772507199205,8.792353349285612,54.64311111875216,59.83532503396141,8.78456995328109,54.68996716269942,59.23377250719932,8.79235334928562,-33.51641971795488,-66.0508546987592,0.07497190575244517,54.64311111875222,59.835325033961425,8.784569953281101,54.64311111875216,59.83532503396141,8.78456995328109,nan,-33.51641971795488,nan,-66.0508546987592,False,7.322966042094581,5f872708a12f0cdc,,-0.07077867066588972,-0.1780793302269843,0.00044045385776381174,0.014049367698751003,13.988558212135047,-23.093540286870006,1.0103802888269593,0.989834063842787,-3.559011704338629
14,14280,4,8,7052,-0.03392200640878684,0.37666546392122235,504.9806549983428,505.20702680479457,1.0004482781750372,0.0,0.045604512906165386,0.045604512906165386,0.045604512906165386,-0.2222328336170445,-2.096803553350504,phase,54.63735881681811,58.92988672218543,8.783614421398358,54.41349932118925,59.06831823747964,8.746428458669312,54.637358816818164,58.929886722185415,8.783614421398367,54.413499321189285,59.06831823747963,8.746428458669318,-33.519798427878726,-67.8901591362052,0.09996255780560581,54.63735881681811,58.92988672218543,8.783614421398358,54.637358816818164,58.929886722185415,8.783614421398367,nan,-33.519798427878726,nan,-67.8901591362052,False,7.028287312899455,823be7e633110d29,,-0.03392200640878684,0.37666546392122235,0.0004482781750372311,0.045604512906165386,13.976807485824995,-22.960353405161147,1.0104595518275539,0.9897564474601648,-3.572693058210479
15,15300,2,7,8130,0.16717279776366656,-0.17618723336369127,505.32313526586563,505.14589663415387,0.9996492568431119,0.0,-0.02482052182761217,-0.02482052182761217,-0.02482052182761217,-0.06146602599303138,4.661055132843582,phase,54.82880872948179,59.26313702879998,8.815416732472059,54.682613606835076,59.27250894796505,8.791131828377921,54.8288087294818,59.263137028799974,8.81541673247206,54.68261360683503,59.27250894796504,8.791131828377912,-33.5600838441879,-74.87579540446285,0.15122449469345334,54.82880872948179,59.26313702879998,8.815416732472059,54.8288087294818,59.263137028799974,8.81541673247206,nan,-33.5600838441879,nan,-74.87579540446285,False,6.414864632966679,c960098dc79e3dd5,,0.16717279776366656,-0.17618723336369127,-0.0003507431568881003,-0.02482052182761217,14.034712306568645,-23.022657148506827,1.0103975297672585,0.9898172200784079,-3.5652469016621953
16,16320,4,8,894,0.3388476381643253,-0.22967618449712246,504.8725761678539,505.43890309775145,1.0011217225031237,0.0,0.05253941026856424,0.05253941026856424,0.05253941026856424,-0.16678131305970625,-2.3618840812949644,phase,54.4334774224611,59.489488033875936,8.749747080143042,54.5016662993424,59.04551978230823,8.76107413610339,54.433477422461074,59.48948803387596,8.749747080143036,54.50166629934242,59.04551978230824,8.761074136103392,-33.582805827275344,-72.8951866078546,0.022031914817667086,54.4334774224611,59.489488033875936,8.749747080143042,54.433477422461074,59.48948803387596,8.749747080143036,nan,-33.582805827275344,nan,-72.8951866078546,False,7.770349600477093,1afd7196752568ee,,0.3388476381643253,-0.22967618449712246,0.001121722503123701,0.05253941026856424,14.152088556869685,-23.103870793757032,1.0105958722553505,0.9896231352440295,-3.5810087247427647
17,17340,1,8,1936,-0.3246957656887598,0.39199734797454083,505.5392092335565,505.1186420063535,0.9991680818826286,0.0,0.007025397150243536,0.007025397150243536,0.007025397150243536,-0.15613455038983196,-1.18520370168932,phase,54.6645586358303,58.59142858281221,8.788132663759187,54.797192540412645,59.31545366506092,8.8101648738227,54.66455863583028,58.591428582812256,8.788132663759184,54.79719254041274,59.315453665061064,8.810164873822714,-33.575725259180544,-70.97573339692363,-0.5132906252067411,54.6645586358303,58.59142858281221,8.788132663759187,54.66455863583028,58.591428582812256,8.788132663759184,nan,-33.575725259180544,nan,-70.97573339692363,False,8.735086828704212,b5476e7311dd188b,,-0.3246957656887598,0.39199734797454083,-0.0008319181173713774,0.007025397150243536,14.03963656581074,-22.965233097340146,1.0104487439776433,0.9897673301501105,-3.5831163438878377
18,18360,4,8,3010,0.20391663598890863,0.01877614908343439,504.78549783191556,505.5155498366723,1.0014462618436788,0.0,-0.0004532219160657611,-0.0004532219160657611,-0.0004532219160657611,-0.11391256898681104,-6.188924655581638,phase,54.66474593082923,59.71573586401051,8.788163775885254,54.76501562615005,59.92289293488204,8.804819871453498,54.66474593082928,59.7157358640106,8.788163775885263,54.7650156261501,59.92289293488209,8.804819871453507,-33.55484372559845,-74.50471666031821,0.1217130212612787,54.66474593082923,59.71573586401051,8.788163775885254,54.66474593082928,59.7157358640106,8.788163775885263,nan,-33.55484372559845,nan,-74.50471666031821,False,6.263820127588834,ae46f87671337b5b,,0.20391663598890863,0.01877614908343439,0.0014462618436787977,-0.0004532219160657611,14.110269364378203,-22.958593504398433,1.0107044843337398,0.989517185947476,-3.582980377313018
19,19380,5,7,4087,0.2098565752009835,-0.24557010154957143,505.38445029102445,505.7498681131086,1.0007230491992258,0.0,-0.016746281955646848,-0.016746281955646848,-0.016746281955646848,-0.3111663836793455,-9.15083357845685,phase,54.62541647520774,58.99209199698505,8.781630643722217,54.643332111812725,59.35127315767659,8.784606663091816,54.6254164752078,58.99209199698505,8.781630643722227,54.64333211181277,59.35127315767657,8.784606663091823,-33.54859148479616,-67.57507536903951,0.25226420410048844,54.62541647520774,58.99209199698505,8.781630643722217,54.6254164752078,58.99209199698505,8.781630643722227,nan,-33.54859148479616,nan,-67.57507536903951,False,8.134400461912797,6b0d9973582b46bb,,0.2098565752009835,-0.24557010154957143,0.0007230491992258337,-0.016746281955646848,14.182941250630654,-23.04545357794031,1.010832372420649,0.9893920692314563,-3.577956492726324
20,20480,0,8,5113,-0.49800716150728874,-0.19136721593423783,505.0189693471311,505.02358826179074,1.00000914602211,0.0,0.015899817272645507,0.015899817272645507,0.015899817272645507,-0.5293165305041493,7.010023408299687,phase,54.32241960271773,58.93073778369316,8.731298937328528,54.460010890079985,59.176334230685875,8.754154632903653,54.3224196027178,58.93073778369321,8.731298937328539,54.46001089007999,59.17633423068584,8.754154632903655,-33.53485642081206,-64.22214759839976,-0.22162388788281184,54.32241960271773,58.93073778369316,8.731298937328528,54.3224196027178,58.93073778369321,8.731298937328539,nan,-33.53485642081206,nan,-64.22214759839976,False,7.391297584004997,1b221c49370e0b48,,-0.49800716150728874,-0.19136721593423783,9.146022110106955e-06,0.015899817272645507,14.010506620237736,-23.11315022486109,1.0108339903123138,0.9893904856706349,-3.582726437908118
21,21504,0,8,6155,0.17950566996193063,0.24500140460364683,504.8066121272905,505.0509150739106,1.0004839535393377,0.0,0.04010260252426967,0.04010260252426967,0.04010260252426967,-0.5510345859043498,5.47632217736221,phase,54.56337023471682,58.80351884306596,8.771323959255287,54.74836515846148,59.17824560211302,8.80205401303347,54.56337023471684,58.803518843066016,8.771323959255291,54.748365158461496,59.178245602113016,8.802054013033471,-33.565023263005415,-63.12491791610885,-0.2968400840141072,54.56337023471682,58.80351884306596,8.771323959255287,54.56337023471684,58.803518843066016,8.771323959255291,nan,-33.565023263005415,nan,-63.12491791610885,False,7.88417761403912,37e8489b50c1e132,,0.17950566996193063,0.24500140460364683,0.00048395353933772256,0.04010260252426967,14.07266023308495,-23.02648020644753,1.0109195997325904,0.9893067328733154,-3.5947572186653987
22,22440,1,7,7214,-0.15221238288088357,-0.1137737819412383,505.5394285563989,505.12056640594835,0.9991714550304284,0.0,-0.004158243336428823,-0.004158243336428823,-0.004158243336428823,-0.6936506530369229,-2.6198058037006327,phase,54.49859747913334,59.332632717305636,8.760564365304543,54.57772518794138,59.96847856091782,8.773708502980297,54.498597479133295,59.33263271730571,8.760564365304536,54.57772518794144,59.96847856091801,8.773708502980307,-33.54940648981852,-61.542210120922945,-0.19775854008613525,54.49859747913334,59.332632717305636,8.760564365304543,54.498597479133295,59.33263271730571,8.760564365304536,nan,-33.54940648981852,nan,-61.542210120922945,False,7.375027404515807,a910d70c579953b6,,-0.15221238288088357,-0.1137737819412383,-0.0008285449695716318,-0.004158243336428823,14.019961349788591,-23.066731447398634,1.0107730210715153,0.9894502967178717,-3.59350974566447
23,23460,7,7,8282,-0.0015310811844839872,-0.06158249947608691,505.5012758685139,504.9565368942416,0.9989223786362628,0.0,0.027952347454005596,0.027952347454005596,0.027952347454005596,-0.43212987220178367,2.4083453254132903,phase,50.1038529976205,54.20987710713378,8.03054036505324,50.28621106509743,54.593150390614625,8.060832402840106,50.10385299762051,54.2098771071338,8.030540365053241,50.286211065097426,54.59315039061467,8.060832402840106,-33.570161775327875,-64.63978167395354,-0.28896826931717357,50.1038529976205,54.20987710713378,8.03054036505324,50.10385299762051,54.2098771071338,8.030540365053241,nan,-33.570161775327875,nan,-64.63978167395354,False,6.620851090156585,6636ba16a7a289b4,,-0.0015310811844839872,-0.06158249947608691,-0.0010776213637372356,0.027952347454005596,14.01943118287337,-23.08851513364152,1.0105824057162711,0.989637092248894,-3.6018954499006717
24,24480,6,7,998,-0.429539494335908,0.3237579749421008,505.19263526969826,505.60496225631795,1.0008161777465334,0.0,-0.02308066716844998,-0.02308066716844998,-0.02308066716844998,-0.11843935155211142,-7.069706686550877,phase,50.38471141414157,54.689202217303865,8.077194587066707,50.20108153922905,54.488215890731766,8.046691285586222,50.384711414141634,54.68920221730392,8.077194587066717,50.201081539229044,54.48821589073173,8.04669128558622,-33.56783956435724,-72.68135715252961,-0.07754107717531866,50.38471141414157,54.689202217303865,8.077194587066707,50.384711414141634,54.68920221730392,8.077194587066717,nan,-33.56783956435724,nan,-72.68135715252961,False,8.203749925463411,9f3b78386e4c0bbb,,-0.429539494335908,0.3237579749421008,0.0008161777465334197,-0.02308066716844998,13.870666646535524,-22.974013270163226,1.0107267483186233,0.9894958565622469,-3.5949712497501367
25,25500,4,7,2045,-0.03519715837062487,-0.3021805767108867,505.81519303150543,505.1413665880476,0.9986678406407301,0.0,-0.020228331321841313,-0.020228331321841313,-0.020228331321841313,-0.3680484488260173,1.196670250663236,phase,54.2230806941194,58.66841955311601,8.71479745749492,54.393274631375434,58.66439865507972,8.743068875643761,54.223080694119446,58.66841955311613,8.714797457494926,54.393274631375455,58.66439865507975,8.743068875643765,-33.552715700648164,-66.90764444999245,0.20744863362573618,54.2230806941194,58.66841955311601,8.71479745749492,54.223080694119446,58.66841955311613,8.714797457494926,nan,-33.552715700648164,nan,-66.90764444999245,False,8.872647749411021,48134b3247bced21,,-0.03519715837062487,-0.3021805767108867,-0.001332159359269891,-0.020228331321841313,13.858478381556674,-23.080899217332583,1.0104911197265718,0.98972684335256,-3.588902750353584
26,26520,7,8,8190,-0.030494566772173957,0.21035626704714233,505.3771781524563,505.36813672838394,0.9999821095521064,0.0,-0.026401774054451356,-0.026401774054451356,-0.026401774054451356,-0.026685603117713102,2.3713970941271394,phase,54.6220112693224,59.105133293251875,8.781064994904055,53.96161932990216,58.716028954847594,8.671365337193052,54.622011269322364,59.1051332932518,8.781064994904048,53.96161932990211,58.71602895484763,8.671365337193043,-33.58563325943642,-72.46025704667682,0.2770971704228664,54.6220112693224,59.105133293251875,8.781064994904055,54.622011269322364,59.1051332932518,8.781064994904048,nan,-33.58563325943642,nan,-72.46025704667682,False,6.824165107045971,7cae880d76478c85,,-0.030494566772173957,0.21035626704714233,-1.7890447893575967e-05,-0.026401774054451356,13.847916093415884,-23.006510315019792,1.010487956052295,0.9897299420728883,-3.580982218137249
27,27648,0,8,4182,-0.12275199544606417,0.45833796172101515,505.24734251107986,505.26115661404214,1.0000273412679295,0.0,-0.0007028749729797926,-0.0007028749729797926,-0.0007028749729797926,-0.014109265299011235,0.9761511085698134,phase,54.500729687813575,58.838600447905094,8.760918552792953,54.55355442111335,59.61285167026931,8.769693425434111,54.50072968781355,58.83860044790503,8.76091855279295,54.55355442111341,59.612851670269336,8.769693425434122,-33.569689788018586,-81.5001977264121,0.2419982774801781,54.500729687813575,58.838600447905094,8.760918552792953,54.50072968781355,58.83860044790503,8.76091855279295,nan,-33.569689788018586,nan,-81.5001977264121,False,7.423309405918519,f92f0d3930cbc697,,-0.12275199544606417,0.45833796172101515,2.7341267929470447e-05,-0.0007028749729797926,13.805398814363922,-22.844427427776456,1.0104927909561354,0.9897252066198449,-3.580771355645355
28,28560,4,8,5245,0.33007161011310393,-0.2422465302238071,505.46959865421735,505.22937975908303,0.9995247609435387,0.0,-0.009045734062527564,-0.009045734062527564,-0.009045734062527564,-0.020352758985426347,-1.5315529838789443,phase,54.50841565536088,58.900102810590084,8.762195291588187,54.75631538851928,59.34542766207262,8.803374649255696,54.50841565536092,58.90010281059014,8.762195291588194,54.756315388519276,59.34542766207252,8.803374649255694,-33.53052790716431,-74.15012292838409,0.4665086511836627,54.50841565536088,58.900102810590084,8.762195291588187,54.50841565536092,58.90010281059014,8.762195291588194,nan,-33.53052790716431,nan,-74.15012292838409,False,7.026792045335198,fd948fd200a004ce,,0.33007161011310393,-0.2422465302238071,-0.00047523905646129627,-0.009045734062527564,13.919724284642909,-22.930093918850172,1.0104087514690419,0.9898075580693062,-3.5780576354265965
29,29580,1,7,6315,0.06942894086683296,-0.6575641867202959,505.1113202646864,505.52084821612607,1.000810767715966,0.0,0.020622071301747345,0.020622071301747345,0.020622071301747345,-0.1978140040364175,0.24642711688799707,phase,54.25750329637233,59.46887644976296,8.720515497736267,54.77643554620012,59.82741697716338,8.806716868139556,54.2575032963724,59.468876449763,8.72051549773628,54.776435546199984,59.8274169771632,8.806716868139533,-33.511678341947096,-70.26082655489192,0.2573641546214098,54.25750329637233,59.46887644976296,8.720515497736267,54.2575032963724,59.468876449763,8.72051549773628,nan,-33.511678341947096,nan,-70.26082655489192,False,7.045731529886552,744ed88ebdf0d321,,0.06942894086683296,-0.6575641867202959,0.0008107677159661097,0.020622071301747345,13.943774085545822,-23.16261130414982,1.0105521126582755,0.9896672336375323,-3.584244256817121
30,30600,5,7,7354,-0.0912846845694514,-0.022325456448659214,505.5041923024324,505.1318471827382,0.9992634183348743,0.0,0.04541240645463744,0.04541240645463744,0.04541240645463744,-0.09190611053356898,-3.071686512537206,phase,54.312072957584675,58.87813261341965,8.729580225512406,54.5079529375398,58.638359323570356,8.762118428162758,54.3120729575847,58.878132613419716,8.729580225512409,54.507952937539784,58.63835932357031,8.762118428162756,-33.55921735338954,-74.86488206281517,-0.068269943738823,54.312072957584675,58.87813261341965,8.729580225512406,54.3120729575847,58.878132613419716,8.729580225512409,nan,-33.55921735338954,nan,-74.86488206281517,False,7.761903629662718,a13652cd4ced742d,,-0.0912846845694514,-0.022325456448659214,-0.0007365816651256907,0.04541240645463744,13.912158061790983,-23.17050679618133,1.0104218506806537,0.9897948975517336,-3.597867978753512
31,31620,7,7,66,-0.7095271868448565,0.21528785797722078,505.74806231687666,505.0514009875222,0.9986225131023478,0.0,0.01012752808929153,0.01012752808929153,0.01012752808929153,-0.05369451930710512,-0.47759722950748196,phase,54.57268290121743,59.59555541719874,8.772870913823494,54.71467661022353,59.15120867858817,8.796457908675006,54.572682901217455,59.5955554171988,8.772870913823498,54.714676610223535,59.15120867858821,8.796457908675007,-33.5822176127476,-76.5036711321713,-0.2453274266958232,54.57268290121743,59.59555541719874,8.772870913823494,54.572682901217455,59.5955554171988,8.772870913823498,nan,-33.5822176127476,nan,-76.5036711321713,False,6.613699420442067,2f8f1ae773f849b5,,-0.7095271868448565,0.21528785797722078,-0.0013774868976521581,0.01012752808929153,13.66638495699479,-23.094379155517178,1.0101782781800812,0.9900338268366726,-3.6009062371802996
32,32640,1,7,1110,0.8385895648603997,-0.12842605853599198,504.58664281823985,505.4842925153067,1.0017789802997028,0.0,0.03247886361491901,0.03247886361491901,0.03247886361491901,-0.5135766743545737,-6.21857145630746,phase,54.60564924888311,58.72378586955111,8.778347051309488,54.60818016501645,58.93607303089212,8.778767469271836,54.605649248883175,58.72378586955115,8.778347051309499,54.60818016501651,58.9360730308921,8.778767469271846,-33.5390719670969,-63.16226296711881,0.37175661643134195,54.60564924888311,58.72378586955111,8.778347051309488,54.605649248883175,58.72378586955115,8.778347051309499,nan,-33.5390719670969,nan,-63.16226296711881,False,8.5549769162803,6c270c0aad89f38f,,0.8385895648603997,-0.12842605853599198,0.0017789802997028037,0.03247886361491901,13.956934015552964,-23.139780756219263,1.0104927684498934,0.9897261553103099,-3.6106498962647753
33,33660,6,7,2160,-0.11066411136811516,-0.21702984947155304,504.82881475630097,504.88556490943864,1.0001124146472604,0.0,-0.0016001599653444392,-0.0016001599653444392,-0.0016001599653444392,-0.02820896599199946,-1.109150033311579,phase,50.16396056249065,55.024478064608324,8.040525010380508,50.29254128166408,54.41318454589349,8.061883933831243,50.16396056249063,55.02447806460833,8.040525010380504,50.29254128166408,54.41318454589354,8.061883933831243,-33.5344093434175,-77.11127252134132,-0.21222980260244384,50.16396056249065,55.024478064608324,8.040525010380508,50.16396056249063,55.02447806460833,8.040525010380504,nan,-33.5344093434175,nan,-77.11127252134132,False,8.792870329663044,54aace7b4dad1ae6,,-0.11066411136811516,-0.21702984947155304,0.00011241464726041706,-0.0016001599653444392,13.91860376699685,-23.21652971036934,1.0105126474328152,0.9897066870484169,-3.610169848275172
34,34680,6,8,3235,-0.03047985175800819,-0.01004275799672219,505.0542232963114,505.09273306326577,1.0000762487772163,0.0,0.007208982151735344,0.007208982151735344,0.007208982151735344,-0.027562020764708997,-3.8309226942414054,phase,54.64454856013394,59.608711335142026,8.784808730919261,54.45439716379013,59.127940588076115,8.75322212023092,54.64454856013403,59.60871133514206,8.784808730919275,54.45439716379017,59.12794058807606,8.753222120230927,-33.556411353748764,-76.99242244813321,0.008164319741815973,54.64454856013394,59.608711335142026,8.784808730919261,54.64454856013403,59.60871133514206,8.784808730919275,nan,-33.556411353748764,nan,-76.99242244813321,False,6.638808410273763,e57b13a0a84c4773,,-0.03047985175800819,-0.01004275799672219,7.624877721634782e-05,0.007208982151735344,13.908046800547785,-23.220081232597945,1.0105261312447178,0.989693481868475,-3.6123325429206923
35,35700,1,8,4265,0.2771963841577385,0.6168140429881879,505.04276360986495,505.1504700542819,1.000213262028837,0.0,-0.022984548340787298,-0.022984548340787298,-0.022984548340787298,-0.033877038442849304,4.707166210324341,phase,54.63360909731069,59.0818773239334,8.78299154440377,54.30402154943238,58.27917664940469,8.728242782297738,54.63360909731076,59.081877323933476,8.782991544403782,54.30402154943236,58.279176649404675,8.728242782297736,-33.519867440230705,-76.98924763303422,-0.056910142256805685,54.63360909731069,59.0818773239334,8.78299154440377,54.63360909731076,59.081877323933476,8.782991544403782,nan,-33.519867440230705,nan,-76.98924763303422,False,7.549537627618768,ef88d47bc184e50d,,0.2771963841577385,0.6168140429881879,0.00021326202883709122,-0.022984548340787298,14.00405494071899,-23.001948124720656,1.0105638449439829,0.9896565535369086,-3.6054371784184562
36,36720,3,8,6510,0.22136701741021617,-0.30490558115314553,503.14723561484516,502.65562973511226,0.9990229383271237,0.0,0.015052145807692981,0.015052145807692981,0.015052145807692981,-0.09117589957410181,-5.872873582927806,phase,25.02123111070236,26.57272078806716,3.8639918788542125,25.033133423380015,26.577841591886525,3.8659690072059827,25.02123111070236,26.57272078806716,3.8639918788542125,25.033133423380004,26.577841591886518,3.865969007205981,-33.546660387877274,-75.0314411419866,0.08042347596301624,25.02123111070236,26.57272078806716,3.8639918788542125,25.02123111070236,26.57272078806716,3.8639918788542125,nan,-33.546660387877274,nan,-75.0314411419866,False,6.99871109453689,50987d4e1365c7f4,,0.22136701741021617,-0.30490558115314553,-0.000977061672876256,0.015052145807692981,14.080723482227985,-23.109780435861534,1.0103910528838274,0.9898259362446205,-3.609952822160764
37,37888,0,8,6396,0.22100751784422812,0.18753779356326086,505.4983300329722,505.19755161923223,0.9994049863355229,0.0,0.018536123693876156,0.018536123693876156,0.018536123693876156,-0.19037818231034268,2.1816780739778956,phase,54.57825249112189,60.02156701085465,8.773796094870747,54.40583046645698,59.55194163690565,8.745154562534383,54.57825249112183,60.021567010854675,8.773796094870736,54.40583046645703,59.55194163690571,8.745154562534392,-33.54283417653185,-70.89600248864626,-0.25404505860698556,54.57825249112189,60.02156701085465,8.773796094870747,54.57825249112183,60.021567010854675,8.773796094870736,nan,-33.54283417653185,nan,-70.89600248864626,False,7.381626576209648,abb91d08e9a4fd1b,,0.22100751784422812,0.18753779356326086,-0.0005950136644771176,0.018536123693876156,14.157280604368667,-23.043467536447956,1.0102858434993143,0.9899290656005623,-3.615513659268927
38,38760,1,7,7475,-0.22825808462734984,0.34824306772963126,504.7935966978166,505.41552357501257,1.0012320419301362,0.0,-0.026401385282954642,-0.026401385282954642,-0.026401385282954642,-0.3150028823934609,5.751872197187971,phase,54.533324165584986,58.778858561354134,8.766332917871262,54.396384498358906,58.59818725944894,8.743585464843672,54.533324165584986,58.778858561354156,8.766332917871262,54.3963844983589,58.59818725944889,8.743585464843672,-33.537393956990755,-65.87850174027082,-0.3633631214449995,54.533324165584986,58.778858561354134,8.766332917871262,54.533324165584986,58.778858561354156,8.766332917871262,nan,-33.537393956990755,nan,-65.87850174027082,False,7.921906381432801,fb5acd3eeb260602,,-0.22825808462734984,0.34824306772963126,0.0012320419301361518,-0.026401385282954642,14.078203647947248,-22.92034247835965,1.0105036685404218,0.9897158922686266,-3.6075932436840406
39,39780,2,8,232,-0.10594910003976848,0.2684246146426251,504.95354815908524,505.51837917617564,1.0011185801528668,0.0,0.0514257401840003,0.0514257401840003,0.0514257401840003,-0.05184105237430176,0.962045682050016,phase,54.577716512372675,59.61718485766082,8.773707061855927,54.61095180422327,58.77180738335089,8.779227874455694,54.577716512372575,59.61718485766072,8.77370706185591,54.61095180422319,58.771807383350776,8.77922787445568,-33.5447662910506,-77.82675035303981,-0.0665667798767835,54.577716512372675,59.61718485766082,8.773707061855927,54.577716512372575,59.61718485766072,8.77370706185591,nan,-33.5447662910506,nan,-77.82675035303981,False,7.653431474325235,503de305bf9045d4,,-0.10594910003976848,0.2684246146426251,0.0011185801528668105,0.0514257401840003,14.041506913270885,-22.825417646032697,1.0107014761763269,0.9895223703414514,-3.6230209657392405
40,40960,0,8,1308,0.04999131482780589,-0.08561867827801183,505.4761337377968,505.02078720280275,0.999099173027959,0.0,-0.030532990317491068,-0.030532990317491068,-0.030532990317491068,-0.28681182230093893,1.5937810516265272,phase,54.50354745431824,59.10618009675674,8.761386620318644,54.36582699027845,58.77000010358218,8.738509466823663,54.50354745431827,59.106180096756866,8.761386620318651,54.36582699027844,58.77000010358215,8.738509466823663,-33.5441273403527,-67.96145629133494,0.22337363299620172,54.50354745431824,59.10618009675674,8.761386620318644,54.50354745431827,59.106180096756866,8.761386620318651,nan,-33.5441273403527,nan,-67.96145629133494,False,8.01663142636746,e6fd80a9992e5850,,0.04999131482780589,-0.08561867827801183,-0.000900826972040969,-0.030532990317491068,14.058818612721376,-22.855701486292887,1.0105421444250031,0.9896785039679458,-3.613861068643993
41,41984,0,8,2369,0.18346474550238945,0.020971690112912,505.3299259245795,505.20753954067027,0.9997578089528631,0.0,-0.08814329565215583,-0.08814329565215583,-0.08814329565215583,-0.13169673482506408,-5.205588465261057,phase,54.51746353860226,58.889896102062245,8.76369826222629,54.79461915821929,59.40551125138492,8.809737401697557,54.517463538602236,58.88989610206218,8.763698262226287,54.79461915821922,59.405511251384944,8.809737401697546,-33.6063113617466,-70.65189274293937,0.1501244135734403,54.51746353860226,58.889896102062245,8.76369826222629,54.517463538602236,58.88989610206218,8.763698262226287,nan,-33.6063113617466,nan,-70.65189274293937,False,8.69042613435254,38b567cd3a949194,,0.18346474550238945,0.020971690112912,-0.0002421910471368527,-0.08814329565215583,14.122361396444042,-22.848284843908424,1.0104993141794796,0.9897204601021568,-3.5874180799483466
42,42840,7,8,3416,0.05352622556859312,-0.3015873179366556,505.2137428964264,505.3374037275689,1.000244769333537,0.0,0.03426464075679854,0.03426464075679854,0.03426464075679854,-0.03424690145263095,-2.507629905278846,phase,54.59892210551372,58.94554276439375,8.77722958563351,54.52608975935554,59.11321680565106,8.76513118926172,54.59892210551374,58.94554276439383,8.777229585633513,54.526089759355486,59.11321680565108,8.765131189261709,-33.54103881404326,-77.27483962533113,-0.004517770039178082,54.59892210551372,58.94554276439375,8.77722958563351,54.59892210551374,58.94554276439383,8.777229585633513,nan,-33.54103881404326,nan,-77.27483962533113,False,7.23865649229896,515d27e53d9101a5,,0.05352622556859312,-0.3015873179366556,0.00024476933353700936,0.03426464075679854,14.14090092307818,-22.954936737582457,1.0105425985471221,0.9896780761633989,-3.597697472175386
43,44032,0,8,4464,-0.3214561605919187,0.13568129874347315,505.48565320634697,505.0151116745994,0.9990691297987135,0.0,0.006372500649360791,0.006372500649360791,0.006372500649360791,-0.028128245225819856,-4.850061849514403,phase,54.62919214827784,59.822964504688315,8.782257831939841,54.70625827859644,58.68595572990014,8.795059514717018,54.62919214827788,59.82296450468834,8.782257831939848,54.70625827859653,58.68595572990014,8.795059514717032,-33.54591138059603,-77.10789756156211,-0.11624899286933221,54.62919214827784,59.822964504688315,8.782257831939841,54.62919214827788,59.82296450468834,8.782257831939848,nan,-33.54591138059603,nan,-77.10789756156211,False,8.277278530013644,50bc21b21a0701eb,,-0.3214561605919187,0.13568129874347315,-0.00093087020128646,0.006372500649360791,14.02956503642785,-22.906952998522268,1.0103779788485014,0.9898394471991315,-3.5996092223701943
44,44880,4,8,4975,-0.060282506056701365,0.06679920440490383,505.1023791488132,505.39844408039494,1.0005861483608147,0.0,-0.01979863350344079,-0.01979863350344079,-0.01979863350344079,-0.17422174366192048,-5.073691631124051,phase,54.19347812031891,58.86222880986837,8.709880086431713,54.40885827787491,58.628672877131,8.74565752124168,54.19347812031898,58.862228809868654,8.709880086431726,54.40885827787484,58.628672877130995,8.74565752124167,-33.58617535742062,-70.85632509951098,-0.018540819095394845,54.19347812031891,58.86222880986837,8.709880086431713,54.19347812031898,58.862228809868654,8.709880086431726,nan,-33.58617535742062,nan,-70.85632509951098,False,7.431689021446573,617df195f9e56376,,-0.060282506056701365,0.06679920440490383,0.00058614836081472,-0.01979863350344079,14.008682873948526,-22.883333287661205,1.0104816193428199,0.9897379729434472,-3.593669632319162
45,45900,2,7,6580,-0.048060412772964134,-0.07243532013998594,505.0365877091122,504.9078812659376,0.9997451542198983,0.0,0.026431119505464715,0.026431119505464715,0.026431119505464715,-0.05549105404312006,-3.325005477569002,phase,50.1500759333138,54.83174873327962,8.038218593573722,50.27988867848624,54.93561554901022,8.05978217250602,50.15007593331379,54.831748733279596,8.03821859357372,50.27988867848623,54.93561554901024,8.059782172506019,-33.555992922803895,-73.18330350243613,0.22734900721428453,50.1500759333138,54.83174873327962,8.038218593573722,50.15007593331379,54.831748733279596,8.03821859357372,nan,-33.555992922803895,nan,-73.18330350243613,False,6.8954894356763425,c35c1289690e8b56,,-0.048060412772964134,-0.07243532013998594,-0.000254845780101709,0.026431119505464715,13.992036213436801,-22.908948513854455,1.010436553871922,0.9897821245408125,-3.6015989681708014
46,46920,5,7,7613,-0.007100619614660256,-0.24217389378147186,505.03326979966346,505.2517395530213,1.000432584873952,0.0,-0.013249840812401104,-0.013249840812401104,-0.013249840812401104,-0.09168119440125166,2.465073632288514,phase,54.65910738341367,59.15396340984722,8.787227140101939,54.408930214082574,59.371253850442464,8.745669470777838,54.659107383413684,59.153963409847194,8.787227140101942,54.40893021408267,59.371253850442436,8.745669470777854,-33.56677713145311,-77.24829874757665,0.046532278718869335,54.65910738341367,59.15396340984722,8.787227140101939,54.659107383413684,59.153963409847194,8.787227140101942,nan,-33.56677713145311,nan,-77.24829874757665,False,7.061855237685302,d34529e89b2761ba,,-0.007100619614660256,-0.24217389378147186,0.00043258487395192446,-0.013249840812401104,13.98957666577336,-22.994584393430316,1.0105130462965484,0.9897072281041508,-3.597624015927081
47,47940,3,8,365,0.20987545775082123,0.2011570034647885,504.54612812714737,505.0510956742992,1.0010008352437987,0.0,0.023003430036623865,0.023003430036623865,0.023003430036623865,-0.024140207854265922,-6.133587523043852,phase,54.368669013946295,59.3123590866692,8.738981563778456,54.3709154981859,59.175116033097915,8.739354733917924,54.36866901394632,59.31235908666916,8.73898156377846,54.370915498185866,59.17511603309791,8.739354733917919,-33.54966447729033,-76.54936027089457,0.017581226154948837,54.368669013946295,59.3123590866692,8.738981563778456,54.36866901394632,59.31235908666916,8.73898156377846,nan,-33.54966447729033,nan,-76.54936027089457,False,7.453619814345795,83bab20527d16f73,,0.20987545775082123,0.2011570034647885,0.0010008352437986812,0.023003430036623865,14.062268859587185,-22.92344724376279,1.0106900337839824,0.9895340579907909,-3.604525044938068
48,48960,4,8,1402,0.09373514842471309,-0.11511423869202987,505.3638867034571,505.31957382953385,0.9999123149178459,0.0,-0.02087818694420108,-0.02087818694420108,-0.02087818694420108,-0.3087696815752313,3.9443638381032344,phase,54.65091398566059,59.54599429691847,8.78586611057485,54.53847463518681,58.89763223402674,8.767188477605783,54.65091398566056,59.54599429691843,8.785866110574844,54.53847463518686,58.89763223402679,8.767188477605792,-33.52864500365749,-68.30986414780905,-0.04228318899755301,54.65091398566059,59.54599429691847,8.78586611057485,54.65091398566056,59.54599429691843,8.785866110574844,nan,-33.52864500365749,nan,-68.30986414780905,False,8.451170540055198,482552c3b3999aa5,,0.09373514842471309,-0.11511423869202987,-8.768508215406534e-05,-0.02087818694420108,14.094729159829605,-22.96416335981444,1.0106745248572195,0.9895492436129979,-3.598261588854808
49,49980,6,8,2468,0.30511229635768977,0.05105216799478729,505.50316403557576,505.55872394542405,1.0001099101129354,0.0,0.009166973520391926,0.009166973520391926,0.009166973520391926,-0.23467880515211095,5.384303689625315,phase,54.0600909002298,58.31104886832435,8.687722740901961,54.69181653854167,59.19054058161022,8.79266055457503,54.060090900229866,58.31104886832442,8.687722740901972,54.691816538541616,59.190540581610094,8.79266055457502,-33.55101945836161,-68.69156260173752,-0.14706588454995817,54.0600909002298,58.31104886832435,8.687722740901961,54.060090900229866,58.31104886832442,8.687722740901972,nan,-33.55101945836161,nan,-68.69156260173752,False,8.17302363636775,0e56a86bb28bead8,,0.30511229635768977,0.05105216799478729,0.00010991011293537412,0.009166973520391926,14.200390578118819,-22.946106392045017,1.0106939644436739,0.9895302124476194,-3.6010116809109256
50,51000,7,8,650,0.34215871327229197,0.18440051336892416,505.24037319949724,504.5790662392443,0.9986911042835609,0.0,0.015098371608807518,0.015098371608807518,0.015098371608807518,-0.31335362061561056,-4.723925586593334,phase,54.55797111163986,59.16031851491078,8.770427094956789,54.387195027037826,58.775676825072225,8.742058974591002,54.557971111639844,59.160318514910806,8.770427094956785,54.38719502703785,58.77567682507231,8.742058974591005,-33.50588008550917,-69.84540148716022,-0.17951376372029704,54.55797111163986,59.16031851491078,8.770427094956789,54.557971111639844,59.160318514910806,8.770427094956785,nan,-33.50588008550917,nan,-69.84540148716022,False,6.987998848261359,fc62ca372353d61e,,0.34215871327229197,0.18440051336892416,-0.0013088957164391068,0.015098371608807518,14.318879016615847,-22.880883340876643,1.0104624581685528,0.9897571680837424,-3.605541192393568
51,52020,6,8,4554,-0.6729136358491035,-0.1287375139551643,505.0436003373489,505.5004956163929,1.0009046650204831,0.0,-0.017407563444720987,-0.017407563444720987,-0.017407563444720987,-0.03509805243228674,-8.596323701976708,phase,54.35176650259429,59.0992862828618,8.736173837640248,54.76143057333513,59.83492570536528,8.80422434773009,54.35176650259433,59.09928628286187,8.736173837640255,54.76143057333512,59.83492570536533,8.804224347730088,-33.588954575882596,-74.44582963925014,-0.21368004953852626,54.35176650259429,59.0992862828618,8.736173837640248,54.35176650259433,59.09928628286187,8.736173837640255,nan,-33.588954575882596,nan,-74.44582963925014,False,7.655195013798355,ba5f8c0e24c3a759,,-0.6729136358491035,-0.1287375139551643,0.0009046650204831419,-0.017407563444720987,14.085797846065422,-22.926407769834853,1.0106224309256258,0.989600614941365,-3.6003189233601516
52,53040,3,8,5059,0.3452447679251307,-0.49430543387691966,505.2255476808943,504.8546145815346,0.9992658069231408,0.0,-0.015153301948643526,-0.015153301948643526,-0.015153301948643526,-0.19025022244744147,12.079760407153538,phase,54.447979684270976,58.741074503840366,8.75215609373272,54.57444762516134,59.43770265533303,8.773164057335771,54.44797968427092,58.741074503840295,8.752156093732712,54.57444762516125,59.43770265533301,8.773164057335757,-33.521059891174325,-71.17503921753533,0.12350438076410875,54.447979684270976,58.741074503840366,8.75215609373272,54.44797968427092,58.741074503840295,8.752156093732712,nan,-33.521059891174325,nan,-71.17503921753533,False,7.390918286106314,f5d2772a21eebdcb,,0.3452447679251307,-0.49430543387691966,-0.0007341930768591798,-0.015153301948643526,14.205363437602038,-23.1012327439151,1.0104925823270077,0.9897278559969277,-3.5957729327755583
53,54060,4,8,6653,-0.09631001384166969,-0.2902835009200014,505.3335415493247,504.70570160788424,0.9987575731871754,0.0,-0.026235413710417762,-0.026235413710417762,-0.026235413710417762,-0.03296836410898867,0.15437677850453743,phase,54.59780980075442,58.89080576765907,8.777044817401068,54.32951951605902,59.052446492885636,8.732478324926749,54.59780980075443,58.890805767658925,8.77704481740107,54.329519516059044,59.052446492885615,8.732478324926753,-33.56917623652717,-75.38717919244165,-0.3740703540053425,54.59780980075442,58.89080576765907,8.777044817401068,54.59780980075443,58.890805767658925,8.77704481740107,nan,-33.56917623652717,nan,-75.38717919244165,False,7.046796099314105,952664a44cb53677,,-0.09631001384166969,-0.2902835009200014,-0.001242426812824604,-0.026235413710417762,14.17200494944079,-23.203886442814646,1.01027287628828,0.9899433149634204,-3.587902308662433
54,55296,0,7,7729,-0.04260022506235728,0.4327295629523368,505.1905909917536,504.99117402531397,0.9996052638944677,0.0,-0.04414911580573337,-0.04414911580573337,-0.04414911580573337,-0.3517390133449097,-2.9041887099568755,phase,54.894676064096195,59.26398048401184,8.826358150182093,54.70138567511832,58.93395985505394,8.794250112145901,54.89467606409616,59.26398048401175,8.826358150182088,54.701385675118374,58.933959855054006,8.79425011214591,-33.52671609441496,-65.06762589132643,-0.4392863611639548,54.894676064096195,59.26398048401184,8.826358150182093,54.89467606409616,59.26398048401175,8.826358150182088,nan,-33.52671609441496,nan,-65.06762589132643,False,7.499955648453948,fc9c46ef719629fc,,-0.04260022506235728,0.4327295629523368,-0.00039473610553231175,-0.04414911580573337,14.1572464825733,-23.050892483722237,1.0102030878316557,0.9900117260823071,-3.574657573920713
55,56100,4,7,483,-0.31136638573344944,-0.0972592258589473,505.58498837094487,505.1256601014301,0.9990914914800086,0.0,0.060258368367107365,0.060258368367107365,0.060258368367107365,-0.47487726280034565,2.9658833044347963,phase,50.206577342085,54.39793460029164,8.047604209648672,50.142836923651075,54.28383993698496,8.037016100274267,50.206577342085,54.39793460029164,8.047604209648672,50.14283692365099,54.28383993698483,8.037016100274252,-33.56929928500877,-64.6444849796274,-0.5221963940803054,50.206577342085,54.39793460029164,8.047604209648672,50.206577342085,54.39793460029164,8.047604209648672,nan,-33.56929928500877,nan,-64.6444849796274,False,7.992174405119253,776901461ceb055a,,-0.31136638573344944,-0.0972592258589473,-0.0009085085199913578,0.060258368367107365,14.049368931693285,-23.085276651256635,1.0100424766620177,0.9901692701778667,-3.592735084430845
56,57120,2,8,1565,0.10589143889177183,-0.22782309871924156,505.18811461655474,505.1934617992265,1.0000105845377534,0.0,-0.018519416023833377,-0.018519416023833377,-0.018519416023833377,-0.7066225028037321,-4.483250373177146,phase,54.49673549380644,59.218357387086904,8.760255065416354,54.68620347815873,59.03578946942133,8.791728152518063,54.49673549380648,59.21835738708688,8.760255065416361,54.68620347815873,59.035789469421346,8.791728152518063,-33.57710366744605,-61.22471482310242,-0.09765027923582892,54.49673549380644,59.218357387086904,8.760255065416354,54.49673549380648,59.21835738708688,8.760255065416361,nan,-33.57710366744605,nan,-61.22471482310242,False,9.087048730182213,196c8a1afb5b5dca,,0.10589143889177183,-0.22782309871924156,1.0584537753377532e-05,-0.018519416023833377,14.086062441588634,-23.165806402030874,1.0100443475577447,0.9901674361125754,-3.5871792596236953
57,58140,1,8,2594,0.09316571179759306,0.15161344614647965,505.2950416303968,505.3057885972555,1.0000212686964511,0.0,0.04447718093466773,0.04447718093466773,0.04447718093466773,-0.6881365717526934,-2.6044467185748488,phase,54.54748878602129,59.008098289247826,8.768685844854035,54.52851069389225,59.430286209391795,8.765533337855857,54.547488786021255,59.00809828924777,8.76868584485403,54.528510693892315,59.43028620939174,8.765533337855867,-33.577806370779065,-61.28969148676476,-0.2676498582615028,54.54748878602129,59.008098289247826,8.768685844854035,54.547488786021255,59.00809828924777,8.76868584485403,nan,-33.577806370779065,nan,-61.28969148676476,False,7.756939615721417,79f5f3dd3bd34983,,0.09316571179759306,0.15161344614647965,2.1268696451137714e-05,0.04447718093466773,14.118346171711973,-23.112214752562377,1.010048106964905,0.9901637507660969,-3.6005224139040957
58,59160,3,8,807,-0.11288223007030733,0.2601685121743552,505.13050715416307,505.27007905122935,1.00027630858776,0.0,0.0013688718815856348,0.0013688718815856348,0.0013688718815856348,-0.7338414914476683,-1.4689209186148955,phase,54.281667240449345,58.93656105132577,8.724529441935108,54.466646695832075,59.04937543052229,8.755256926217953,54.28166724044941,58.93656105132586,8.724529441935118,54.46664669583208,59.04937543052231,8.755256926217955,-33.56085819518994,-60.936493691937756,-0.23893433738600933,54.281667240449345,58.93656105132577,8.724529441935108,54.28166724044941,58.93656105132586,8.724529441935118,nan,-33.56085819518994,nan,-60.936493691937756,False,7.409196124997321,4b545b2d5e9aa7d4,,-0.11288223007030733,0.2601685121743552,0.0002763085877599547,0.0013688718815856348,14.079230430340676,-23.0202511968469,1.0100969468339558,0.9901158856108159,-3.6009330754685713
59,60180,7,8,4711,-0.3287768521641219,-0.10590123620858938,505.25992523514975,505.4638925799563,1.0004036879527138,0.0,-0.03287818356831085,-0.03287818356831085,-0.03287818356831085,-0.6497141834754848,-0.8283340945288624,phase,54.37794154162097,59.83029938915117,8.740521850767603,54.64078130072242,59.16039355180976,8.78418294031934,54.3779415416209,59.83029938915121,8.740521850767593,54.64078130072241,59.160393551809776,8.784182940319338,-33.56240911524529,-61.97109295023159,-0.2281450483775398,54.37794154162097,59.83029938915117,8.740521850767603,54.3779415416209,59.83029938915121,8.740521850767593,nan,-33.56240911524529,nan,-61.97109295023159,False,7.799565708206317,2b6cddd6f33d1dc9,,-0.3287768521641219,-0.10590123620858938,0.00040368795271383817,-0.03287818356831085,13.96530879280071,-23.057686645779366,1.0101683055284452,0.9900459667116411,-3.591069620398078
