scenario,stage,stage_iteration,frame_index,accepted,rejection_reason,estimated_lag,correlation,offset_correction,gain_correction,estimated_skew_samples,status
offset_positive,offset,0,0,1,none,0.000000,1.000000,-10.000000,1.000000,nan,offset
offset_positive,offset,1,1,1,none,0.000000,1.000000,-15.000000,1.000000,nan,offset
offset_positive,offset,2,2,1,none,0.000000,1.000000,-17.500000,1.000000,nan,offset
offset_positive,offset,3,3,1,none,0.000000,1.000000,-18.750000,1.000000,nan,offset
offset_positive,offset,4,4,1,none,0.000000,1.000000,-19.375000,1.000000,nan,offset
offset_positive,gain,5,5,1,none,0.000000,1.000000,-19.375000,1.000000,nan,gain
offset_positive,complete,6,6,1,none,0.000000,1.000000,-19.375000,1.000000,nan,complete
offset_negative,offset,0,0,1,none,0.000000,1.000000,10.000000,1.000000,nan,offset
offset_negative,offset,1,1,1,none,0.000000,1.000000,15.000000,1.000000,nan,offset
offset_negative,offset,2,2,1,none,0.000000,1.000000,17.500000,1.000000,nan,offset
offset_negative,offset,3,3,1,none,0.000000,1.000000,18.750000,1.000000,nan,offset
offset_negative,offset,4,4,1,none,0.000000,1.000000,19.375000,1.000000,nan,offset
offset_negative,gain,5,5,1,none,0.000000,1.000000,19.375000,1.000000,nan,gain
offset_negative,complete,6,6,1,none,0.000000,1.000000,19.375000,1.000000,nan,complete
noisy,offset,0,0,1,none,-0.001047,0.999954,-5.939468,1.000000,nan,offset
noisy,offset,1,1,1,none,0.000317,0.999957,-8.831447,1.000000,nan,offset
noisy,offset,2,2,1,none,-0.002568,0.999954,-10.565330,1.000000,nan,offset
noisy,offset,3,3,1,none,-0.000501,0.999952,-11.390440,1.000000,nan,offset
noisy,gain,4,4,1,none,-0.003431,0.999958,-11.390440,1.000000,nan,gain
noisy,complete,5,5,1,none,0.002989,0.999950,-11.390440,1.000000,nan,complete
gain_low,gain,0,0,1,none,0.000001,1.000000,0.000000,1.000000,nan,gain
gain_low,gain,1,1,1,none,0.000001,1.000000,0.000000,1.049999,nan,gain
gain_low,gain,2,2,1,none,0.000001,1.000000,0.000000,1.091998,nan,gain
gain_low,gain,3,3,1,none,0.000001,1.000000,0.000000,1.126504,nan,gain
gain_low,gain,4,4,1,none,0.000001,1.000000,0.000000,1.154326,nan,gain
gain_low,gain,5,5,1,none,0.000001,1.000000,0.000000,1.176413,nan,gain
gain_low,gain,6,6,1,none,0.000001,1.000000,0.000000,1.193725,nan,gain
gain_low,gain,7,7,1,none,0.000001,1.000000,0.000000,1.207159,nan,gain
gain_low,gain,8,8,1,none,0.000001,1.000000,0.000000,1.217500,nan,gain
gain_low,gain,9,9,1,none,0.000001,1.000000,0.000000,1.225412,nan,gain
gain_low,gain,10,10,1,none,0.000001,1.000000,0.000000,1.231437,nan,gain
gain_low,gain,11,11,1,none,0.000001,1.000000,0.000000,1.236007,nan,gain
gain_low,gain,12,12,1,none,0.000001,1.000000,0.000000,1.239464,nan,gain
gain_low,complete,13,13,1,none,0.000001,1.000000,0.000000,1.239464,nan,complete
gain_high,gain,0,0,1,none,0.000001,1.000000,0.000000,1.000000,nan,gain
gain_high,gain,1,1,1,none,0.000001,1.000000,0.000000,0.949999,nan,gain
gain_high,gain,2,2,1,none,0.000001,1.000000,0.000000,0.916749,nan,gain
gain_high,gain,3,3,1,none,0.000001,1.000000,0.000000,0.893807,nan,gain
gain_high,gain,4,4,1,none,0.000001,1.000000,0.000000,0.877591,nan,gain
gain_high,gain,5,5,1,none,0.000001,1.000000,0.000000,0.865939,nan,gain
gain_high,gain,6,6,1,none,0.000001,1.000000,0.000000,0.857468,nan,gain
gain_high,gain,7,7,1,none,0.000001,1.000000,0.000000,0.851259,nan,gain
gain_high,gain,8,8,1,none,0.000001,1.000000,0.000000,0.846681,nan,gain
gain_high,gain,9,9,1,none,0.000001,1.000000,0.000000,0.843290,nan,gain
gain_high,gain,10,10,1,none,0.000001,1.000000,0.000000,0.840771,nan,gain
gain_high,complete,11,11,1,none,0.000001,1.000000,0.000000,0.840771,nan,complete
gain_saturation,gain,0,0,1,none,-0.000692,0.999990,0.000000,1.000000,nan,gain
gain_saturation,gain,1,1,1,none,-0.000692,0.999990,0.000000,1.237499,nan,gain
gain_saturation,gain,2,2,1,none,-0.000692,0.999990,0.000000,1.527728,nan,gain
gain_saturation,gain,3,3,1,none,-0.000692,0.999990,0.000000,1.880482,nan,gain
gain_saturation,gain,4,4,1,none,-0.000692,0.999990,0.000000,2.306395,nan,gain
gain_saturation,gain,5,5,1,none,-0.000692,0.999990,0.000000,2.816492,nan,gain
gain_saturation,gain,6,6,1,none,-0.000692,0.999990,0.000000,3.421445,nan,gain
gain_saturation,gain,7,7,1,none,-0.000692,0.999990,0.000000,4.130460,nan,gain
gain_saturation,gain,8,8,1,none,-0.000692,0.999990,0.000000,4.949790,nan,gain
gain_saturation,gain,9,9,1,none,-0.000692,0.999990,0.000000,5.880944,nan,gain
gain_saturation,gain,10,10,1,none,-0.000692,0.999990,0.000000,6.918808,nan,gain
gain_saturation,gain,11,11,1,none,-0.000692,0.999990,0.000000,8.000000,nan,gain
gain_saturation,gain,12,12,1,none,-0.000692,0.999990,0.000000,8.000000,nan,gain
gain_saturation,gain,13,13,1,none,-0.000692,0.999990,0.000000,8.000000,nan,gain
gain_saturation,gain,14,14,1,none,-0.000692,0.999990,0.000000,8.000000,nan,gain
gain_saturation,gain,15,15,1,none,-0.000692,0.999990,0.000000,8.000000,nan,gain
gain_saturation,gain,16,16,1,none,-0.000692,0.999990,0.000000,8.000000,nan,gain
gain_saturation,gain,17,17,1,none,-0.000692,0.999990,0.000000,8.000000,nan,gain
gain_saturation,gain,18,18,1,none,-0.000692,0.999990,0.000000,8.000000,nan,gain
gain_saturation,gain,19,19,1,none,-0.000692,0.999990,0.000000,8.000000,nan,gain
gain_saturation,gain,20,20,1,none,-0.000692,0.999990,0.000000,8.000000,nan,gain
gain_saturation,failed,21,21,1,none,-0.000692,0.999990,0.000000,8.000000,nan,failed
gain_saturation,failed,22,22,1,none,-0.000692,0.999990,0.000000,8.000000,nan,failed
gain_saturation,failed,23,23,1,none,-0.000692,0.999990,0.000000,8.000000,nan,failed
gain_saturation,failed,24,24,1,none,-0.000692,0.999990,0.000000,8.000000,nan,failed
gain_saturation,failed,25,25,1,none,-0.000692,0.999990,0.000000,8.000000,nan,failed
gain_saturation,failed,26,26,1,none,-0.000692,0.999990,0.000000,8.000000,nan,failed
gain_saturation,failed,27,27,1,none,-0.000692,0.999990,0.000000,8.000000,nan,failed
gain_saturation,failed,28,28,1,none,-0.000692,0.999990,0.000000,8.000000,nan,failed
gain_saturation,failed,29,29,1,none,-0.000692,0.999990,0.000000,8.000000,nan,failed
gain_saturation,failed,30,30,1,none,-0.000692,0.999990,0.000000,8.000000,nan,failed
gain_saturation,failed,31,31,1,none,-0.000692,0.999990,0.000000,8.000000,nan,failed
gain_saturation,failed,32,32,1,none,-0.000692,0.999990,0.000000,8.000000,nan,failed
gain_saturation,failed,33,33,1,none,-0.000692,0.999990,0.000000,8.000000,nan,failed
gain_saturation,failed,34,34,1,none,-0.000692,0.999990,0.000000,8.000000,nan,failed
gain_saturation,failed,35,35,1,none,-0.000692,0.999990,0.000000,8.000000,nan,failed
gain_saturation,failed,36,36,1,none,-0.000692,0.999990,0.000000,8.000000,nan,failed
gain_saturation,failed,37,37,1,none,-0.000692,0.999990,0.000000,8.000000,nan,failed
gain_saturation,failed,38,38,1,none,-0.000692,0.999990,0.000000,8.000000,nan,failed
gain_saturation,failed,39,39,1,none,-0.000692,0.999990,0.000000,8.000000,nan,failed
gain_saturation,failed,40,40,1,none,-0.000692,0.999990,0.000000,8.000000,nan,failed
gain_saturation,failed,41,41,1,none,-0.000692,0.999990,0.000000,8.000000,nan,failed
gain_saturation,failed,42,42,1,none,-0.000692,0.999990,0.000000,8.000000,nan,failed
gain_saturation,failed,43,43,1,none,-0.000692,0.999990,0.000000,8.000000,nan,failed
gain_saturation,failed,44,44,1,none,-0.000692,0.999990,0.000000,8.000000,nan,failed
gain_saturation,failed,45,45,1,none,-0.000692,0.999990,0.000000,8.000000,nan,failed
gain_saturation,failed,46,46,1,none,-0.000692,0.999990,0.000000,8.000000,nan,failed
gain_saturation,failed,47,47,1,none,-0.000692,0.999990,0.000000,8.000000,nan,failed
gain_saturation,failed,48,48,1,none,-0.000692,0.999990,0.000000,8.000000,nan,failed
gain_saturation,failed,49,49,1,none,-0.000692,0.999990,0.000000,8.000000,nan,failed
gain_saturation,failed,50,50,1,none,-0.000692,0.999990,0.000000,8.000000,nan,failed
gain_saturation,failed,51,51,1,none,-0.000692,0.999990,0.000000,8.000000,nan,failed
gain_saturation,failed,52,52,1,none,-0.000692,0.999990,0.000000,8.000000,nan,failed
gain_saturation,failed,53,53,1,none,-0.000692,0.999990,0.000000,8.000000,nan,failed
gain_saturation,failed,54,54,1,none,-0.000692,0.999990,0.000000,8.000000,nan,failed
gain_saturation,failed,55,55,1,none,-0.000692,0.999990,0.000000,8.000000,nan,failed
gain_saturation,failed,56,56,1,none,-0.000692,0.999990,0.000000,8.000000,nan,failed
gain_saturation,failed,57,57,1,none,-0.000692,0.999990,0.000000,8.000000,nan,failed
gain_saturation,failed,58,58,1,none,-0.000692,0.999990,0.000000,8.000000,nan,failed
gain_saturation,failed,59,59,1,none,-0.000692,0.999990,0.000000,8.000000,nan,failed
nominal,offset,0,0,1,none,-0.000091,1.000000,-1.993602,1.000000,nan,offset
nominal,offset,1,1,1,none,0.000057,1.000000,-2.984498,1.000000,nan,offset
nominal,offset,2,2,1,none,-0.000304,1.000000,-3.512426,1.000000,nan,offset
nominal,gain,3,3,1,none,-0.000021,0.999999,-3.512426,1.000000,nan,gain
nominal,complete,4,4,1,none,-0.000328,1.000000,-3.512426,1.000000,nan,complete
timing_shift,gain,0,0,1,none,-203.000690,0.999908,0.000000,1.000000,nan,gain
timing_shift,complete,1,1,1,none,-208.000690,0.999908,0.000000,1.000000,nan,complete
noisy,offset,0,0,1,none,-0.001047,0.999954,-5.939468,1.000000,nan,offset
noisy,offset,1,1,1,none,0.000317,0.999957,-8.831447,1.000000,nan,offset
noisy,offset,2,2,1,none,-0.002568,0.999954,-10.565330,1.000000,nan,offset
noisy,offset,3,3,1,none,-0.000501,0.999952,-11.390440,1.000000,nan,offset
noisy,gain,4,4,1,none,-0.003431,0.999958,-11.390440,1.000000,nan,gain
noisy,complete,5,5,1,none,0.002989,0.999950,-11.390440,1.000000,nan,complete
bad_reference,gain,0,0,1,none,0.000000,1.000000,0.000000,1.000000,nan,gain
bad_reference,complete,1,1,1,none,0.000000,1.000000,0.000000,1.000000,nan,complete
offset_positive,offset,0,0,1,none,0.000000,1.000000,-10.000000,1.000000,nan,offset
offset_positive,offset,1,1,1,none,0.000000,1.000000,-15.000000,1.000000,nan,offset
offset_positive,offset,2,2,1,none,0.000000,1.000000,-17.500000,1.000000,nan,offset
offset_positive,offset,3,3,1,none,0.000000,1.000000,-18.750000,1.000000,nan,offset
offset_positive,offset,4,4,1,none,0.000000,1.000000,-19.375000,1.000000,nan,offset
offset_positive,gain,5,5,1,none,0.000000,1.000000,-19.375000,1.000000,nan,gain
offset_positive,complete,6,6,1,none,0.000000,1.000000,-19.375000,1.000000,nan,complete
offset_negative,offset,0,0,1,none,0.000000,1.000000,10.000000,1.000000,nan,offset
offset_negative,offset,1,1,1,none,0.000000,1.000000,15.000000,1.000000,nan,offset
offset_negative,offset,2,2,1,none,0.000000,1.000000,17.500000,1.000000,nan,offset
offset_negative,offset,3,3,1,none,0.000000,1.000000,18.750000,1.000000,nan,offset
offset_negative,offset,4,4,1,none,0.000000,1.000000,19.375000,1.000000,nan,offset
offset_negative,gain,5,5,1,none,0.000000,1.000000,19.375000,1.000000,nan,gain
offset_negative,complete,6,6,1,none,0.000000,1.000000,19.375000,1.000000,nan,complete
gain_low,gain,0,0,1,none,0.000001,1.000000,0.000000,1.000000,nan,gain
gain_low,gain,1,1,1,none,0.000001,1.000000,0.000000,1.049999,nan,gain
gain_low,gain,2,2,1,none,0.000001,1.000000,0.000000,1.091998,nan,gain
gain_low,gain,3,3,1,none,0.000001,1.000000,0.000000,1.126504,nan,gain
gain_low,gain,4,4,1,none,0.000001,1.000000,0.000000,1.154326,nan,gain
gain_low,gain,5,5,1,none,0.000001,1.000000,0.000000,1.176413,nan,gain
gain_low,gain,6,6,1,none,0.000001,1.000000,0.000000,1.193725,nan,gain
gain_low,gain,7,7,1,none,0.000001,1.000000,0.000000,1.207159,nan,gain
gain_low,gain,8,8,1,none,0.000001,1.000000,0.000000,1.217500,nan,gain
gain_low,gain,9,9,1,none,0.000001,1.000000,0.000000,1.225412,nan,gain
gain_low,gain,10,10,1,none,0.000001,1.000000,0.000000,1.231437,nan,gain
gain_low,gain,11,11,1,none,0.000001,1.000000,0.000000,1.236007,nan,gain
gain_low,gain,12,12,1,none,0.000001,1.000000,0.000000,1.239464,nan,gain
gain_low,complete,13,13,1,none,0.000001,1.000000,0.000000,1.239464,nan,complete
gain_high,gain,0,0,1,none,0.000001,1.000000,0.000000,1.000000,nan,gain
gain_high,gain,1,1,1,none,0.000001,1.000000,0.000000,0.949999,nan,gain
gain_high,gain,2,2,1,none,0.000001,1.000000,0.000000,0.916749,nan,gain
gain_high,gain,3,3,1,none,0.000001,1.000000,0.000000,0.893807,nan,gain
gain_high,gain,4,4,1,none,0.000001,1.000000,0.000000,0.877591,nan,gain
gain_high,gain,5,5,1,none,0.000001,1.000000,0.000000,0.865939,nan,gain
gain_high,gain,6,6,1,none,0.000001,1.000000,0.000000,0.857468,nan,gain
gain_high,gain,7,7,1,none,0.000001,1.000000,0.000000,0.851259,nan,gain
gain_high,gain,8,8,1,none,0.000001,1.000000,0.000000,0.846681,nan,gain
gain_high,gain,9,9,1,none,0.000001,1.000000,0.000000,0.843290,nan,gain
gain_high,gain,10,10,1,none,0.000001,1.000000,0.000000,0.840771,nan,gain
gain_high,complete,11,11,1,none,0.000001,1.000000,0.000000,0.840771,nan,complete
gain_saturation,gain,0,0,1,none,-0.000692,0.999990,0.000000,1.000000,nan,gain
gain_saturation,gain,1,1,1,none,-0.000692,0.999990,0.000000,1.237499,nan,gain
gain_saturation,gain,2,2,1,none,-0.000692,0.999990,0.000000,1.527728,nan,gain
gain_saturation,gain,3,3,1,none,-0.000692,0.999990,0.000000,1.880482,nan,gain
gain_saturation,gain,4,4,1,none,-0.000692,0.999990,0.000000,2.306395,nan,gain
gain_saturation,gain,5,5,1,none,-0.000692,0.999990,0.000000,2.816492,nan,gain
gain_saturation,gain,6,6,1,none,-0.000692,0.999990,0.000000,3.421445,nan,gain
gain_saturation,gain,7,7,1,none,-0.000692,0.999990,0.000000,4.130460,nan,gain
gain_saturation,gain,8,8,1,none,-0.000692,0.999990,0.000000,4.949790,nan,gain
gain_saturation,gain,9,9,1,none,-0.000692,0.999990,0.000000,5.880944,nan,gain
gain_saturation,gain,10,10,1,none,-0.000692,0.999990,0.000000,6.918808,nan,gain
gain_saturation,gain,11,11,1,none,-0.000692,0.999990,0.000000,8.000000,nan,gain
gain_saturation,gain,12,12,1,none,-0.000692,0.999990,0.000000,8.000000,nan,gain
gain_saturation,gain,13,13,1,none,-0.000692,0.999990,0.000000,8.000000,nan,gain
gain_saturation,gain,14,14,1,none,-0.000692,0.999990,0.000000,8.000000,nan,gain
gain_saturation,gain,15,15,1,none,-0.000692,0.999990,0.000000,8.000000,nan,gain
gain_saturation,gain,16,16,1,none,-0.000692,0.999990,0.000000,8.000000,nan,gain
gain_saturation,gain,17,17,1,none,-0.000692,0.999990,0.000000,8.000000,nan,gain
gain_saturation,gain,18,18,1,none,-0.000692,0.999990,0.000000,8.000000,nan,gain
gain_saturation,gain,19,19,1,none,-0.000692,0.999990,0.000000,8.000000,nan,gain
gain_saturation,gain,20,20,1,none,-0.000692,0.999990,0.000000,8.000000,nan,gain
gain_saturation,failed,21,21,1,none,-0.000692,0.999990,0.000000,8.000000,nan,failed
gain_saturation,failed,22,22,1,none,-0.000692,0.999990,0.000000,8.000000,nan,failed
gain_saturation,failed,23,23,1,none,-0.000692,0.999990,0.000000,8.000000,nan,failed
gain_saturation,failed,24,24,1,none,-0.000692,0.999990,0.000000,8.000000,nan,failed
gain_saturation,failed,25,25,1,none,-0.000692,0.999990,0.000000,8.000000,nan,failed
gain_saturation,failed,26,26,1,none,-0.000692,0.999990,0.000000,8.000000,nan,failed
gain_saturation,failed,27,27,1,none,-0.000692,0.999990,0.000000,8.000000,nan,failed
gain_saturation,failed,28,28,1,none,-0.000692,0.999990,0.000000,8.000000,nan,failed
gain_saturation,failed,29,29,1,none,-0.000692,0.999990,0.000000,8.000000,nan,failed
gain_saturation,failed,30,30,1,none,-0.000692,0.999990,0.000000,8.000000,nan,failed
gain_saturation,failed,31,31,1,none,-0.000692,0.999990,0.000000,8.000000,nan,failed
gain_saturation,failed,32,32,1,none,-0.000692,0.999990,0.000000,8.000000,nan,failed
gain_saturation,failed,33,33,1,none,-0.000692,0.999990,0.000000,8.000000,nan,failed
gain_saturation,failed,34,34,1,none,-0.000692,0.999990,0.000000,8.000000,nan,failed
gain_saturation,failed,35,35,1,none,-0.000692,0.999990,0.000000,8.000000,nan,failed
gain_saturation,failed,36,36,1,none,-0.000692,0.999990,0.000000,8.000000,nan,failed
gain_saturation,failed,37,37,1,none,-0.000692,0.999990,0.000000,8.000000,nan,failed
gain_saturation,failed,38,38,1,none,-0.000692,0.999990,0.000000,8.000000,nan,failed
gain_saturation,failed,39,39,1,none,-0.000692,0.999990,0.000000,8.000000,nan,failed
gain_saturation,failed,40,40,1,none,-0.000692,0.999990,0.000000,8.000000,nan,failed
gain_saturation,failed,41,41,1,none,-0.000692,0.999990,0.000000,8.000000,nan,failed
gain_saturation,failed,42,42,1,none,-0.000692,0.999990,0.000000,8.000000,nan,failed
gain_saturation,failed,43,43,1,none,-0.000692,0.999990,0.000000,8.000000,nan,failed
gain_saturation,failed,44,44,1,none,-0.000692,0.999990,0.000000,8.000000,nan,failed
gain_saturation,failed,45,45,1,none,-0.000692,0.999990,0.000000,8.000000,nan,failed
gain_saturation,failed,46,46,1,none,-0.000692,0.999990,0.000000,8.000000,nan,failed
gain_saturation,failed,47,47,1,none,-0.000692,0.999990,0.000000,8.000000,nan,failed
gain_saturation,failed,48,48,1,none,-0.000692,0.999990,0.000000,8.000000,nan,failed
gain_saturation,failed,49,49,1,none,-0.000692,0.999990,0.000000,8.000000,nan,failed
gain_saturation,failed,50,50,1,none,-0.000692,0.999990,0.000000,8.000000,nan,failed
gain_saturation,failed,51,51,1,none,-0.000692,0.999990,0.000000,8.000000,nan,failed
gain_saturation,failed,52,52,1,none,-0.000692,0.999990,0.000000,8.000000,nan,failed
gain_saturation,failed,53,53,1,none,-0.000692,0.999990,0.000000,8.000000,nan,failed
gain_saturation,failed,54,54,1,none,-0.000692,0.999990,0.000000,8.000000,nan,failed
gain_saturation,failed,55,55,1,none,-0.000692,0.999990,0.000000,8.000000,nan,failed
gain_saturation,failed,56,56,1,none,-0.000692,0.999990,0.000000,8.000000,nan,failed
gain_saturation,failed,57,57,1,none,-0.000692,0.999990,0.000000,8.000000,nan,failed
gain_saturation,failed,58,58,1,none,-0.000692,0.999990,0.000000,8.000000,nan,failed
gain_saturation,failed,59,59,1,none,-0.000692,0.999990,0.000000,8.000000,nan,failed
skew_positive,gain,0,0,1,none,0.000000,1.000000,0.000000,1.000000,nan,gain
skew_positive,complete,1,1,1,none,0.000000,1.000000,0.000000,1.000000,nan,complete
skew_negative,gain,0,0,1,none,0.000000,1.000000,0.000000,1.000000,nan,gain
skew_negative,complete,1,1,1,none,0.000000,1.000000,0.000000,1.000000,nan,complete
skew_outside_range,gain,0,0,1,none,0.000000,1.000000,0.000000,1.000000,nan,gain
skew_outside_range,complete,1,1,1,none,0.000000,1.000000,0.000000,1.000000,nan,complete
insufficient_dither,gain,0,0,1,none,0.000000,1.000000,0.000000,1.000000,nan,gain
insufficient_dither,complete,1,1,1,none,0.000000,1.000000,0.000000,1.000000,nan,complete
clipped_input,gain,0,0,1,none,0.000000,1.000000,0.000000,1.000000,nan,gain
clipped_input,complete,1,1,1,none,0.000000,1.000000,0.000000,1.000000,nan,complete
performance_noise,gain,0,0,1,none,-0.006780,0.997986,0.000000,1.000000,nan,gain
performance_noise,complete,1,1,1,none,0.001973,0.998091,0.000000,1.000000,nan,complete
performance_harmonic,gain,0,0,1,none,0.000000,1.000000,0.000000,1.000000,nan,gain
performance_harmonic,complete,1,1,1,none,0.000000,1.000000,0.000000,1.000000,nan,complete
performance_spur,gain,0,0,1,none,0.000000,1.000000,0.000000,1.000000,nan,gain
performance_spur,complete,1,1,1,none,0.000000,1.000000,0.000000,1.000000,nan,complete
nominal,timing,0,1,1,none,1.000000,-0.000091,0.000000,0.000000,nan,TIMING
nominal,offset,1,2,1,none,1.000000,0.000057,-1.987697,1.000000,nan,OFFSET
nominal,offset,2,3,1,none,1.000000,-0.000304,-3.014026,1.000000,nan,OFFSET
nominal,offset,3,4,1,none,0.999999,-0.000021,-3.516363,1.000000,nan,OFFSET
nominal,offset,4,5,1,none,1.000000,-0.000328,-3.516363,1.000000,nan,OFFSET
nominal,gain,1,6,1,none,0.999999,0.000281,-3.516363,0.997493,nan,GAIN
nominal,gain,2,7,1,none,1.000000,-0.000290,-3.516363,0.997493,nan,GAIN
nominal,skew,2,7,1,valid stable open-loop skew measurement,1.000000,-0.000290,-3.516363,0.997493,-0.000104,SKEW
nominal,performance_measurement,2,7,1,none,1.000000,-0.000290,-3.516363,0.997493,-0.000104,PERFORMANCE
timing_shift,timing,0,1,1,none,0.999908,-203.000690,0.000000,0.000000,nan,TIMING
timing_shift,offset,1,2,1,none,0.999908,-208.000690,0.000000,1.000000,nan,OFFSET
timing_shift,gain,1,3,1,none,0.999908,-213.000690,0.000000,1.000000,nan,GAIN
timing_shift,skew,1,3,1,valid stable open-loop skew measurement,0.999908,-213.000690,0.000000,1.000000,0.001250,SKEW
timing_shift,performance_measurement,1,3,1,none,0.999908,-213.000690,0.000000,1.000000,0.001250,PERFORMANCE
noisy,timing,0,1,1,none,0.999954,-0.001047,0.000000,0.000000,nan,TIMING
noisy,offset,1,2,1,none,0.999957,0.000317,-5.861712,1.000000,nan,OFFSET
noisy,offset,2,3,1,none,0.999954,-0.002568,-9.080462,1.000000,nan,OFFSET
noisy,offset,3,4,1,none,0.999952,-0.000501,-10.648006,1.000000,nan,OFFSET
noisy,offset,4,5,1,none,0.999958,-0.003431,-11.308255,1.000000,nan,OFFSET
noisy,offset,5,6,1,none,0.999950,0.002989,-11.308255,1.000000,nan,OFFSET
noisy,gain,1,7,1,none,0.999957,-0.002469,-11.308255,1.000000,nan,GAIN
noisy,skew,1,7,1,valid stable open-loop skew measurement,0.999957,-0.002469,-11.308255,1.000000,-0.000104,SKEW
noisy,performance_measurement,1,7,1,none,0.999957,-0.002469,-11.308255,1.000000,-0.000104,PERFORMANCE
gain_saturation,timing,0,1,1,none,0.999990,-0.000692,0.000000,0.000000,nan,TIMING
gain_saturation,offset,1,2,1,none,0.999990,-0.000692,0.000000,1.000000,nan,OFFSET
gain_saturation,gain,1,2,0,gain correction saturated,0.999990,-0.000692,0.000000,1.000000,nan,GAIN
skew_positive,timing,0,1,1,none,1.000000,0.000000,0.000000,0.000000,nan,TIMING
skew_positive,offset,1,2,1,none,1.000000,0.000000,0.000000,1.000000,nan,OFFSET
skew_positive,gain,1,3,1,none,1.000000,0.000000,0.000000,1.000000,nan,GAIN
skew_positive,skew,1,3,1,stable measured skew exceeds tolerance; no actuator available,1.000000,0.000000,0.000000,1.000000,0.201303,SKEW
skew_positive,performance_measurement,1,3,1,none,1.000000,0.000000,0.000000,1.000000,0.201303,PERFORMANCE
skew_negative,timing,0,1,1,none,1.000000,0.000000,0.000000,0.000000,nan,TIMING
skew_negative,offset,1,2,1,none,1.000000,0.000000,0.000000,1.000000,nan,OFFSET
skew_negative,gain,1,3,1,none,1.000000,0.000000,0.000000,1.000000,nan,GAIN
skew_negative,skew,1,3,1,stable measured skew exceeds tolerance; no actuator available,1.000000,0.000000,0.000000,1.000000,-0.198743,SKEW
skew_negative,performance_measurement,1,3,1,none,1.000000,0.000000,0.000000,1.000000,-0.198743,PERFORMANCE
performance_distortion,timing,0,1,1,none,1.000000,0.000000,0.000000,0.000000,nan,TIMING
performance_distortion,offset,1,2,1,none,1.000000,0.000000,0.000000,1.000000,nan,OFFSET
performance_distortion,gain,1,3,1,none,1.000000,0.000000,0.000000,1.000000,nan,GAIN
performance_distortion,skew,1,3,1,valid stable open-loop skew measurement,1.000000,0.000000,0.000000,1.000000,0.001278,SKEW
performance_distortion,performance_measurement,1,3,1,none,1.000000,0.000000,0.000000,1.000000,0.001278,PERFORMANCE
timing_failure,timing,0,0,0,reference frequency mismatch,nan,nan,0.000000,0.000000,nan,TIMING
offset_nonconvergence,timing,0,1,1,none,1.000000,0.000000,0.000000,0.000000,nan,TIMING
offset_nonconvergence,offset,0,1,0,offset did not converge,1.000000,0.000000,0.000000,0.000000,nan,OFFSET
gain_verification_failure,timing,0,1,1,none,1.000000,0.000001,0.000000,0.000000,nan,TIMING
gain_verification_failure,offset,1,2,1,none,1.000000,0.000001,0.000000,1.000000,nan,OFFSET
gain_verification_failure,gain_verify,1,2,0,gain verification frames failed acceptance,1.000000,0.000001,0.000000,1.000000,nan,GAIN
insufficient_dither,timing,0,1,1,none,1.000000,0.000000,0.000000,0.000000,nan,TIMING
insufficient_dither,offset,1,2,1,none,1.000000,0.000000,0.000000,1.000000,nan,OFFSET
insufficient_dither,gain,1,3,1,none,1.000000,0.000000,0.000000,1.000000,nan,GAIN
insufficient_dither,skew,1,3,0,TOO_FEW_EVENTS,1.000000,0.000000,0.000000,1.000000,nan,SKEW
performance_invalid,timing,0,1,1,none,1.000000,-0.000091,0.000000,0.000000,nan,TIMING
performance_invalid,offset,1,2,1,none,1.000000,0.000057,-1.987697,1.000000,nan,OFFSET
performance_invalid,offset,2,3,1,none,1.000000,-0.000304,-3.014026,1.000000,nan,OFFSET
performance_invalid,offset,3,4,1,none,0.999999,-0.000021,-3.516363,1.000000,nan,OFFSET
performance_invalid,offset,4,5,1,none,1.000000,-0.000328,-3.516363,1.000000,nan,OFFSET
performance_invalid,gain,1,6,1,none,0.999999,0.000281,-3.516363,0.997493,nan,GAIN
performance_invalid,gain,2,7,1,none,1.000000,-0.000290,-3.516363,0.997493,nan,GAIN
performance_invalid,skew,2,7,1,valid stable open-loop skew measurement,1.000000,-0.000290,-3.516363,0.997493,-0.000104,SKEW
performance_invalid,performance_measurement,2,7,0,insufficient valid performance frames,1.000000,-0.000290,-3.516363,0.997493,-0.000104,PERFORMANCE
invalidation_after_complete,timing,0,1,1,none,1.000000,-0.000091,0.000000,0.000000,nan,TIMING
invalidation_after_complete,offset,1,2,1,none,1.000000,0.000057,-1.987697,1.000000,nan,OFFSET
invalidation_after_complete,offset,2,3,1,none,1.000000,-0.000304,-3.014026,1.000000,nan,OFFSET
invalidation_after_complete,offset,3,4,1,none,0.999999,-0.000021,-3.516363,1.000000,nan,OFFSET
invalidation_after_complete,offset,4,5,1,none,1.000000,-0.000328,-3.516363,1.000000,nan,OFFSET
invalidation_after_complete,gain,1,6,1,none,0.999999,0.000281,-3.516363,0.997493,nan,GAIN
invalidation_after_complete,gain,2,7,1,none,1.000000,-0.000290,-3.516363,0.997493,nan,GAIN
invalidation_after_complete,skew,2,7,1,valid stable open-loop skew measurement,1.000000,-0.000290,-3.516363,0.997493,-0.000104,SKEW
invalidation_after_complete,performance_measurement,2,7,1,none,1.000000,-0.000290,-3.516363,0.997493,-0.000104,PERFORMANCE
standalone_sequence,timing,0,1,1,none,1.000000,-0.000091,0.000000,0.000000,nan,TIMING
standalone_sequence,offset,1,2,1,none,1.000000,0.000057,-1.987697,1.000000,nan,OFFSET
standalone_sequence,offset,2,3,1,none,1.000000,-0.000304,-3.014026,1.000000,nan,OFFSET
standalone_sequence,offset,3,4,1,none,0.999999,-0.000021,-3.516363,1.000000,nan,OFFSET
standalone_sequence,offset,4,5,1,none,1.000000,-0.000328,-3.516363,1.000000,nan,OFFSET
standalone_sequence,gain,1,6,1,none,0.999999,0.000281,-3.516363,0.997493,nan,GAIN
standalone_sequence,gain,2,7,1,none,1.000000,-0.000290,-3.516363,0.997493,nan,GAIN
standalone_sequence,skew,2,7,1,valid stable open-loop skew measurement,1.000000,-0.000290,-3.516363,0.997493,-0.000104,SKEW
standalone_sequence,performance_measurement,2,7,1,none,1.000000,-0.000290,-3.516363,0.997493,-0.000104,PERFORMANCE
