stage,iteration,accepted_frames,rejected_frames,raw_batch_residual,filtered_batch_residual,correction_before,correction_after,correction_delta,residual_std,residual_min,residual_max,tolerance,pass_count,required_passes,status,sndr_db,enob_bits
offset,1,30,0,-4.545973,-4.545973,0.000000,1.500000,1.500000,6.072638,-16.741056,4.317693,1.000000,0,2,RUNNING,41.781063,6.648016,
offset,2,30,0,-2.926098,-3.898023,1.500000,2.864308,1.364308,7.023752,-17.748556,12.100193,1.000000,0,2,RUNNING,41.724014,6.638541,
offset,3,30,0,-2.589765,-3.374720,2.864308,4.045460,1.181152,6.956254,-14.594807,10.292693,1.000000,0,2,RUNNING,41.944614,6.675185,
offset,4,30,0,-1.031390,-2.437388,4.045460,4.898546,0.853086,7.027367,-16.802307,10.588943,1.000000,0,2,RUNNING,41.695103,6.633738,
offset,5,30,0,-1.288890,-1.977989,4.898546,5.590842,0.692296,5.918298,-13.332307,11.870193,1.000000,0,2,RUNNING,41.817173,6.654016,
offset,6,30,0,0.871652,-0.838133,5.590842,5.884189,0.293346,7.316859,-10.654806,13.527694,1.000000,0,2,RUNNING,41.705448,6.635457,
offset,7,30,0,1.674318,0.166848,5.884189,5.884189,0.000000,6.012722,-9.831057,13.365193,1.000000,1,2,PASS,41.730202,6.639567,
offset,8,30,0,2.231318,0.992636,5.884189,5.536766,-0.347423,6.620699,-9.673556,13.343944,1.000000,1,2,RUNNING,41.618549,6.621023,
offset,9,30,0,0.105568,0.637809,5.536766,5.536766,0.000000,6.862089,-8.114806,17.120193,1.000000,2,2,PASS,41.672390,6.629963,
