frame,align_margin,r_dither,r_tone,tone_a,tone_b,dither_a,dither_b,offset_a,offset_b,skew_ps,skew_ps_corrected,gain_ratio_corrected
0,5.692584116394018,0.9962891578691409,0.9962259233759125,561.033136834869,558.915754787802,17.783443297867933,17.71745174724646,-5.7015432888696305,-7.9205617176982415,-11.39512990302471,-11.395129903024754,0.9734818193225284
1,6.70839803520023,1.0055684153270419,1.0032642895523587,550.5632400927502,552.3604379252978,16.741910594133103,16.835136505689437,-3.917869455646596,-6.234821509136428,-10.757601979951149,-10.757601979951504,0.9825486533442893
2,7.868819429895499,1.011658418608691,0.9980139453597593,558.9335828004479,557.8235101647407,17.248031528777886,17.44911630051628,-4.982593622311925,-9.254637385848536,-8.906305864281283,-8.906305864280927,0.9884992425155894
3,6.273701117745652,1.0282104388146902,1.0028389450589292,551.1489095966191,552.7135910702526,17.226848302612964,17.712825252623777,-5.115363849264579,-8.177118221395515,-10.027744003909875,-10.0277440039097,1.0046723491045053
4,6.807815755857883,0.9724000178514541,1.0018704224084973,553.7079540410682,554.7436218060699,17.063741125219167,16.59278217477571,-3.8212165583173667,-8.204631760308985,-8.210426913012137,-8.210426913012137,0.9501395563833153
5,5.737381204592137,1.0234094635256341,1.0030537722508888,550.2553307979164,551.9356852580107,15.810877256502353,16.181001410946724,-8.172704769055855,-12.719325951763517,-11.136564628691962,-11.136564628691254,0.9999812791254767
6,6.40476008848433,1.0234202823315561,0.995506451779297,561.6327183763822,559.1089946740334,17.383818128599366,17.790952057171587,-12.329048564382115,-13.695012904430186,-12.045078874475639,-12.045078874475639,0.9999918502641749
7,6.281717737671126,0.9870987953918396,1.0025663767792137,551.4466277232273,552.8618475435918,16.93033094067154,16.711909277122068,-1.581253630069847,-5.834604760345085,-9.908162293664645,-9.908162293664468,0.9645018452718508
8,6.76243038325531,1.0397406445182165,0.998488509124955,558.448409552883,557.6043198776605,15.919910156394364,16.552577646681577,-2.4806749260970706,-5.813492547496644,-8.74228687030421,-8.742286870303943,1.015938602015898
9,6.1922845461509795,0.9733612702921217,1.002912810849885,551.6464020917516,553.2532437170645,17.999547845898988,17.520062755968063,-7.925233128432414,-10.460677079470155,-9.191923387559962,-9.19192338756014,0.9510788035560644
10,5.9735787959338555,0.9962522289919317,1.0030524647209431,550.6305458224489,552.3113261378455,16.36467122867381,16.303340188286416,-6.099384222856197,-8.32958323086692,-10.60267253360036,-10.60267253360107,0.9734457358318189
11,6.744387249851013,1.03999448955401,0.9981589089480677,559.3231418241646,558.2933769926135,18.681683627231937,19.428848027912586,-6.305548435055412,-9.66328492805657,-9.280590921296987,-9.280590921296632,1.0161866359579708
12,5.856411776968675,0.9959978642673724,1.0037674019313172,550.7005937059774,552.7753041862828,17.71142152628648,17.640538013320498,-0.7056629048090397,-3.1142167258953926,-10.125028116432878,-166.76675862410104,0.973197194097846
13,5.956014920951343,1.0146085638246871,0.9972401246533046,559.9585304383377,558.4131146950091,17.152570372843567,17.40314479189269,-9.392536489077806,-14.518201140025166,-9.933728197500095,-9.933728197500804,0.9913818521570276
14,8.667378513156242,1.0348808923575767,1.003109475459341,550.6383076009104,552.3505039053684,20.564820432246133,21.282139720096204,-11.460323703858002,-15.91271246317514,-9.951239277022454,-9.951239277023163,1.0111901007023687
15,5.875068643925701,1.0297120904775172,0.9956688093642886,561.5196457188281,559.0875970875227,17.515223749352774,18.035637662127503,-3.3842763717929865,-4.68175786797057,-11.928483547951046,nan,1.0061396245246705
16,6.766394930841377,0.9953703459890069,0.9967099048806145,560.7375352226937,558.8926553948013,17.54977213356194,17.46852276061178,-16.636729379971975,-18.65842122185969,-10.854690125067583,-10.85469012506776,0.9725840411487687
17,6.972902723996271,0.9997542465240951,1.0005785066636657,556.2767436036961,556.5985534067131,20.051597605830228,20.046669856021147,-4.8523284235163375,-8.116204477088242,-7.894021439217624,-7.894021439217801,0.9768675841693051
18,6.768722428225636,0.9948956942613626,1.0031925047260022,550.0860468728132,551.8421991771626,17.39358815697935,17.304805965134186,-7.721282127453092,-11.732651106571193,-11.15677825919723,-11.15677825919723,0.9721202552852745
19,6.157347182705862,1.0087565708328277,1.0024832103502723,551.8921548406774,553.2626191518119,16.114721856591597,16.25583155998016,-6.983208491107195,-10.80995600012482,-9.478628933399778,-9.478628933399778,0.9856638246753647
20,6.57251759050688,1.0222774964795718,0.9996518581374069,557.3671138131882,557.1730709880371,18.02001983137658,18.421460759731886,-5.275757006892191,-10.232778362939301,-7.954580707961395,-7.95458070796134,0.9988752253952811
21,6.313822626151529,1.0354844605409717,1.0029870353305474,550.3806345194365,552.0246409199952,16.92768407790346,17.52835381561586,-17.16613745174798,-20.761865700655875,-11.331325227403113,-11.331325227403468,1.011779851828953
22,6.968883654002499,0.9974958807733989,1.0020486145895073,554.520605873813,555.6566048771886,17.729317807905606,17.684921482308308,0.23812204940621035,-4.8066048548445135,-7.6971851523681405,-7.697185152368495,0.9746609175782667
23,6.7109823092235406,0.9739561433436973,1.0000463930596202,556.9224732271002,556.9483105646044,19.201612229793206,18.701528193310562,-9.28084792744869,-14.170953497180456,-7.564075988794025,-7.564075988794025,0.9516600586022923
24,7.088064242139136,1.038134255157511,1.0030137007218975,551.8381444687955,553.5012194831517,17.737395923136994,18.413798305099697,-9.348122540064402,-14.838833522043023,-9.39786331085058,-9.39786331085058,1.014368986583422
25,5.811938607221575,1.025269244560992,1.0025536018848629,551.5861319924057,552.9946633787257,16.00991400797979,16.414472440447884,-4.5463451456638175,-9.269363062101007,-9.784654572285415,-9.784654572285415,1.001798485517357
26,6.413022279902441,1.0345454555911238,1.0016469339850405,554.9551950488603,555.869169619761,15.540216725106854,16.077060591860473,-9.760100066941234,-14.236793558339485,-7.462503767851332,-7.462503767851244,1.0108623428510508
27,5.384466845805973,0.9883581911708628,0.9955270935120041,561.7106625850141,559.1981833179611,16.693895309508864,16.49954817170193,-8.296943919757911,-11.988731739166536,-12.667389944729084,-12.667389944729331,0.9657324105997245
28,7.161087446528513,1.0372186961941796,1.0021988421740773,551.6318219960224,552.8447733107903,17.39738160119356,18.044889461582592,-1.492515645287027,-5.9823664561458765,-10.241960729310048,-10.241960729310225,1.0134743868597564
29,6.947979109143831,0.9984234975225038,1.0029479422066776,551.0422511260879,552.6666918358451,17.450352111281116,17.4228415879445,-9.685201753923831,-13.332960132818886,-10.157321573666483,-10.157321573666662,0.975567299057399
30,6.09501991789374,1.0225421508388122,0.9966494205278409,560.2188769867467,558.3418191175989,16.92899551727225,17.310611487772174,-2.338508442908128,-6.90744800372876,-10.756411686337618,-10.756411686337618,0.9991338212106524
31,6.544130405109574,0.9850083893158417,1.0009431808942097,555.2778375876826,555.8015650350734,17.776879900112306,17.510375837470782,-1.0494139731664074,-6.237556529643214,-6.939056319414374,-6.939056319414374,0.9624592933742282
32,7.619442277100518,1.0105804362131843,1.0031482598990569,550.6287282677304,552.3622506122043,19.607915467210756,19.815375766085086,-9.913403547810839,-14.659561374843474,-10.642658304482962,-10.642658304482962,0.9874459376037703
33,6.957686810805198,1.0437553703009232,0.9985115381170973,558.6641756112324,557.8326252804918,15.955202066922812,16.653327841587075,4.273712032763928,-0.5462538374497757,-8.44428119644329,-8.444281196443733,1.0198614215388861
34,6.928689943967885,0.995961637610038,0.9973280837753296,560.3419575203152,558.8447707526531,18.76868640813273,18.692891650833136,-5.850363319177904,-10.583812300321243,-11.017475267191049,-11.017475267190873,0.973161796751592
35,6.573721643382583,1.026992980024955,1.0030971488101572,551.8745450100429,553.5837826004768,18.432410002798637,18.929955677815965,-5.4401911955685724,-9.178049233120703,-8.747203317543924,-8.747203317543836,1.003482760732274
36,6.613321425584644,1.0647753651385807,1.001451061697528,554.7807381279652,555.585759207589,17.138680608306835,18.248844902703425,-5.371468589891717,-10.725345099742697,-7.849463006366132,-7.849463006365777,1.0404002205964586
37,7.383211372796107,0.9995546609712448,0.996508682565573,560.6060053957739,558.6487518752912,19.940612244378652,19.931731911488956,-12.693203533900945,-17.699797600975913,-10.71770273484084,-10.717702734841106,0.976672567586454
38,5.284591305752903,0.981643869925602,1.003673195851302,550.2720439500735,552.2933009389984,16.536939666802642,16.233385451246342,-6.470219143004556,-10.86875469734669,-10.680208612220817,-10.680208612220106,0.9591717955315723
39,6.342729344342033,1.0108113123384912,1.0014009919380402,554.4666262396383,555.2434295129125,16.754424505211485,16.935561821588998,-5.313640574516063,-9.763125397016442,-7.987748755057316,-7.987748755057494,0.9876715284462745
