sample_index,adc_code,ifc_vpp,sweep_index
0,162,1.59,5
1,-75,1.59,5
2,182,1.59,5
3,-14,1.59,5
4,115,1.59,5
5,-100,1.59,5
6,136,1.59,5
7,-162,1.59,5
8,62,1.59,5
9,-193,1.59,5
10,111,1.59,5
11,-133,1.59,5
12,194,1.59,5
13,-112,1.59,5
14,235,1.59,5
15,-5,1.59,5
16,236,1.59,5
17,-70,1.59,5
18,119,1.59,5
19,-111,1.59,5
20,80,1.59,5
21,-184,1.59,5
22,60,1.59,5
23,-199,1.59,5
24,258,1.59,5
25,-167,1.59,5
26,193,1.59,5
27,-76,1.59,5
28,222,1.59,5
29,-33,1.59,5
30,187,1.59,5
31,-92,1.59,5
32,71,1.59,5
33,-134,1.59,5
34,72,1.59,5
35,-183,1.59,5
36,107,1.59,5
37,-171,1.59,5
38,146,1.59,5
39,-48,1.59,5
40,250,1.59,5
41,-63,1.59,5
42,217,1.59,5
43,0,1.59,5
44,157,1.59,5
45,-134,1.59,5
46,74,1.59,5
47,-196,1.59,5
48,86,1.59,5
49,-233,1.59,5
50,101,1.59,5
51,-164,1.59,5
52,206,1.59,5
53,-42,1.59,5
54,227,1.59,5
55,-16,1.59,5
56,148,1.59,5
57,-76,1.59,5
58,88,1.59,5
59,-135,1.59,5
60,55,1.59,5
61,-249,1.59,5
62,77,1.59,5
63,-170,1.59,5
64,128,1.59,5
65,-116,1.59,5
66,193,1.59,5
67,-16,1.59,5
68,134,1.59,5
69,-10,1.59,5
70,96,1.59,5
71,-131,1.59,5
72,-59,1.59,5
73,-163,1.59,5
74,73,1.59,5
75,-205,1.59,5
76,128,1.59,5
77,-94,1.59,5
78,210,1.59,5
79,-81,1.59,5
80,276,1.59,5
81,-40,1.59,5
82,114,1.59,5
83,-98,1.59,5
84,146,1.59,5
85,-154,1.59,5
86,20,1.59,5
87,-201,1.59,5
88,88,1.59,5
89,-153,1.59,5
90,158,1.59,5
91,-119,1.59,5
92,232,1.59,5
93,-46,1.59,5
94,185,1.59,5
95,-77,1.59,5
96,163,1.59,5
97,-160,1.59,5
98,91,1.59,5
99,-253,1.59,5
100,61,1.59,5
101,-231,1.59,5
102,144,1.59,5
103,-113,1.59,5
104,282,1.59,5
105,-61,1.59,5
106,194,1.59,5
107,-27,1.59,5
108,170,1.59,5
109,-69,1.59,5
110,44,1.59,5
111,-152,1.59,5
112,107,1.59,5
113,-186,1.59,5
114,98,1.59,5
115,-183,1.59,5
116,189,1.59,5
117,-68,1.59,5
118,191,1.59,5
119,-14,1.59,5
120,205,1.59,5
121,-54,1.59,5
122,107,1.59,5
123,-128,1.59,5
124,106,1.59,5
125,-149,1.59,5
126,88,1.59,5
127,-206,1.59,5
128,243,1.59,5
129,-118,1.59,5
130,238,1.59,5
131,-1,1.59,5
132,218,1.59,5
133,-41,1.59,5
134,92,1.59,5
135,-34,1.59,5
136,146,1.59,5
137,-170,1.59,5
138,71,1.59,5
139,-165,1.59,5
140,108,1.59,5
141,-122,1.59,5
142,163,1.59,5
143,-53,1.59,5
144,218,1.59,5
145,-70,1.59,5
146,230,1.59,5
147,-45,1.59,5
148,152,1.59,5
149,-85,1.59,5
150,74,1.59,5
151,-202,1.59,5
152,86,1.59,5
153,-189,1.59,5
154,177,1.59,5
155,-124,1.59,5
156,254,1.59,5
157,-78,1.59,5
158,241,1.59,5
159,-51,1.59,5
160,221,1.59,5
161,-101,1.59,5
162,108,1.59,5
163,-189,1.59,5
164,82,1.59,5
165,-213,1.59,5
166,64,1.59,5
167,-138,1.59,5
168,170,1.59,5
169,-139,1.59,5
170,166,1.59,5
171,-25,1.59,5
172,243,1.59,5
173,-56,1.59,5
174,133,1.59,5
175,-122,1.59,5
176,36,1.59,5
177,-159,1.59,5
178,-30,1.59,5
179,-199,1.59,5
180,146,1.59,5
181,-156,1.59,5
182,158,1.59,5
183,-42,1.59,5
184,234,1.59,5
185,11,1.59,5
186,136,1.59,5
187,-76,1.59,5
188,157,1.59,5
189,-160,1.59,5
190,51,1.59,5
191,-215,1.59,5
192,85,1.59,5
193,-180,1.59,5
194,156,1.59,5
195,-129,1.59,5
196,152,1.59,5
197,-19,1.59,5
198,226,1.59,5
199,-15,1.59,5
200,88,1.59,5
201,-118,1.59,5
202,161,1.59,5
203,-160,1.59,5
204,37,1.59,5
205,-181,1.59,5
206,177,1.59,5
207,-156,1.59,5
208,316,1.59,5
209,-52,1.59,5
210,212,1.59,5
211,-68,1.59,5
212,176,1.59,5
213,-96,1.59,5
214,89,1.59,5
215,-172,1.59,5
216,65,1.59,5
217,-252,1.59,5
218,52,1.59,5
219,-202,1.59,5
220,172,1.59,5
221,-129,1.59,5
222,147,1.59,5
223,-75,1.59,5
224,249,1.59,5
225,-33,1.59,5
226,91,1.59,5
227,-164,1.59,5
228,147,1.59,5
229,-228,1.59,5
230,21,1.59,5
231,-237,1.59,5
232,167,1.59,5
233,-142,1.59,5
234,305,1.59,5
235,-54,1.59,5
236,219,1.59,5
237,-86,1.59,5
238,205,1.59,5
239,-113,1.59,5
240,202,1.59,5
241,-133,1.59,5
242,26,1.59,5
243,-236,1.59,5
244,107,1.59,5
245,-206,1.59,5
246,153,1.59,5
247,-120,1.59,5
248,247,1.59,5
249,-62,1.59,5
250,225,1.59,5
251,-68,1.59,5
252,274,1.59,5
253,-48,1.59,5
254,81,1.59,5
255,-171,1.59,5
256,102,1.59,5
257,-177,1.59,5
258,133,1.59,5
259,-185,1.59,5
260,185,1.59,5
261,-22,1.59,5
262,216,1.59,5
263,-6,1.59,5
264,204,1.59,5
265,-77,1.59,5
266,59,1.59,5
267,-118,1.59,5
268,72,1.59,5
269,-182,1.59,5
270,80,1.59,5
271,-140,1.59,5
272,148,1.59,5
273,-147,1.59,5
274,229,1.59,5
275,-17,1.59,5
276,286,1.59,5
277,-68,1.59,5
278,140,1.59,5
279,-62,1.59,5
280,73,1.59,5
281,-134,1.59,5
282,44,1.59,5
283,-195,1.59,5
284,126,1.59,5
285,-152,1.59,5
286,267,1.59,5
287,-58,1.59,5
288,200,1.59,5
289,-25,1.59,5
290,247,1.59,5
291,-57,1.59,5
292,119,1.59,5
293,-89,1.59,5
294,66,1.59,5
295,-183,1.59,5
296,149,1.59,5
297,-147,1.59,5
298,128,1.59,5
299,-163,1.59,5
300,240,1.59,5
301,-79,1.59,5
302,232,1.59,5
303,-50,1.59,5
304,134,1.59,5
305,-69,1.59,5
306,106,1.59,5
307,-238,1.59,5
308,30,1.59,5
309,-222,1.59,5
310,112,1.59,5
311,-166,1.59,5
312,271,1.59,5
313,-92,1.59,5
314,220,1.59,5
315,-27,1.59,5
316,183,1.59,5
317,-48,1.59,5
318,165,1.59,5
319,-160,1.59,5
320,65,1.59,5
321,-213,1.59,5
322,131,1.59,5
323,-189,1.59,5
324,137,1.59,5
325,-130,1.59,5
326,199,1.59,5
327,-79,1.59,5
328,226,1.59,5
329,-38,1.59,5
330,165,1.59,5
331,-64,1.59,5
332,91,1.59,5
333,-171,1.59,5
334,8,1.59,5
335,-161,1.59,5
336,122,1.59,5
337,-148,1.59,5
338,184,1.59,5
339,-109,1.59,5
340,245,1.59,5
341,8,1.59,5
342,167,1.59,5
343,-58,1.59,5
344,64,1.59,5
345,-148,1.59,5
346,93,1.59,5
347,-169,1.59,5
348,46,1.59,5
349,-147,1.59,5
350,149,1.59,5
351,-142,1.59,5
352,148,1.59,5
353,-80,1.59,5
354,175,1.59,5
355,-46,1.59,5
356,141,1.59,5
357,-120,1.59,5
358,104,1.59,5
359,-130,1.59,5
360,61,1.59,5
361,-199,1.59,5
362,134,1.59,5
363,-190,1.59,5
364,139,1.59,5
365,-44,1.59,5
366,249,1.59,5
367,-49,1.59,5
368,184,1.59,5
369,-56,1.59,5
370,163,1.59,5
371,-114,1.59,5
372,59,1.59,5
373,-174,1.59,5
374,111,1.59,5
375,-164,1.59,5
376,105,1.59,5
377,-146,1.59,5
378,217,1.59,5
379,-90,1.59,5
380,178,1.59,5
381,-72,1.59,5
382,175,1.59,5
383,-100,1.59,5
384,47,1.59,5
385,-186,1.59,5
386,33,1.59,5
387,-190,1.59,5
388,112,1.59,5
389,-170,1.59,5
390,182,1.59,5
391,-102,1.59,5
392,154,1.59,5
393,-20,1.59,5
394,268,1.59,5
395,-94,1.59,5
396,74,1.59,5
397,-137,1.59,5
398,118,1.59,5
399,-194,1.59,5
400,81,1.59,5
401,-156,1.59,5
402,128,1.59,5
403,-94,1.59,5
404,170,1.59,5
405,-24,1.59,5
406,248,1.59,5
407,-35,1.59,5
408,119,1.59,5
409,-84,1.59,5
410,90,1.59,5
411,-109,1.59,5
412,91,1.59,5
413,-223,1.59,5
414,-3,1.59,5
415,-155,1.59,5
416,198,1.59,5
417,-84,1.59,5
418,224,1.59,5
419,-73,1.59,5
420,233,1.59,5
421,-92,1.59,5
422,90,1.59,5
423,-94,1.59,5
424,115,1.59,5
425,-182,1.59,5
426,118,1.59,5
427,-182,1.59,5
428,155,1.59,5
429,-179,1.59,5
430,265,1.59,5
431,-49,1.59,5
432,158,1.59,5
433,-57,1.59,5
434,173,1.59,5
435,-93,1.59,5
436,105,1.59,5
437,-138,1.59,5
438,-108,1.59,5
439,-192,1.59,5
440,94,1.59,5
441,-194,1.59,5
442,209,1.59,5
443,-123,1.59,5
444,191,1.59,5
445,-76,1.59,5
446,300,1.59,5
447,2,1.59,5
448,103,1.59,5
449,-151,1.59,5
450,99,1.59,5
451,-201,1.59,5
452,15,1.59,5
453,-217,1.59,5
454,161,1.59,5
455,-102,1.59,5
456,236,1.59,5
457,-102,1.59,5
458,213,1.59,5
459,11,1.59,5
460,182,1.59,5
461,-72,1.59,5
462,108,1.59,5
463,-154,1.59,5
464,214,1.59,5
465,-194,1.59,5
466,93,1.59,5
467,-180,1.59,5
468,195,1.59,5
469,-82,1.59,5
470,263,1.59,5
471,-29,1.59,5
472,224,1.59,5
473,-65,1.59,5
474,108,1.59,5
475,-72,1.59,5
476,104,1.59,5
477,-226,1.59,5
478,20,1.59,5
479,-150,1.59,5
480,152,1.59,5
481,-122,1.59,5
482,192,1.59,5
483,-74,1.59,5
484,187,1.59,5
485,-2,1.59,5
486,219,1.59,5
487,-35,1.59,5
488,100,1.59,5
489,-129,1.59,5
490,112,1.59,5
491,-203,1.59,5
492,167,1.59,5
493,-199,1.59,5
494,141,1.59,5
495,-144,1.59,5
496,225,1.59,5
497,-69,1.59,5
498,145,1.59,5
499,-70,1.59,5
500,161,1.59,5
501,-99,1.59,5
502,53,1.59,5
503,-159,1.59,5
504,91,1.59,5
505,-265,1.59,5
506,117,1.59,5
507,-170,1.59,5
508,182,1.59,5
509,-90,1.59,5
510,207,1.59,5
511,-71,1.59,5
512,182,1.59,5
513,-53,1.59,5
514,71,1.59,5
515,-151,1.59,5
516,102,1.59,5
517,-213,1.59,5
518,69,1.59,5
519,-180,1.59,5
520,193,1.59,5
521,-66,1.59,5
522,236,1.59,5
523,-63,1.59,5
524,201,1.59,5
525,-40,1.59,5
526,170,1.59,5
527,-65,1.59,5
528,130,1.59,5
529,-151,1.59,5
530,98,1.59,5
531,-243,1.59,5
532,142,1.59,5
533,-134,1.59,5
534,212,1.59,5
535,-109,1.59,5
536,257,1.59,5
537,-23,1.59,5
538,235,1.59,5
539,-34,1.59,5
540,66,1.59,5
541,-142,1.59,5
542,81,1.59,5
543,-158,1.59,5
544,113,1.59,5
545,-160,1.59,5
546,122,1.59,5
547,-111,1.59,5
548,217,1.59,5
549,-130,1.59,5
550,204,1.59,5
551,-61,1.59,5
552,191,1.59,5
553,-103,1.59,5
554,22,1.59,5
555,-155,1.59,5
556,150,1.59,5
557,-202,1.59,5
558,93,1.59,5
559,-149,1.59,5
560,230,1.59,5
561,-100,1.59,5
562,242,1.59,5
563,-49,1.59,5
564,238,1.59,5
565,1,1.59,5
566,116,1.59,5
567,-98,1.59,5
568,40,1.59,5
569,-163,1.59,5
570,114,1.59,5
571,-169,1.59,5
572,222,1.59,5
573,-119,1.59,5
574,151,1.59,5
575,-34,1.59,5
576,267,1.59,5
577,-21,1.59,5
578,130,1.59,5
579,-71,1.59,5
580,140,1.59,5
581,-212,1.59,5
582,35,1.59,5
583,-161,1.59,5
584,123,1.59,5
585,-190,1.59,5
586,205,1.59,5
587,-47,1.59,5
588,168,1.59,5
589,-10,1.59,5
590,237,1.59,5
591,-97,1.59,5
592,138,1.59,5
593,-141,1.59,5
594,75,1.59,5
595,-162,1.59,5
596,16,1.59,5
597,-193,1.59,5
598,205,1.59,5
599,-102,1.59,5
600,182,1.59,5
601,-65,1.59,5
602,180,1.59,5
603,-47,1.59,5
604,197,1.59,5
605,-84,1.59,5
606,61,1.59,5
607,-142,1.59,5
608,68,1.59,5
609,-198,1.59,5
610,119,1.59,5
611,-168,1.59,5
612,191,1.59,5
613,-85,1.59,5
614,226,1.59,5
615,-50,1.59,5
616,142,1.59,5
617,-37,1.59,5
618,156,1.59,5
619,-140,1.59,5
620,25,1.59,5
621,-179,1.59,5
622,89,1.59,5
623,-161,1.59,5
624,110,1.59,5
625,-166,1.59,5
626,240,1.59,5
627,-45,1.59,5
628,192,1.59,5
629,-79,1.59,5
630,174,1.59,5
631,-106,1.59,5
632,123,1.59,5
633,-145,1.59,5
634,54,1.59,5
635,-215,1.59,5
636,154,1.59,5
637,-122,1.59,5
638,222,1.59,5
639,-114,1.59,5
640,196,1.59,5
641,-4,1.59,5
642,191,1.59,5
643,-51,1.59,5
644,102,1.59,5
645,-131,1.59,5
646,65,1.59,5
647,-213,1.59,5
648,72,1.59,5
649,-206,1.59,5
650,243,1.59,5
651,-125,1.59,5
652,174,1.59,5
653,-73,1.59,5
654,228,1.59,5
655,-34,1.59,5
656,144,1.59,5
657,-43,1.59,5
658,60,1.59,5
659,-165,1.59,5
660,95,1.59,5
661,-180,1.59,5
662,98,1.59,5
663,-160,1.59,5
664,170,1.59,5
665,-104,1.59,5
666,270,1.59,5
667,-17,1.59,5
668,245,1.59,5
669,-67,1.59,5
670,144,1.59,5
671,-118,1.59,5
672,58,1.59,5
673,-222,1.59,5
674,31,1.59,5
675,-199,1.59,5
676,181,1.59,5
677,-153,1.59,5
678,188,1.59,5
679,-67,1.59,5
680,185,1.59,5
681,-6,1.59,5
682,105,1.59,5
683,-88,1.59,5
684,112,1.59,5
685,-172,1.59,5
686,49,1.59,5
687,-187,1.59,5
688,95,1.59,5
689,-160,1.59,5
690,213,1.59,5
691,-103,1.59,5
692,244,1.59,5
693,-10,1.59,5
694,216,1.59,5
695,-48,1.59,5
696,141,1.59,5
697,-136,1.59,5
698,26,1.59,5
699,-248,1.59,5
700,85,1.59,5
701,-159,1.59,5
702,153,1.59,5
703,-133,1.59,5
704,187,1.59,5
705,-78,1.59,5
706,192,1.59,5
707,-117,1.59,5
708,151,1.59,5
709,-106,1.59,5
710,69,1.59,5
711,-217,1.59,5
712,5,1.59,5
713,-235,1.59,5
714,115,1.59,5
715,-188,1.59,5
716,204,1.59,5
717,-57,1.59,5
718,197,1.59,5
719,-30,1.59,5
720,199,1.59,5
721,-94,1.59,5
722,98,1.59,5
723,-89,1.59,5
724,125,1.59,5
725,-200,1.59,5
726,45,1.59,5
727,-168,1.59,5
728,190,1.59,5
729,-118,1.59,5
730,180,1.59,5
731,-66,1.59,5
732,226,1.59,5
733,-60,1.59,5
734,305,1.59,5
735,-119,1.59,5
736,107,1.59,5
737,-162,1.59,5
738,67,1.59,5
739,-205,1.59,5
740,67,1.59,5
741,-92,1.59,5
742,201,1.59,5
743,-149,1.59,5
744,323,1.59,5
745,-41,1.59,5
746,217,1.59,5
747,-78,1.59,5
748,196,1.59,5
749,-111,1.59,5
750,78,1.59,5
751,-319,1.59,5
752,71,1.59,5
753,-177,1.59,5
754,194,1.59,5
755,-181,1.59,5
756,159,1.59,5
757,-75,1.59,5
758,210,1.59,5
759,-26,1.59,5
760,186,1.59,5
761,-112,1.59,5
762,48,1.59,5
763,-176,1.59,5
764,97,1.59,5
765,-181,1.59,5
766,41,1.59,5
767,-192,1.59,5
768,221,1.59,5
769,-56,1.59,5
770,240,1.59,5
771,-31,1.59,5
772,231,1.59,5
773,-58,1.59,5
774,131,1.59,5
775,-73,1.59,5
776,73,1.59,5
777,-180,1.59,5
778,89,1.59,5
779,-171,1.59,5
780,107,1.59,5
781,-150,1.59,5
782,216,1.59,5
783,-74,1.59,5
784,239,1.59,5
785,-56,1.59,5
786,236,1.59,5
787,-81,1.59,5
788,44,1.59,5
789,-119,1.59,5
790,57,1.59,5
791,-160,1.59,5
792,124,1.59,5
793,-174,1.59,5
794,166,1.59,5
795,-144,1.59,5
796,222,1.59,5
797,-93,1.59,5
798,207,1.59,5
799,-6,1.59,5
800,161,1.59,5
801,-83,1.59,5
802,66,1.59,5
803,-183,1.59,5
804,51,1.59,5
805,-178,1.59,5
806,131,1.59,5
807,-137,1.59,5
808,163,1.59,5
809,-41,1.59,5
810,201,1.59,5
811,0,1.59,5
812,175,1.59,5
813,-64,1.59,5
814,86,1.59,5
815,-152,1.59,5
816,125,1.59,5
817,-248,1.59,5
818,81,1.59,5
819,-173,1.59,5
820,190,1.59,5
821,-151,1.59,5
822,216,1.59,5
823,-71,1.59,5
824,248,1.59,5
825,-26,1.59,5
826,173,1.59,5
827,-84,1.59,5
828,65,1.59,5
829,-159,1.59,5
830,109,1.59,5
831,-170,1.59,5
832,124,1.59,5
833,-161,1.59,5
834,156,1.59,5
835,-100,1.59,5
836,193,1.59,5
837,-30,1.59,5
838,190,1.59,5
839,-48,1.59,5
840,158,1.59,5
841,-134,1.59,5
842,45,1.59,5
843,-233,1.59,5
844,47,1.59,5
845,-276,1.59,5
846,178,1.59,5
847,-193,1.59,5
848,236,1.59,5
849,-70,1.59,5
850,233,1.59,5
851,-49,1.59,5
852,74,1.59,5
853,-131,1.59,5
854,130,1.59,5
855,-185,1.59,5
856,98,1.59,5
857,-214,1.59,5
858,170,1.59,5
859,-172,1.59,5
860,207,1.59,5
861,-60,1.59,5
862,221,1.59,5
863,-82,1.59,5
864,247,1.59,5
865,-51,1.59,5
866,41,1.59,5
867,-196,1.59,5
868,87,1.59,5
869,-224,1.59,5
870,47,1.59,5
871,-220,1.59,5
872,152,1.59,5
873,-52,1.59,5
874,200,1.59,5
875,-62,1.59,5
876,250,1.59,5
877,-23,1.59,5
878,176,1.59,5
879,-117,1.59,5
880,70,1.59,5
881,-139,1.59,5
882,100,1.59,5
883,-236,1.59,5
884,102,1.59,5
885,-204,1.59,5
886,215,1.59,5
887,-39,1.59,5
888,261,1.59,5
889,-42,1.59,5
890,181,1.59,5
891,-89,1.59,5
892,121,1.59,5
893,-74,1.59,5
894,93,1.59,5
895,-231,1.59,5
896,58,1.59,5
897,-241,1.59,5
898,193,1.59,5
899,-72,1.59,5
900,226,1.59,5
901,-75,1.59,5
902,213,1.59,5
903,-4,1.59,5
904,280,1.59,5
905,-77,1.59,5
906,45,1.59,5
907,-145,1.59,5
908,54,1.59,5
909,-254,1.59,5
910,122,1.59,5
911,-156,1.59,5
912,181,1.59,5
913,-78,1.59,5
914,236,1.59,5
915,-34,1.59,5
916,117,1.59,5
917,-76,1.59,5
918,144,1.59,5
919,-138,1.59,5
920,41,1.59,5
921,-176,1.59,5
922,56,1.59,5
923,-170,1.59,5
924,153,1.59,5
925,-119,1.59,5
926,188,1.59,5
927,-82,1.59,5
928,220,1.59,5
929,-64,1.59,5
930,203,1.59,5
931,-82,1.59,5
932,86,1.59,5
933,-199,1.59,5
934,148,1.59,5
935,-178,1.59,5
936,68,1.59,5
937,-152,1.59,5
938,171,1.59,5
939,-59,1.59,5
940,284,1.59,5
941,-80,1.59,5
942,138,1.59,5
943,-99,1.59,5
944,132,1.59,5
945,-144,1.59,5
946,98,1.59,5
947,-198,1.59,5
948,78,1.59,5
949,-129,1.59,5
950,126,1.59,5
951,-118,1.59,5
952,249,1.59,5
953,-13,1.59,5
954,162,1.59,5
955,-51,1.59,5
956,180,1.59,5
957,-79,1.59,5
958,48,1.59,5
959,-167,1.59,5
960,75,1.59,5
961,-150,1.59,5
962,84,1.59,5
963,-165,1.59,5
964,166,1.59,5
965,-52,1.59,5
966,241,1.59,5
967,-42,1.59,5
968,260,1.59,5
969,-54,1.59,5
970,86,1.59,5
971,-134,1.59,5
972,41,1.59,5
973,-206,1.59,5
974,96,1.59,5
975,-238,1.59,5
976,98,1.59,5
977,-83,1.59,5
978,215,1.59,5
979,-77,1.59,5
980,313,1.59,5
981,-18,1.59,5
982,159,1.59,5
983,-89,1.59,5
984,100,1.59,5
985,-169,1.59,5
986,34,1.59,5
987,-175,1.59,5
988,154,1.59,5
989,-142,1.59,5
990,140,1.59,5
991,-93,1.59,5
992,289,1.59,5
993,-49,1.59,5
994,207,1.59,5
995,-99,1.59,5
996,105,1.59,5
997,-140,1.59,5
998,120,1.59,5
999,-152,1.59,5
1000,77,1.59,5
1001,-131,1.59,5
1002,165,1.59,5
1003,-95,1.59,5
1004,198,1.59,5
1005,-65,1.59,5
1006,182,1.59,5
1007,-20,1.59,5
1008,220,1.59,5
1009,-67,1.59,5
1010,9,1.59,5
1011,-154,1.59,5
1012,114,1.59,5
1013,-232,1.59,5
1014,91,1.59,5
1015,-119,1.59,5
1016,232,1.59,5
1017,-94,1.59,5
1018,174,1.59,5
1019,-85,1.59,5
1020,177,1.59,5
1021,-46,1.59,5
1022,120,1.59,5
1023,-122,1.59,5
1024,77,1.59,5
1025,-166,1.59,5
1026,75,1.59,5
1027,-169,1.59,5
1028,128,1.59,5
1029,-178,1.59,5
1030,225,1.59,5
1031,-90,1.59,5
1032,323,1.59,5
1033,-37,1.59,5
1034,181,1.59,5
1035,-93,1.59,5
1036,113,1.59,5
1037,-192,1.59,5
1038,81,1.59,5
1039,-201,1.59,5
1040,107,1.59,5
1041,-184,1.59,5
1042,206,1.59,5
1043,-95,1.59,5
1044,229,1.59,5
1045,-30,1.59,5
1046,211,1.59,5
1047,-45,1.59,5
1048,101,1.59,5
1049,-121,1.59,5
1050,52,1.59,5
1051,-139,1.59,5
1052,82,1.59,5
1053,-193,1.59,5
1054,93,1.59,5
1055,-148,1.59,5
1056,164,1.59,5
1057,-98,1.59,5
1058,246,1.59,5
1059,-11,1.59,5
1060,154,1.59,5
1061,-66,1.59,5
1062,52,1.59,5
1063,-147,1.59,5
1064,61,1.59,5
1065,-180,1.59,5
1066,104,1.59,5
1067,-175,1.59,5
1068,135,1.59,5
1069,-134,1.59,5
1070,239,1.59,5
1071,-26,1.59,5
1072,206,1.59,5
1073,-53,1.59,5
1074,278,1.59,5
1075,-172,1.59,5
1076,88,1.59,5
1077,-188,1.59,5
1078,86,1.59,5
1079,-208,1.59,5
1080,159,1.59,5
1081,-144,1.59,5
1082,198,1.59,5
1083,-38,1.59,5
1084,227,1.59,5
1085,-72,1.59,5
1086,167,1.59,5
1087,-86,1.59,5
1088,152,1.59,5
1089,-178,1.59,5
1090,73,1.59,5
1091,-202,1.59,5
1092,59,1.59,5
1093,-180,1.59,5
1094,137,1.59,5
1095,-104,1.59,5
1096,221,1.59,5
1097,-52,1.59,5
1098,214,1.59,5
1099,-29,1.59,5
1100,107,1.59,5
1101,-100,1.59,5
1102,29,1.59,5
1103,-186,1.59,5
1104,76,1.59,5
1105,-219,1.59,5
1106,148,1.59,5
1107,-157,1.59,5
1108,185,1.59,5
1109,-58,1.59,5
1110,197,1.59,5
1111,-47,1.59,5
1112,214,1.59,5
1113,-47,1.59,5
1114,55,1.59,5
1115,-193,1.59,5
1116,94,1.59,5
1117,-200,1.59,5
1118,74,1.59,5
1119,-181,1.59,5
1120,202,1.59,5
1121,-125,1.59,5
1122,245,1.59,5
1123,-7,1.59,5
1124,182,1.59,5
1125,-23,1.59,5
1126,170,1.59,5
1127,-113,1.59,5
1128,74,1.59,5
1129,-190,1.59,5
1130,74,1.59,5
1131,-210,1.59,5
1132,167,1.59,5
1133,-155,1.59,5
1134,188,1.59,5
1135,-69,1.59,5
1136,203,1.59,5
1137,-52,1.59,5
1138,171,1.59,5
1139,-81,1.59,5
1140,124,1.59,5
1141,-132,1.59,5
1142,71,1.59,5
1143,-211,1.59,5
1144,74,1.59,5
1145,-156,1.59,5
1146,161,1.59,5
1147,-143,1.59,5
1148,177,1.59,5
1149,-61,1.59,5
1150,182,1.59,5
1151,-35,1.59,5
1152,135,1.59,5
1153,-106,1.59,5
1154,97,1.59,5
1155,-168,1.59,5
1156,100,1.59,5
1157,-166,1.59,5
1158,92,1.59,5
1159,-140,1.59,5
1160,178,1.59,5
1161,-31,1.59,5
1162,275,1.59,5
1163,-51,1.59,5
1164,135,1.59,5
1165,-62,1.59,5
1166,107,1.59,5
1167,-223,1.59,5
1168,62,1.59,5
1169,-231,1.59,5
1170,90,1.59,5
1171,-171,1.59,5
1172,159,1.59,5
1173,-81,1.59,5
1174,217,1.59,5
1175,-30,1.59,5
1176,227,1.59,5
1177,-13,1.59,5
1178,171,1.59,5
1179,-120,1.59,5
1180,95,1.59,5
1181,-193,1.59,5
1182,16,1.59,5
1183,-221,1.59,5
1184,124,1.59,5
1185,-157,1.59,5
1186,210,1.59,5
1187,-61,1.59,5
1188,214,1.59,5
1189,-52,1.59,5
1190,177,1.59,5
1191,-90,1.59,5
1192,111,1.59,5
1193,-118,1.59,5
1194,53,1.59,5
1195,-178,1.59,5
1196,98,1.59,5
1197,-195,1.59,5
1198,167,1.59,5
1199,-127,1.59,5
1200,240,1.59,5
1201,-58,1.59,5
1202,212,1.59,5
1203,-52,1.59,5
1204,144,1.59,5
1205,-119,1.59,5
1206,121,1.59,5
1207,-142,1.59,5
1208,120,1.59,5
1209,-189,1.59,5
1210,144,1.59,5
1211,-161,1.59,5
1212,172,1.59,5
1213,-36,1.59,5
1214,209,1.59,5
1215,-40,1.59,5
1216,205,1.59,5
1217,-35,1.59,5
1218,-73,1.59,5
1219,-141,1.59,5
1220,50,1.59,5
1221,-195,1.59,5
1222,115,1.59,5
1223,-158,1.59,5
1224,151,1.59,5
1225,-155,1.59,5
1226,212,1.59,5
1227,-53,1.59,5
1228,194,1.59,5
1229,-22,1.59,5
1230,196,1.59,5
1231,-66,1.59,5
1232,50,1.59,5
1233,-189,1.59,5
1234,86,1.59,5
1235,-210,1.59,5
1236,177,1.59,5
1237,-123,1.59,5
1238,206,1.59,5
1239,-63,1.59,5
1240,215,1.59,5
1241,-64,1.59,5
1242,189,1.59,5
1243,-41,1.59,5
1244,118,1.59,5
1245,-197,1.59,5
1246,77,1.59,5
1247,-217,1.59,5
1248,149,1.59,5
1249,-180,1.59,5
1250,138,1.59,5
1251,-83,1.59,5
1252,254,1.59,5
1253,-73,1.59,5
1254,179,1.59,5
1255,-57,1.59,5
1256,139,1.59,5
1257,-145,1.59,5
1258,48,1.59,5
1259,-159,1.59,5
1260,6,1.59,5
1261,-225,1.59,5
1262,121,1.59,5
1263,-145,1.59,5
1264,232,1.59,5
1265,-77,1.59,5
1266,241,1.59,5
1267,-35,1.59,5
1268,198,1.59,5
1269,-34,1.59,5
1270,102,1.59,5
1271,-170,1.59,5
1272,-59,1.59,5
1273,-152,1.59,5
1274,98,1.59,5
1275,-168,1.59,5
1276,200,1.59,5
1277,-126,1.59,5
1278,250,1.59,5
1279,-61,1.59,5
1280,210,1.59,5
1281,-59,1.59,5
1282,154,1.59,5
1283,-123,1.59,5
1284,74,1.59,5
1285,-225,1.59,5
1286,94,1.59,5
1287,-242,1.59,5
1288,83,1.59,5
1289,-133,1.59,5
1290,246,1.59,5
1291,-128,1.59,5
1292,193,1.59,5
1293,-76,1.59,5
1294,159,1.59,5
1295,-93,1.59,5
1296,103,1.59,5
1297,-136,1.59,5
1298,112,1.59,5
1299,-190,1.59,5
1300,115,1.59,5
1301,-262,1.59,5
1302,163,1.59,5
1303,-156,1.59,5
1304,157,1.59,5
1305,-15,1.59,5
1306,241,1.59,5
1307,-9,1.59,5
1308,139,1.59,5
1309,-41,1.59,5
1310,49,1.59,5
1311,-125,1.59,5
1312,106,1.59,5
1313,-215,1.59,5
1314,143,1.59,5
1315,-181,1.59,5
1316,186,1.59,5
1317,-113,1.59,5
1318,227,1.59,5
1319,-45,1.59,5
1320,186,1.59,5
1321,-37,1.59,5
1322,139,1.59,5
1323,-131,1.59,5
1324,106,1.59,5
1325,-192,1.59,5
1326,58,1.59,5
1327,-177,1.59,5
1328,177,1.59,5
1329,-99,1.59,5
1330,145,1.59,5
1331,-19,1.59,5
1332,185,1.59,5
1333,-6,1.59,5
1334,146,1.59,5
1335,-91,1.59,5
1336,178,1.59,5
1337,-151,1.59,5
1338,10,1.59,5
1339,-326,1.59,5
1340,138,1.59,5
1341,-150,1.59,5
1342,245,1.59,5
1343,-43,1.59,5
1344,207,1.59,5
1345,-75,1.59,5
1346,288,1.59,5
1347,-35,1.59,5
1348,118,1.59,5
1349,-132,1.59,5
1350,-9,1.59,5
1351,-175,1.59,5
1352,105,1.59,5
1353,-200,1.59,5
1354,164,1.59,5
1355,-114,1.59,5
1356,186,1.59,5
1357,-51,1.59,5
1358,216,1.59,5
1359,-3,1.59,5
1360,124,1.59,5
1361,-62,1.59,5
1362,115,1.59,5
1363,-145,1.59,5
1364,33,1.59,5
1365,-183,1.59,5
1366,135,1.59,5
1367,-205,1.59,5
1368,142,1.59,5
1369,-69,1.59,5
1370,180,1.59,5
1371,-58,1.59,5
1372,215,1.59,5
1373,-79,1.59,5
1374,116,1.59,5
1375,-94,1.59,5
1376,51,1.59,5
1377,-227,1.59,5
1378,112,1.59,5
1379,-136,1.59,5
1380,77,1.59,5
1381,-175,1.59,5
1382,217,1.59,5
1383,-27,1.59,5
1384,227,1.59,5
1385,-90,1.59,5
1386,193,1.59,5
1387,-93,1.59,5
1388,114,1.59,5
1389,-140,1.59,5
1390,122,1.59,5
1391,-197,1.59,5
1392,76,1.59,5
1393,-144,1.59,5
1394,188,1.59,5
1395,-125,1.59,5
1396,249,1.59,5
1397,-23,1.59,5
1398,197,1.59,5
1399,-87,1.59,5
1400,114,1.59,5
1401,-101,1.59,5
1402,105,1.59,5
1403,-177,1.59,5
1404,92,1.59,5
1405,-175,1.59,5
1406,159,1.59,5
1407,-188,1.59,5
1408,112,1.59,5
1409,-78,1.59,5
1410,233,1.59,5
1411,-70,1.59,5
1412,134,1.59,5
1413,-139,1.59,5
1414,104,1.59,5
1415,-210,1.59,5
1416,74,1.59,5
1417,-205,1.59,5
1418,124,1.59,5
1419,-198,1.59,5
1420,190,1.59,5
1421,-140,1.59,5
1422,230,1.59,5
1423,-93,1.59,5
1424,230,1.59,5
1425,-37,1.59,5
1426,168,1.59,5
1427,-116,1.59,5
1428,80,1.59,5
1429,-156,1.59,5
1430,112,1.59,5
1431,-166,1.59,5
1432,128,1.59,5
1433,-157,1.59,5
1434,229,1.59,5
1435,-61,1.59,5
1436,237,1.59,5
1437,-30,1.59,5
1438,159,1.59,5
1439,-57,1.59,5
1440,64,1.59,5
1441,-166,1.59,5
1442,40,1.59,5
1443,-253,1.59,5
1444,116,1.59,5
1445,-177,1.59,5
1446,155,1.59,5
1447,-132,1.59,5
1448,213,1.59,5
1449,-25,1.59,5
1450,146,1.59,5
1451,-86,1.59,5
1452,169,1.59,5
1453,-73,1.59,5
1454,40,1.59,5
1455,-210,1.59,5
1456,61,1.59,5
1457,-196,1.59,5
1458,148,1.59,5
1459,-129,1.59,5
1460,215,1.59,5
1461,-51,1.59,5
1462,164,1.59,5
1463,-40,1.59,5
1464,231,1.59,5
1465,-66,1.59,5
1466,108,1.59,5
1467,-122,1.59,5
1468,99,1.59,5
1469,-173,1.59,5
1470,131,1.59,5
1471,-187,1.59,5
1472,207,1.59,5
1473,-76,1.59,5
1474,316,1.59,5
1475,-72,1.59,5
1476,199,1.59,5
1477,-48,1.59,5
1478,167,1.59,5
1479,-106,1.59,5
1480,83,1.59,5
1481,-176,1.59,5
1482,99,1.59,5
1483,-180,1.59,5
1484,140,1.59,5
1485,-131,1.59,5
1486,235,1.59,5
1487,-86,1.59,5
1488,207,1.59,5
1489,-28,1.59,5
1490,230,1.59,5
1491,-117,1.59,5
1492,110,1.59,5
1493,-157,1.59,5
1494,86,1.59,5
1495,-153,1.59,5
1496,67,1.59,5
1497,-174,1.59,5
1498,167,1.59,5
1499,-89,1.59,5
1500,230,1.59,5
1501,-52,1.59,5
1502,211,1.59,5
1503,-26,1.59,5
1504,119,1.59,5
1505,-123,1.59,5
1506,76,1.59,5
1507,-196,1.59,5
1508,37,1.59,5
1509,-202,1.59,5
1510,126,1.59,5
1511,-153,1.59,5
1512,173,1.59,5
1513,-44,1.59,5
1514,213,1.59,5
1515,-38,1.59,5
1516,206,1.59,5
1517,-83,1.59,5
1518,165,1.59,5
1519,-164,1.59,5
1520,86,1.59,5
1521,-184,1.59,5
1522,142,1.59,5
1523,-234,1.59,5
1524,202,1.59,5
1525,-176,1.59,5
1526,239,1.59,5
1527,-75,1.59,5
1528,244,1.59,5
1529,-59,1.59,5
1530,208,1.59,5
1531,-121,1.59,5
1532,95,1.59,5
1533,-204,1.59,5
1534,39,1.59,5
1535,-192,1.59,5
1536,132,1.59,5
1537,-206,1.59,5
1538,172,1.59,5
1539,-90,1.59,5
1540,242,1.59,5
1541,-37,1.59,5
1542,244,1.59,5
1543,-21,1.59,5
1544,128,1.59,5
1545,-133,1.59,5
1546,91,1.59,5
1547,-184,1.59,5
1548,126,1.59,5
1549,-164,1.59,5
1550,164,1.59,5
1551,-117,1.59,5
1552,164,1.59,5
1553,-26,1.59,5
1554,267,1.59,5
1555,-24,1.59,5
1556,149,1.59,5
1557,-78,1.59,5
1558,118,1.59,5
1559,-161,1.59,5
1560,66,1.59,5
1561,-197,1.59,5
1562,122,1.59,5
1563,-184,1.59,5
1564,241,1.59,5
1565,-73,1.59,5
1566,339,1.59,5
1567,-17,1.59,5
1568,157,1.59,5
1569,-56,1.59,5
1570,163,1.59,5
1571,-175,1.59,5
1572,58,1.59,5
1573,-181,1.59,5
1574,127,1.59,5
1575,-230,1.59,5
1576,163,1.59,5
1577,-133,1.59,5
1578,214,1.59,5
1579,-1,1.59,5
1580,183,1.59,5
1581,-50,1.59,5
1582,247,1.59,5
1583,-86,1.59,5
1584,112,1.59,5
1585,-163,1.59,5
1586,38,1.59,5
1587,-224,1.59,5
1588,90,1.59,5
1589,-138,1.59,5
1590,174,1.59,5
1591,-70,1.59,5
1592,207,1.59,5
1593,-20,1.59,5
1594,219,1.59,5
1595,-78,1.59,5
1596,155,1.59,5
1597,-144,1.59,5
1598,17,1.59,5
1599,-178,1.59,5
1600,70,1.59,5
1601,-219,1.59,5
1602,135,1.59,5
1603,-96,1.59,5
1604,217,1.59,5
1605,-11,1.59,5
1606,269,1.59,5
1607,-37,1.59,5
1608,161,1.59,5
1609,-36,1.59,5
1610,42,1.59,5
1611,-161,1.59,5
1612,97,1.59,5
1613,-221,1.59,5
1614,126,1.59,5
1615,-201,1.59,5
1616,189,1.59,5
1617,-94,1.59,5
1618,250,1.59,5
1619,-88,1.59,5
1620,151,1.59,5
1621,-31,1.59,5
1622,108,1.59,5
1623,-118,1.59,5
1624,29,1.59,5
1625,-212,1.59,5
1626,77,1.59,5
1627,-181,1.59,5
1628,108,1.59,5
1629,-129,1.59,5
1630,176,1.59,5
1631,-53,1.59,5
1632,201,1.59,5
1633,-19,1.59,5
1634,181,1.59,5
1635,-116,1.59,5
1636,107,1.59,5
1637,-180,1.59,5
1638,32,1.59,5
1639,-184,1.59,5
1640,174,1.59,5
1641,-153,1.59,5
1642,174,1.59,5
1643,-81,1.59,5
1644,257,1.59,5
1645,-32,1.59,5
1646,166,1.59,5
1647,-91,1.59,5
1648,125,1.59,5
1649,-126,1.59,5
1650,95,1.59,5
1651,-182,1.59,5
1652,153,1.59,5
1653,-197,1.59,5
1654,25,1.59,5
1655,-82,1.59,5
1656,182,1.59,5
1657,-48,1.59,5
1658,224,1.59,5
1659,-6,1.59,5
1660,182,1.59,5
1661,-93,1.59,5
1662,101,1.59,5
1663,-188,1.59,5
1664,33,1.59,5
1665,-229,1.59,5
1666,75,1.59,5
1667,-208,1.59,5
1668,160,1.59,5
1669,-101,1.59,5
1670,185,1.59,5
1671,-66,1.59,5
1672,186,1.59,5
1673,-67,1.59,5
1674,149,1.59,5
1675,-88,1.59,5
1676,68,1.59,5
1677,-234,1.59,5
1678,88,1.59,5
1679,-202,1.59,5
1680,164,1.59,5
1681,-172,1.59,5
1682,252,1.59,5
1683,-89,1.59,5
1684,176,1.59,5
1685,-90,1.59,5
1686,182,1.59,5
1687,-161,1.59,5
1688,112,1.59,5
1689,-146,1.59,5
1690,-5,1.59,5
1691,-331,1.59,5
1692,125,1.59,5
1693,-186,1.59,5
1694,210,1.59,5
1695,-117,1.59,5
1696,209,1.59,5
1697,-76,1.59,5
1698,230,1.59,5
1699,-40,1.59,5
1700,162,1.59,5
1701,-73,1.59,5
1702,44,1.59,5
1703,-185,1.59,5
1704,132,1.59,5
1705,-196,1.59,5
1706,97,1.59,5
1707,-140,1.59,5
1708,253,1.59,5
1709,-90,1.59,5
1710,199,1.59,5
1711,-65,1.59,5
1712,134,1.59,5
1713,-123,1.59,5
1714,88,1.59,5
1715,-194,1.59,5
1716,108,1.59,5
1717,-225,1.59,5
1718,98,1.59,5
1719,-147,1.59,5
1720,200,1.59,5
1721,-65,1.59,5
1722,216,1.59,5
1723,-82,1.59,5
1724,166,1.59,5
1725,-54,1.59,5
1726,130,1.59,5
1727,-79,1.59,5
1728,40,1.59,5
1729,-159,1.59,5
1730,90,1.59,5
1731,-219,1.59,5
1732,145,1.59,5
1733,-143,1.59,5
1734,196,1.59,5
1735,-57,1.59,5
1736,273,1.59,5
1737,-36,1.59,5
1738,138,1.59,5
1739,-63,1.59,5
1740,99,1.59,5
1741,-121,1.59,5
1742,60,1.59,5
1743,-201,1.59,5
1744,75,1.59,5
1745,-177,1.59,5
1746,186,1.59,5
1747,-63,1.59,5
1748,232,1.59,5
1749,-65,1.59,5
1750,204,1.59,5
1751,-54,1.59,5
1752,168,1.59,5
1753,-149,1.59,5
1754,99,1.59,5
1755,-198,1.59,5
1756,92,1.59,5
1757,-191,1.59,5
1758,177,1.59,5
1759,-199,1.59,5
1760,173,1.59,5
1761,-139,1.59,5
1762,143,1.59,5
1763,-66,1.59,5
1764,179,1.59,5
1765,-103,1.59,5
1766,114,1.59,5
1767,-153,1.59,5
1768,71,1.59,5
1769,-194,1.59,5
1770,117,1.59,5
1771,-169,1.59,5
1772,147,1.59,5
1773,-66,1.59,5
1774,201,1.59,5
1775,-21,1.59,5
1776,201,1.59,5
1777,-24,1.59,5
1778,173,1.59,5
1779,-83,1.59,5
1780,72,1.59,5
1781,-227,1.59,5
1782,-11,1.59,5
1783,-202,1.59,5
1784,129,1.59,5
1785,-186,1.59,5
1786,214,1.59,5
1787,-54,1.59,5
1788,208,1.59,5
1789,-73,1.59,5
1790,121,1.59,5
1791,-31,1.59,5
1792,99,1.59,5
1793,-133,1.59,5
1794,52,1.59,5
1795,-167,1.59,5
1796,95,1.59,5
1797,-168,1.59,5
1798,175,1.59,5
1799,-47,1.59,5
1800,182,1.59,5
1801,-74,1.59,5
1802,215,1.59,5
1803,-47,1.59,5
1804,127,1.59,5
1805,-104,1.59,5
1806,79,1.59,5
1807,-198,1.59,5
1808,71,1.59,5
1809,-176,1.59,5
1810,165,1.59,5
1811,-119,1.59,5
1812,196,1.59,5
1813,-74,1.59,5
1814,183,1.59,5
1815,-28,1.59,5
1816,218,1.59,5
1817,-60,1.59,5
1818,116,1.59,5
1819,-115,1.59,5
1820,70,1.59,5
1821,-208,1.59,5
1822,121,1.59,5
1823,-150,1.59,5
1824,226,1.59,5
1825,-137,1.59,5
1826,224,1.59,5
1827,-4,1.59,5
1828,205,1.59,5
1829,-65,1.59,5
1830,154,1.59,5
1831,-100,1.59,5
1832,125,1.59,5
1833,-338,1.59,5
1834,53,1.59,5
1835,-177,1.59,5
1836,127,1.59,5
1837,-140,1.59,5
1838,220,1.59,5
1839,-104,1.59,5
1840,222,1.59,5
1841,-28,1.59,5
1842,177,1.59,5
1843,-104,1.59,5
1844,118,1.59,5
1845,-144,1.59,5
1846,58,1.59,5
1847,-177,1.59,5
1848,87,1.59,5
1849,-192,1.59,5
1850,130,1.59,5
1851,-78,1.59,5
1852,180,1.59,5
1853,-60,1.59,5
1854,269,1.59,5
1855,-43,1.59,5
1856,155,1.59,5
1857,-72,1.59,5
1858,120,1.59,5
1859,-202,1.59,5
1860,96,1.59,5
1861,-187,1.59,5
1862,151,1.59,5
1863,-124,1.59,5
1864,216,1.59,5
1865,-106,1.59,5
1866,238,1.59,5
1867,-7,1.59,5
1868,198,1.59,5
1869,-42,1.59,5
1870,108,1.59,5
1871,-97,1.59,5
1872,79,1.59,5
1873,-209,1.59,5
1874,75,1.59,5
1875,-189,1.59,5
1876,111,1.59,5
1877,-132,1.59,5
1878,249,1.59,5
1879,-35,1.59,5
1880,167,1.59,5
1881,-34,1.59,5
1882,196,1.59,5
1883,-58,1.59,5
1884,74,1.59,5
1885,-133,1.59,5
1886,76,1.59,5
1887,-172,1.59,5
1888,153,1.59,5
1889,-174,1.59,5
1890,241,1.59,5
1891,-71,1.59,5
1892,171,1.59,5
1893,-78,1.59,5
1894,191,1.59,5
1895,-85,1.59,5
1896,136,1.59,5
1897,-142,1.59,5
1898,63,1.59,5
1899,-203,1.59,5
1900,91,1.59,5
1901,-197,1.59,5
1902,202,1.59,5
1903,-82,1.59,5
1904,178,1.59,5
1905,-37,1.59,5
1906,253,1.59,5
1907,-58,1.59,5
1908,139,1.59,5
1909,-206,1.59,5
1910,88,1.59,5
1911,-160,1.59,5
1912,79,1.59,5
1913,-193,1.59,5
1914,163,1.59,5
1915,-126,1.59,5
1916,190,1.59,5
1917,-105,1.59,5
1918,243,1.59,5
1919,-54,1.59,5
1920,183,1.59,5
1921,-83,1.59,5
1922,130,1.59,5
1923,-184,1.59,5
1924,118,1.59,5
1925,-198,1.59,5
1926,125,1.59,5
1927,-182,1.59,5
1928,191,1.59,5
1929,-121,1.59,5
1930,231,1.59,5
1931,-66,1.59,5
1932,228,1.59,5
1933,-44,1.59,5
1934,173,1.59,5
1935,-96,1.59,5
1936,152,1.59,5
1937,-146,1.59,5
1938,33,1.59,5
1939,-152,1.59,5
1940,141,1.59,5
1941,-212,1.59,5
1942,235,1.59,5
1943,-107,1.59,5
1944,262,1.59,5
1945,-83,1.59,5
1946,205,1.59,5
1947,-33,1.59,5
1948,134,1.59,5
1949,-154,1.59,5
1950,32,1.59,5
1951,-242,1.59,5
1952,100,1.59,5
1953,-194,1.59,5
1954,128,1.59,5
1955,-132,1.59,5
1956,168,1.59,5
1957,-25,1.59,5
1958,211,1.59,5
1959,-34,1.59,5
1960,178,1.59,5
1961,-105,1.59,5
1962,84,1.59,5
1963,-166,1.59,5
1964,114,1.59,5
1965,-214,1.59,5
1966,120,1.59,5
1967,-181,1.59,5
1968,160,1.59,5
1969,-97,1.59,5
1970,196,1.59,5
1971,2,1.59,5
1972,168,1.59,5
1973,-64,1.59,5
1974,31,1.59,5
1975,-124,1.59,5
1976,108,1.59,5
1977,-195,1.59,5
1978,130,1.59,5
1979,-177,1.59,5
1980,152,1.59,5
1981,-137,1.59,5
1982,255,1.59,5
1983,-48,1.59,5
1984,230,1.59,5
1985,-78,1.59,5
1986,151,1.59,5
1987,-101,1.59,5
1988,86,1.59,5
1989,-166,1.59,5
1990,68,1.59,5
1991,-196,1.59,5
1992,151,1.59,5
1993,-158,1.59,5
1994,223,1.59,5
1995,-172,1.59,5
1996,206,1.59,5
1997,-199,1.59,5
1998,232,1.59,5
1999,-42,1.59,5
2000,101,1.59,5
2001,-110,1.59,5
2002,70,1.59,5
2003,-185,1.59,5
2004,100,1.59,5
2005,-185,1.59,5
2006,160,1.59,5
2007,-153,1.59,5
2008,233,1.59,5
2009,-55,1.59,5
2010,221,1.59,5
2011,6,1.59,5
2012,203,1.59,5
2013,-111,1.59,5
2014,127,1.59,5
2015,-187,1.59,5
2016,23,1.59,5
2017,-195,1.59,5
2018,104,1.59,5
2019,-143,1.59,5
2020,180,1.59,5
2021,-88,1.59,5
2022,170,1.59,5
2023,-79,1.59,5
2024,166,1.59,5
2025,-79,1.59,5
2026,154,1.59,5
2027,-117,1.59,5
2028,-25,1.59,5
2029,-159,1.59,5
2030,64,1.59,5
2031,-162,1.59,5
