iteration,cycles,rotation,events_used,align_n0,offset_a_codes,offset_b_codes,gain_a_codes,gain_b_codes,gain_ratio,tone_ratio,skew_a_ps,skew_b_ps,skew_mismatch_ps,skew_phase_ps,skew_diff_route_ps,skew_centroid_ps,skew_source,skew_used_ps,skew_observable,gain_mag_ratio,skew_slope_ps,skew_fold_ps,phase_a_samples,phase_b_samples,dither_peak_a_codes,dbc_ab_coherent,dbc_ab_coherent_cal,snr_dither_db,snr_dither_db_cal,raw_a_sndr_db,raw_a_sfdr_db,raw_a_enob,raw_b_sndr_db,raw_b_sfdr_db,raw_b_enob,cal_a_sndr_db,cal_a_sfdr_db,cal_a_enob,cal_b_sndr_db,cal_b_sfdr_db,cal_b_enob,raw_difference_dbc,cal_difference_dbc,cal_dc_difference_codes,raw_sndr_db,raw_sfdr_db,raw_enob,cal_sndr_db,cal_sfdr_db,cal_enob,raw_offset_spur_dbc,raw_image_spur_dbc,cal_offset_spur_dbc,cal_image_spur_dbc,swapped,align_margin,frame_sha1,rejected,offset_error_a,offset_error_b,gain_error,gain_source,skew_error_ps,offset_a_state,offset_b_state,gain_corr_a,gain_corr_b,skew_cmd_ps
0,0,5,8,537,12.0923409232859,-30.578936000687158,1295.5571628351177,1321.0461498853278,1.0196741508452098,1.020939179828715,0.0,3.6195288341564935,3.6195288341564935,3.6195288341564935,-17.130666172126855,-2.8704050636825413,phase,3.6195288341564935,phase,nan,nan,nan,nan,nan,nan,nan,nan,nan,nan,40.82925566695196,50.53414136444948,6.489909579227901,40.65611690385725,50.224555337032854,6.461148987351704,40.82925566695196,50.53414136444948,6.489909579227901,40.65611690385725,50.224555337032854,6.461148987351704,-33.380216607293754,-33.380216607293754,37.124337051767995,40.82925566695196,50.53414136444948,6.489909579227901,40.82925566695196,50.53414136444948,6.489909579227901,nan,-33.380216607293754,nan,-33.380216607293754,False,17.912232314669488,ee36cfe5acca3013,,12.0923409232859,-30.578936000687158,0.02093917982871507,tone,3.6195288341564935,4.232319323150064,-10.702627600240504,1.0036643564700252,0.9964107984663299,-1.085858650246948
1,1020,4,8,1585,13.681794018091901,3.7838453425120706,1302.3164748557824,1313.6800619741064,1.008725672551737,1.0135432545169794,0.0,2.471730015929634,2.471730015929634,2.471730015929634,-11.085429751996282,-5.168470834379359,phase,2.471730015929634,phase,nan,nan,nan,nan,nan,nan,nan,nan,nan,nan,40.84456269139348,50.736904156912395,6.492452274317854,40.644076219459436,51.07839601336085,6.4591488736643585,40.84456269139349,50.736904156912416,6.4924522743178565,40.64407621945945,51.07839601336082,6.459148873664361,-33.53982441734386,-37.212693891937946,21.710293097192142,40.84456269139348,50.736904156912395,6.492452274317854,40.84456269139349,50.736904156912416,6.4924522743178565,nan,-33.53982441734386,nan,-37.212693891937946,False,19.966396310270817,cb322323ed69a745,,13.681794018091901,3.7838453425120706,0.013543254516979353,tone,2.471730015929634,9.003464054416785,-9.373511263968707,1.0060431107901515,0.9940807914609877,-1.8273776550258383
2,2040,2,8,2623,8.368613812630095,-15.372669983886592,1303.9576353414382,1314.108548810039,1.007784695755045,1.008832528783388,0.0,1.7552174106860687,1.7552174106860687,1.7552174106860687,-7.269596502756562,-0.8309703634680797,phase,1.7552174106860687,phase,nan,nan,nan,nan,nan,nan,nan,nan,nan,nan,40.80553168216822,50.86302674731549,6.485968717968144,40.71138857928222,50.69607208483102,6.470330328784423,40.80553168216822,50.86302674731546,6.485968717968144,40.71138857928222,50.69607208483105,6.470330328784423,-33.53381756205897,-40.85824770552386,18.66218109212029,40.80553168216822,50.86302674731549,6.485968717968144,40.80553168216822,50.86302674731546,6.485968717968144,nan,-33.53381756205897,nan,-40.85824770552386,False,17.306732026835682,775dfb7b24e3b916,,8.368613812630095,-15.372669983886592,0.008832528783387916,tone,1.7552174106860687,11.914884850410377,-14.785983309075576,1.0075981441184936,0.9925577009412146,-2.353942878231659
3,3060,5,7,3709,2.5207754769714876,7.014310076986112,1307.2957090090415,1304.9415812571635,0.998199238522964,1.0056591760484934,0.0,1.2365081531180386,1.2365081531180386,1.2365081531180386,-4.6837314520877165,-0.583146477108716,phase,1.2365081531180386,phase,nan,nan,nan,nan,nan,nan,nan,nan,nan,nan,40.78740998870469,50.239458475957655,6.4829584698845,40.82589293507881,51.401724957257855,6.489350985893491,40.78740998870467,50.23945847595762,6.482958469884497,40.82589293507881,51.401724957257855,6.489350985893491,-33.56369460027183,-44.58894042066899,10.098056211187593,40.78740998870469,50.239458475957655,6.4829584698845,40.78740998870467,50.23945847595762,6.482958469884497,nan,-33.56369460027183,nan,-44.58894042066899,False,15.770816259602812,329a12208cc65ef7,,2.5207754769714876,7.014310076986112,0.0056591760484934195,tone,1.2365081531180386,12.790503192990677,-12.312566877348612,1.0085960247931414,0.9915802472394075,-2.7248953241670706
4,4080,3,8,4765,-0.21711263650134538,-21.420029779858517,1307.8452558068905,1305.957921983906,0.9985569135074623,1.0037173078683514,0.0,0.8594514240762463,0.8594514240762463,0.8594514240762463,-3.092284099971035,-0.8169578890039075,phase,0.8594514240762463,phase,nan,nan,nan,nan,nan,nan,nan,nan,nan,nan,40.79101111594822,50.39337858044627,6.483556663778775,40.76794459847544,50.44232535410387,6.479725016358047,40.79101111594822,50.39337858044625,6.483556663778775,40.76794459847545,50.442325354103886,6.479725016358049,-33.54749947681949,-48.17493335879301,12.012192894448555,40.79101111594822,50.39337858044627,6.483556663778775,40.79101111594822,50.39337858044625,6.483556663778775,nan,-33.54749947681949,nan,-48.17493335879301,False,16.808248798078576,ff0b8cad39a9d30a,,-0.21711263650134538,-21.420029779858517,0.0037173078683514493,tone,0.8594514240762463,12.71516141004933,-19.873236267266783,1.0092521456324577,0.9909375846295301,-2.9827307513899446
5,5100,3,8,5799,1.3890232666039084,3.3117380414186606,1309.4219993343202,1309.3839152443636,0.9999709153428185,1.002472160064738,0.0,0.601422008911893,0.601422008911893,0.601422008911893,-2.0632563851594745,-0.7278921488269756,phase,0.601422008911893,phase,nan,nan,nan,nan,nan,nan,nan,nan,nan,nan,40.90813881206125,50.55170475745645,6.503013091704528,40.65527718135381,50.53436674761069,6.461009498563756,40.90813881206125,50.55170475745642,6.503013091704528,40.65527718135381,50.5343667476107,6.461009498563756,-33.564881678591696,-51.80580274497734,4.090538320644568,40.90813881206125,50.55170475745645,6.503013091704528,40.90813881206125,50.55170475745642,6.503013091704528,nan,-33.564881678591696,nan,-51.80580274497734,False,16.76356109258158,70172ff8d301b305,,1.3890232666039084,3.3117380414186606,0.0024721600647379383,tone,0.601422008911893,13.19686278211499,-18.703527566662927,1.0096887763811524,0.9905099344925309,-3.1631573540635123
6,6144,0,7,6829,-1.0460269104005968,-8.812992883644736,1310.1435347192576,1309.0896676844961,0.9991956094833631,1.0015661315455335,0.0,0.41544252556158917,0.41544252556158917,0.41544252556158917,-1.317937492413644,-0.09215095326398937,phase,0.41544252556158917,phase,nan,nan,nan,nan,nan,nan,nan,nan,nan,nan,40.864520585755585,50.76453946209382,6.495767539162058,40.75077786087185,50.89675547823933,6.476873398815923,40.864520585755564,50.76453946209379,6.495767539162054,40.75077786087186,50.896755478239356,6.476873398815924,-33.58510224459809,-55.82650649414445,5.099077908783714,40.864520585755585,50.76453946209382,6.495767539162058,40.864520585755564,50.76453946209379,6.495767539162054,nan,-33.58510224459809,nan,-55.82650649414445,False,14.949283977950511,b242cd0a9a47d2e8,,-1.0460269104005968,-8.812992883644736,0.0015661315455335334,tone,0.41544252556158917,12.834266477982158,-21.81762809393928,1.0099655048338283,0.9902388869391044,-3.287790111731989
7,7140,3,7,7872,1.9494454923510567,14.579855233913992,1310.6939967936837,1302.2828278907082,0.9935826600842367,1.0010302901042631,0.0,0.3068238006625984,0.3068238006625984,0.3068238006625984,-0.8796780681382241,-2.5013601002409604,phase,0.3068238006625984,phase,nan,nan,nan,nan,nan,nan,nan,nan,nan,nan,40.8057543265152,50.53856125882976,6.486005702078938,40.78418085706414,51.09579165598816,6.4824220692797585,40.8057543265152,50.5385612588298,6.486005702078938,40.78418085706416,51.09579165598815,6.482422069279761,-33.56322241978128,-59.11603046677915,1.9090631348485219,40.8057543265152,50.53856125882976,6.486005702078938,40.8057543265152,50.5385612588298,6.486005702078938,nan,-33.56322241978128,nan,-59.11603046677915,False,16.3103456264017,7cc09410fafff467,,1.9494454923510567,14.579855233913992,0.001030290104263143,tone,0.3068238006625984,13.509839969410592,-16.6643772984232,1.010147602390252,0.990060529866569,-3.379837251930769
8,8160,2,8,636,-0.21100588497253434,-14.834726869134343,1309.5440171629061,1307.8626049042232,0.9987160322702816,1.0006685275627478,0.0,0.1933819204745744,0.1933819204745744,0.1933819204745744,-0.566431257389292,-1.1069711937436657,phase,0.1933819204745744,phase,nan,nan,nan,nan,nan,nan,nan,nan,nan,nan,40.81012435493436,51.98630974101246,6.486731620420991,40.77897824768071,50.512680923158335,6.4815578484519465,40.81012435493438,51.986309741012505,6.486731620420994,40.778978247680726,50.51268092315838,6.481557848451948,-33.5734060635498,-62.8500290885698,6.954950832898103,40.81012435493436,51.98630974101246,6.486731620420991,40.81012435493438,51.986309741012505,6.486731620420994,nan,-33.5734060635498,nan,-62.8500290885698,False,15.864089806091114,4de27d33f267c500,,-0.21100588497253434,-14.834726869134343,0.0006685275627478227,tone,0.1933819204745744,13.436729802573948,-21.90865706472877,1.0102657819053145,0.9899447777682614,-3.4378518280731414
9,9180,3,8,1707,3.9259323938554944,14.847537908296394,1311.6864215388723,1305.3059008559983,0.9951356356381365,1.0004027897691545,0.0,0.16409059066244655,0.16409059066244655,0.16409059066244655,-0.36325114253622093,-2.1373234580777627,phase,0.16409059066244655,phase,nan,nan,nan,nan,nan,nan,nan,nan,nan,nan,40.829297698303264,50.584439674060675,6.489916561179945,40.72987869905515,50.78485510748831,6.473401777251687,40.82929769830326,50.58443967406071,6.489916561179944,40.72987869905516,50.78485510748835,6.473401777251689,-33.58880347755847,-65.8795807823961,1.3821123052788196,40.829297698303264,50.584439674060675,6.489916561179945,40.82929769830326,50.58443967406071,6.489916561179944,nan,-33.58880347755847,nan,-65.8795807823961,False,19.97428379860345,a53d1e45e190eb39,,3.9259323938554944,14.847537908296394,0.00040278976915453235,tone,0.16409059066244655,14.796843509739183,-16.65923468824119,1.0103369937315032,0.9898750264283976,-3.4870790052718754
10,10200,6,7,2794,-1.8312914877226558,-10.313684783432116,1311.1526506493467,1307.9704677933776,0.9975729882753216,1.0002667099355278,0.0,0.08607668395373405,0.08607668395373405,0.08607668395373405,-0.23003023205746742,2.4319477450528684,phase,0.08607668395373405,phase,nan,nan,nan,nan,nan,nan,nan,nan,nan,nan,40.74098097958477,50.72235325948668,6.475246009897803,40.83614598362217,50.741256556694914,6.491054150103351,40.74098097958475,50.72235325948667,6.475246009897799,40.83614598362216,50.741256556694935,6.491054150103349,-33.58919119864046,-70.34186106193846,5.431754670179332,40.74098097958477,50.72235325948668,6.475246009897803,40.74098097958475,50.72235325948667,6.475246009897799,nan,-33.58919119864046,nan,-70.34186106193846,False,14.403814892915394,bded74e46fc6e89e,,-1.8312914877226558,-10.313684783432116,0.000266709935527798,tone,0.08607668395373405,14.162449218844532,-20.305947230556605,1.0103841504415338,0.9898288370842708,-3.5129020104579958
11,11264,0,8,3871,1.665551715698075,13.289743023531415,1311.5044044195904,1301.5601275660517,0.9924176565324312,1.0001547470965237,0.0,0.11230202957975217,0.11230202957975217,0.11230202957975217,-0.17100197061892797,-1.8704467521351704,phase,0.11230202957975217,phase,nan,nan,nan,nan,nan,nan,nan,nan,nan,nan,40.805210417772614,50.82691759336427,6.485915351789472,40.673717617114626,50.62965283186899,6.464072693872862,40.805210417772614,50.82691759336428,6.485915351789472,40.673717617114626,50.629652831868974,6.464072693872862,-33.60629256160483,-67.49409276068819,2.2901730704647854,40.805210417772614,50.82691759336427,6.485915351789472,40.805210417772614,50.82691759336428,6.485915351789472,nan,-33.60629256160483,nan,-67.49409276068819,False,16.53219396603178,5cff20a0fd0843f8,,1.665551715698075,13.289743023531415,0.00015474709652374408,tone,0.11230202957975217,14.739401163547527,-15.606740777916158,1.0104115123939232,0.9898020359324173,-3.5465926193319213
12,12288,0,8,4942,-1.8068324510742666,-25.31885231475985,1310.5576050427558,1300.7349243942115,0.9925049607810076,1.0001307315985797,0.0,0.02042761312780931,0.02042761312780931,0.02042761312780931,-0.11889191376087163,-0.17112675882728742,phase,0.02042761312780931,phase,nan,nan,nan,nan,nan,nan,nan,nan,nan,nan,40.78599596622566,50.575838687506646,6.482723582429513,40.7030583735488,50.45194400444156,6.468946573679204,40.785995966225656,50.57583868750665,6.482723582429512,40.70305837354879,50.451944004441565,6.468946573679202,-33.5831254547493,-68.90181260349411,6.9990989273847966,40.78599596622566,50.575838687506646,6.482723582429513,40.785995966225656,50.57583868750665,6.482723582429512,nan,-33.5831254547493,nan,-68.90181260349411,False,16.753112874919154,ed092054629d2387,,-1.8068324510742666,-25.31885231475985,0.00013073159857968086,tone,0.02042761312780931,14.113526111532634,-24.55964043710721,1.010434628618565,0.9897793941719848,-3.5527209032702642
13,13312,0,8,5998,0.598817941104258,8.345856849525646,1310.1971278292724,1305.8313722392006,0.9966678635624053,1.000149647977342,0.0,0.008876218314543376,0.008876218314543376,0.008876218314543376,-0.11877058808367333,-0.10914404871920935,phase,0.008876218314543376,phase,nan,nan,nan,nan,nan,nan,nan,nan,nan,nan,40.77570236410458,50.35579550767554,6.4810136817449475,40.80582180910173,50.49733663695328,6.486016911810919,40.77570236410458,50.35579550767554,6.4810136817449475,40.80582180910174,50.49733663695331,6.48601691181092,-33.515369121637534,-71.95961599285253,-1.6466202634337197,40.77570236410458,50.35579550767554,6.4810136817449475,40.77570236410458,50.35579550767554,6.4810136817449475,nan,-33.515369121637534,nan,-71.95961599285253,False,16.743843280385267,d08f1d2a6469dd8c,,0.598817941104258,8.345856849525646,0.00014964797734196011,tone,0.008876218314543376,14.320948020333434,-21.60842735413772,1.0104610902807867,0.9897534773156282,-3.5553837687646275
14,14280,4,8,7052,0.16461352136272467,-5.131866268343387,1310.0998385126009,1308.9414313233415,0.9991157870910247,1.0000923613303427,0.0,0.048763036588221655,0.048763036588221655,0.048763036588221655,-0.08900148012602067,1.848180176663866,phase,0.048763036588221655,phase,nan,nan,nan,nan,nan,nan,nan,nan,nan,nan,40.77346296305716,50.621997389657636,6.480641688215476,40.89412908947966,50.86348173376792,6.500685895262404,40.773462963057156,50.62199738965761,6.480641688215475,40.89412908947967,50.86348173376797,6.5006858952624045,-33.52264348171148,-70.82608427969438,1.3044698343192387,40.77346296305716,50.621997389657636,6.480641688215476,40.773462963057156,50.62199738965761,6.480641688215475,nan,-33.52264348171148,nan,-70.82608427969438,False,16.06572875193722,68fa501fc85a9e6b,,0.16461352136272467,-5.131866268343387,9.236133034273841e-05,tone,0.048763036588221655,14.377966279652004,-23.423175405128806,1.0104774225986344,0.9897374811771745,-3.570012679741094
15,15300,2,7,3060,0.5511002724522823,16.840462320645862,1310.1755627975836,1301.423273533816,0.9933197584260547,0.9999786537404945,0.0,-0.018470394714765772,-0.018470394714765772,-0.018470394714765772,-0.028045448526282456,-0.7331013812443662,phase,-0.018470394714765772,phase,nan,nan,nan,nan,nan,nan,nan,nan,nan,nan,40.732578770948145,50.65222097065789,6.473850294177433,40.50487937742343,50.229182589537835,6.436026474655056,40.732578770948145,50.65222097065788,6.473850294177433,40.504879377423435,50.22918258953784,6.436026474655057,-33.666979559894315,-67.76763267834802,-0.939318469925932,40.732578770948145,50.65222097065789,6.473850294177433,40.732578770948145,50.65222097065788,6.473850294177433,nan,-33.666979559894315,nan,-67.76763267834802,False,14.057525384449375,e7682cd7bd939552,,0.5511002724522823,16.840462320645862,-2.1346259505450327e-05,tone,-0.018470394714765772,14.568851391030602,-17.46789744069762,1.0104736478638092,0.9897411785148941,-3.564471561326664
16,16320,4,8,894,-3.858567533767001,-16.137966793889376,1309.5304812968132,1305.2944947724413,0.9967652631344809,1.0000104210555978,0.0,0.048259829536516634,0.048259829536516634,0.048259829536516634,-0.0534913384527515,-0.6733828247414035,phase,0.048259829536516634,phase,nan,nan,nan,nan,nan,nan,nan,nan,nan,nan,40.870396713300835,50.638224922827774,6.496743640083196,40.71318701983445,50.348488987005155,6.470629073062201,40.87039671330083,50.63822492282772,6.496743640083195,40.71318701983444,50.348488987005126,6.4706290730622005,-33.64256948169459,-68.02675542719953,5.115725573809025,40.870396713300835,50.638224922827774,6.496743640083196,40.87039671330083,50.63822492282772,6.496743640083195,nan,-33.64256948169459,nan,-68.02675542719953,False,17.78985131020629,a86816795fa42a95,,-3.858567533767001,-16.137966793889376,1.0421055597786832e-05,tone,0.048259829536516634,13.232350790868024,-23.174731207416848,1.0104754906491706,0.9897393735578301,-3.578949510187619
17,17340,1,8,1936,1.430202125265138,16.14232957485783,1311.8259295720868,1302.6502519884198,0.9930054152941922,0.9999654998159297,0.0,0.0022964912496035014,0.0022964912496035014,0.0022964912496035014,-0.032951968753519356,1.0401084969852576,phase,0.0022964912496035014,phase,nan,nan,nan,nan,nan,nan,nan,nan,nan,nan,40.7184760106464,50.26107482357428,6.471507642964519,40.593290987039154,50.06258833289819,6.450712788544711,40.718476010646405,50.26107482357435,6.47150764296452,40.593290987039154,50.06258833289817,6.450712788544711,-33.66479875594896,-67.26134757814597,0.0962888537315596,40.7184760106464,50.26107482357428,6.471507642964519,40.718476010646405,50.26107482357435,6.47150764296452,nan,-33.66479875594896,nan,-67.26134757814597,False,19.500128133978077,f491b3f63961de74,,1.430202125265138,16.14232957485783,-3.4500184070251905e-05,tone,0.0022964912496035014,13.727732171688267,-17.466344229852474,1.0104693898708461,0.9897453493473455,-3.5796384575625
18,18360,4,8,3010,0.11872337383969978,-9.63821131823913,1310.5744274257538,1309.4362434380125,0.9991315380767982,1.0000841342947782,0.0,0.0005547770418385367,0.0005547770418385367,0.0005547770418385367,-0.0669674145818323,-0.6185007632945135,phase,0.0005547770418385367,phase,nan,nan,nan,nan,nan,nan,nan,nan,nan,nan,40.81265400720401,50.6978040194342,6.487151828439205,40.78609569921937,50.553503359875776,6.48274014937199,40.81265400720402,50.6978040194342,6.487151828439206,40.78609569921937,50.55350335987576,6.48274014937199,-33.5564462131948,-75.59221893299272,5.937053117680287,40.81265400720401,50.6978040194342,6.487151828439205,40.81265400720402,50.6978040194342,6.487151828439206,nan,-33.5564462131948,nan,-75.59221893299272,False,14.275341983341702,4d3a366e5677de8f,,0.11872337383969978,-9.63821131823913,8.413429477815981e-05,tone,0.0005547770418385367,13.768854823458259,-20.874669374909388,1.0104842675185106,0.9897307780560698,-3.5798048906750517
19,19380,5,7,4087,1.4200054726820555,21.57176172354556,1310.1142403754513,1297.7552660626286,0.9905664911257808,0.9999848182638004,0.0,-0.01904939272022334,-0.01904939272022334,-0.01904939272022334,-0.015567594746641492,-2.4756060400665802,phase,-0.01904939272022334,phase,nan,nan,nan,nan,nan,nan,nan,nan,nan,nan,40.76601760502012,50.65350545169133,6.479404917777429,40.698666003982666,50.4777202904668,6.468216944183168,40.76601760502011,50.65350545169132,6.479404917777428,40.698666003982645,50.47772029046676,6.4682169441831645,-33.569089890327525,-70.5620768473299,2.2767567316423816,40.76601760502012,50.65350545169133,6.479404917777429,40.76601760502011,50.65350545169132,6.479404917777428,nan,-33.569089890327525,nan,-70.5620768473299,False,15.831740188749155,13c4fc2711518f06,,1.4200054726820555,21.57176172354556,-1.5181736199632034e-05,tone,-0.01904939272022334,14.260700101425059,-13.246214475214211,1.0104815828600335,0.9897334076165177,-3.5740900728589846
20,20480,0,8,5113,0.22289576809574418,-27.581975880014244,1310.9111936083432,1301.3477775293102,0.9927047567175704,0.9999740103644507,0.0,0.023103963800257563,0.023103963800257563,0.023103963800257563,-0.021157381349661428,0.09353137226361023,phase,0.023103963800257563,phase,nan,nan,nan,nan,nan,nan,nan,nan,nan,nan,40.74639368214535,50.79482642340969,6.476145129924478,40.785534642579854,51.78583386793123,6.482646950594661,40.74639368214535,50.794826423409695,6.476145129924478,40.785534642579854,51.785833867931224,6.482646950594661,-33.57055357855705,-72.48783987629936,9.717122483640718,40.74639368214535,50.79482642340969,6.476145129924478,40.74639368214535,50.794826423409695,6.476145129924478,nan,-33.57055357855705,nan,-72.48783987629936,False,16.737132480273214,5d8795fd3cab8b16,,0.22289576809574418,-27.581975880014244,-2.5989635549339418e-05,tone,0.023103963800257563,14.337904397036962,-23.000044631612656,1.0104769870016217,0.9897379092253601,-3.581021261999062
21,21504,0,8,6155,3.0033249224035217,9.38216583835559,1310.0475892697748,1307.0800563118682,0.9977347899555613,0.9999892470621963,0.0,0.03087943807156029,0.03087943807156029,0.03087943807156029,-0.0371874354886595,0.6372682942716698,phase,0.03087943807156029,phase,nan,nan,nan,nan,nan,nan,nan,nan,nan,nan,40.77609430321978,50.38046463174793,6.481078787910263,40.77345304054798,50.254826204954995,6.4806400399581365,40.77609430321977,50.38046463174791,6.481078787910262,40.773453040547984,50.254826204954995,6.480640039958137,-33.56203504958197,-76.23428869655372,-0.6032636785165053,40.77609430321978,50.38046463174793,6.481078787910263,40.77609430321977,50.38046463174791,6.481078787910262,nan,-33.56203504958197,nan,-76.23428869655372,False,18.068197433865887,b8db4ac5c18848cf,,3.0033249224035217,9.38216583835559,-1.0752937803726326e-05,tone,0.03087943807156029,15.378169278239591,-19.68223896526755,1.010475085522288,0.9897397716986686,-3.5902850934205297
22,22440,1,7,7214,-0.5414005010356084,-6.468920081933829,1311.2642793350735,1308.8311603509887,0.9981444480548813,0.9999916692571431,0.0,-0.0046605262398965695,-0.0046605262398965695,-0.0046605262398965695,-0.0077669549587026905,2.673202224433483,phase,-0.0046605262398965695,phase,nan,nan,nan,nan,nan,nan,nan,nan,nan,nan,40.73583319426089,50.664865749720924,6.474390896056628,40.82690760487904,50.67492495996006,6.4895195356941935,40.735833194260906,50.664865749720896,6.474390896056629,40.82690760487904,50.67492495996005,6.4895195356941935,-33.5520608182471,-74.03729585873367,1.829789246296846,40.73583319426089,50.664865749720924,6.474390896056628,40.735833194260906,50.664865749720896,6.474390896056629,nan,-33.5520608182471,nan,-74.03729585873367,False,16.35498375378385,923f53a5199913ff,,-0.5414005010356084,-6.468920081933829,-8.330742856887952e-06,tone,-0.0046605262398965695,15.1906434519452,-21.969832223029616,1.0104736123708704,0.9897412146325075,-3.588886935548561
23,23460,7,8,3211,0.7643072234294475,17.092392786140106,1309.9945778554304,1301.807239870615,0.9937500978071079,0.9999980446013884,0.0,0.027873463042468693,0.027873463042468693,0.027873463042468693,-0.03381374394806741,-0.12976139280555052,phase,0.027873463042468693,phase,nan,nan,nan,nan,nan,nan,nan,nan,nan,nan,40.79794302929926,50.61721196736564,6.484708144401871,40.83283601718782,50.681578207439166,6.490504321791998,40.797943029299255,50.61721196736566,6.48470814440187,40.83283601718784,50.68157820743919,6.490504321792001,-33.59616642256336,-73.62998354463525,-0.629126642921463,40.79794302929926,50.61721196736564,6.484708144401871,40.797943029299255,50.61721196736566,6.48470814440187,nan,-33.59616642256336,nan,-73.62998354463525,False,14.926291796715224,fd881b16d748f6ce,,0.7643072234294475,17.092392786140106,-1.955398611586112e-06,tone,0.027873463042468693,15.455378250484525,-15.925487108665264,1.0104732665920981,0.9897415533174243,-3.5972489744613014
24,24480,6,8,997,-4.517403421058407,-21.503441504400417,1310.5674233546845,1304.3663334292676,0.9952683930525728,1.000033073073691,0.0,-0.02698439158674061,-0.02698439158674061,-0.02698439158674061,-0.030371377089798163,0.04628653898352243,phase,-0.02698439158674061,phase,nan,nan,nan,nan,nan,nan,nan,nan,nan,nan,40.83783145111693,50.96496429767224,6.491334128092514,40.7929421165436,50.85970632473764,6.483877427997276,40.83783145111695,50.964964297672225,6.491334128092517,40.79294211654358,50.85970632473761,6.483877427997273,-33.57408181374407,-74.86178279345837,5.743583369909096,40.83783145111693,50.96496429767224,6.491334128092514,40.83783145111695,50.964964297672225,6.491334128092517,nan,-33.57408181374407,nan,-74.86178279345837,False,18.76066003340988,2a4aac8487ddc640,,-4.517403421058407,-21.503441504400417,3.307307369104784e-05,tone,-0.02698439158674061,13.89067461146318,-23.529699037843894,1.0104791149970396,0.989735825092692,-3.589153656985279
25,25500,4,8,2045,0.2600366973087148,14.615324296914302,1311.1413710339343,1302.3357806832441,0.993284026768413,0.9999453601725646,0.0,-0.01190600689194824,-0.01190600689194824,-0.01190600689194824,-0.04805923665696241,-1.0457314815586034,phase,-0.01190600689194824,phase,nan,nan,nan,nan,nan,nan,nan,nan,nan,nan,40.787991553303826,50.44659704404391,6.48305507529964,40.75989689864536,50.37618042947193,6.4783881891437485,40.78799155330383,50.446597044043855,6.4830550752996405,40.759896898645366,50.37618042947196,6.478388189143749,-33.57151756953055,-74.44856906124207,-0.6001640317887578,40.787991553303826,50.44659704404391,6.48305507529964,40.78799155330383,50.446597044043855,6.4830550752996405,nan,-33.57151756953055,nan,-74.44856906124207,False,19.885059984160193,79b75f6fbe8b252c,,0.2600366973087148,14.615324296914302,-5.463982743536544e-05,tone,-0.01190600689194824,13.980743612105826,-18.361286038909622,1.0104694528262572,0.9897452894338927,-3.5855818549176948
26,26520,7,8,3120,0.915175309686947,-6.734150834550201,1310.1759784664966,1310.3671358672339,1.0001459020802388,1.000017035120069,0.0,-0.024374534163248675,-0.024374534163248675,-0.024374534163248675,-0.02790804461325477,1.0920799406497996,phase,-0.024374534163248675,phase,nan,nan,nan,nan,nan,nan,nan,nan,nan,nan,40.845204926932624,50.67544305049645,6.49255895796223,40.76341326813041,50.651923799058174,6.478972303676148,40.845204926932624,50.675443050496476,6.49255895796223,40.76341326813043,50.65192379905821,6.4789723036761515,-33.58803835146087,-72.72697387716842,4.880414715286571,40.845204926932624,50.67544305049645,6.49255895796223,40.845204926932624,50.675443050496476,6.49255895796223,nan,-33.58803835146087,nan,-72.72697387716842,False,15.304132087758845,74f96bfb8ed3403e,,0.915175309686947,-6.734150834550201,1.703512006900887e-05,tone,-0.024374534163248675,14.297736231224127,-20.742659122726653,1.0104724651832369,0.9897423389089327,-3.5782694946687204
27,27648,0,8,4182,-0.8290338298095169,12.461181748123302,1310.757492138095,1302.2054506030197,0.9934754967365281,0.99998713264094,0.0,0.00292115271408169,0.00292115271408169,0.00292115271408169,-0.007195020743367603,-0.9308022039574619,phase,0.00292115271408169,phase,nan,nan,nan,nan,nan,nan,nan,nan,nan,nan,40.78187721873881,50.63409483142606,6.482039405106116,40.814069170398746,50.55678286177269,6.487386905381852,40.78187721873882,50.634094831426076,6.482039405106117,40.814069170398724,50.556782861772696,6.4873869053818485,-33.573452579993074,-77.39766826752503,1.7741142694718963,40.78187721873881,50.63409483142606,6.482039405106116,40.78187721873882,50.634094831426076,6.482039405106117,nan,-33.573452579993074,nan,-77.39766826752503,False,16.561581180910988,f453ae937fba5eeb,,-0.8290338298095169,12.461181748123302,-1.2867359060031447e-05,tone,0.00292115271408169,14.01058160758902,-16.336043945840245,1.0104701898136317,0.9897445676273694,-3.579145840482945
28,28560,4,8,5245,-0.45591312440001275,-23.89215948929003,1310.320419185303,1301.2822806893705,0.9931023447672807,1.0000169178668026,0.0,-0.010008012554428609,-0.010008012554428609,-0.010008012554428609,-0.022932503466263535,-1.5776602651966618,phase,-0.010008012554428609,phase,nan,nan,nan,nan,nan,nan,nan,nan,nan,nan,40.84478976522639,50.332174722400765,6.492489994223654,40.85800760800804,50.3569402828819,6.494685649170771,40.84478976522639,50.332174722400794,6.492489994223654,40.85800760800802,50.35694028288187,6.494685649170769,-33.54394970172486,-73.0388646218608,6.960188970660154,40.84478976522639,50.332174722400765,6.492489994223654,40.84478976522639,50.332174722400794,6.492489994223654,nan,-33.54394970172486,nan,-73.0388646218608,False,15.880310397620104,2ad39ba00efcf585,,-0.45591312440001275,-23.89215948929003,1.691786680257934e-05,tone,-0.010008012554428609,13.852665426440286,-24.78494692016789,1.0104731814386456,0.9897416374127588,-3.5761434367166163
29,29580,1,7,6315,2.7120105875498757,2.588481524979114,1310.6447876380269,1310.1610684632494,0.9996309303791997,1.0000996505808588,0.0,0.02022908541463053,0.02022908541463053,0.02022908541463053,-0.08220135534208177,-0.049612112582244974,phase,0.02022908541463053,phase,nan,nan,nan,nan,nan,nan,nan,nan,nan,nan,40.82869817685036,50.69330115077567,6.489816972898732,40.85338495731342,50.82128073676561,6.493917766995586,40.82869817685036,50.69330115077568,6.489816972898732,40.85338495731342,50.82128073676564,6.493917766995586,-33.5099256971032,-74.3470927710291,-1.4589102248253205,40.82869817685036,50.69330115077567,6.489816972898732,40.82869817685036,50.69330115077568,6.489816972898732,nan,-33.5099256971032,nan,-74.3470927710291,False,16.75244709282468,f36974b179c5ca84,,2.7120105875498757,2.588481524979114,9.965058085881218e-05,tone,0.02022908541463053,14.792030986138805,-23.869588305862298,1.0104908029305533,0.9897243791749653,-3.5822121623410053
30,30600,5,7,7354,2.4963356895044457,2.6927080866275293,1312.733199554445,1311.1556246271368,0.9987982516722791,1.0000154838956512,0.0,0.04969494414285173,0.04969494414285173,0.04969494414285173,-0.0504648127693704,-2.2915086960385325,phase,0.04969494414285173,phase,nan,nan,nan,nan,nan,nan,nan,nan,nan,nan,40.779178686191386,50.19336130703475,6.4815911438856135,40.70696157118136,50.126150229018826,6.469594945378964,40.77917868619137,50.19336130703476,6.481591143885611,40.70696157118136,50.12615022901884,6.469594945378964,-33.55972322908276,-76.70408047604906,-1.6253844472228725,40.779178686191386,50.19336130703475,6.4815911438856135,40.77917868619137,50.19336130703476,6.481591143885611,nan,-33.55972322908276,nan,-76.70408047604906,False,18.142739395584034,038d9ffc73cc2603,,2.4963356895044457,2.6927080866275293,1.5483895651202673e-05,tone,0.04969494414285173,15.65667763981706,-22.9173556942889,1.0104935410390294,0.989721697378413,-3.597120645583861
31,31620,7,7,66,0.5711210775426965,17.86352947217154,1310.0750346933685,1301.2449911119797,0.9932598947788853,0.9998721200380122,0.0,0.005083964388710289,0.005083964388710289,0.005083964388710289,-0.10654576916908491,-1.6480875659772811,phase,0.005083964388710289,phase,nan,nan,nan,nan,nan,nan,nan,nan,nan,nan,40.86489647110834,50.72190809853553,6.495829978589426,40.84634962607342,50.73886952940243,6.492749107321167,40.86489647110834,50.721908098535536,6.495829978589426,40.84634962607343,50.73886952940245,6.492749107321169,-33.592119347214776,-78.33633299718123,-1.9479439094228237,40.86489647110834,50.72190809853553,6.495829978589426,40.86489647110834,50.721908098535536,6.495829978589426,nan,-33.592119347214776,nan,-78.33633299718123,False,14.58476241266244,898270f0ca475467,,0.5711210775426965,17.86352947217154,-0.00012787996198782015,tone,0.005083964388710289,15.854494220548894,-16.600190644941154,1.0104709272107963,0.9897438491864672,-3.598645834900474
32,32640,1,7,1110,-6.592857340569063,-22.91528421427641,1310.1265403986731,1304.2014048245558,0.9954774326056212,1.0000327867977263,0.0,0.02714889408672305,0.02714889408672305,0.02714889408672305,-0.04089326890785116,-1.4099848298374178,phase,0.02714889408672305,phase,nan,nan,nan,nan,nan,nan,nan,nan,nan,nan,40.823802790427976,50.6277569848848,6.489003785785379,40.88059182174626,50.7526921408588,6.49843717969207,40.823802790427976,50.6277569848848,6.489003785785379,40.88059182174626,50.75269214085877,6.49843717969207,-33.5398934474522,-75.436515620139,4.7593846589742075,40.823802790427976,50.6277569848848,6.489003785785379,40.823802790427976,50.6277569848848,6.489003785785379,nan,-33.5398934474522,nan,-75.436515620139,False,19.1001832466539,4d269e9c32b333da,,-6.592857340569063,-22.91528421427641,3.27867977263363e-05,tone,0.02714889408672305,13.57090544321656,-24.703650425559317,1.0104767249793287,0.98973817052966,-3.606790503126491
33,33660,6,8,2159,1.4898366248137194,10.184704789278001,1310.7802834776812,1301.7263119643478,0.9930926856106563,0.9999939693004548,0.0,0.0029827609661543172,0.0029827609661543172,0.0029827609661543172,-0.006954676683817992,-0.6700416281375692,phase,0.0029827609661543172,phase,nan,nan,nan,nan,nan,nan,nan,nan,nan,nan,40.75645082367835,50.75119703475633,6.477815751441587,40.855660703233866,50.585012876660834,6.4942957978793805,40.75645082367835,50.75119703475632,6.477815751441587,40.85566070323387,50.585012876660855,6.494295797879381,-33.53000072612015,-74.47454041220541,-1.49086101829392,40.75645082367835,50.75119703475633,6.477815751441587,40.75645082367835,50.75119703475632,6.477815751441587,nan,-33.53000072612015,nan,-74.47454041220541,False,21.165507028568012,284dd3b1f2afddb7,,1.4898366248137194,10.184704789278001,-6.030699545189755e-06,tone,0.0029827609661543172,14.086941889969422,-21.10204468538697,1.0104756585500616,0.9897392150783278,-3.607685331416337
34,34680,6,8,3235,1.1677506578829404,0.7400708847686778,1310.9417842421856,1311.4395828799563,1.000379725967815,1.0000358543370116,0.0,0.0088116870509633,0.0088116870509633,0.0088116870509633,-0.029838162244793538,1.0273538803615359,phase,0.0088116870509633,phase,nan,nan,nan,nan,nan,nan,nan,nan,nan,nan,40.77361030697421,50.459462552215,6.480666163949206,40.87494070359458,50.74030558881442,6.49749845574661,40.77361030697421,50.45946255221501,6.480666163949206,40.874940703594575,50.74030558881443,6.497498455746608,-33.55737758653463,-76.47916038816349,1.932876726541883,40.77361030697421,50.459462552215,6.480666163949206,40.77361030697421,50.45946255221501,6.480666163949206,nan,-33.55737758653463,nan,-76.47916038816349,False,14.94479973497819,1c93768d359aac5b,,1.1677506578829404,0.7400708847686778,3.5854337011587134e-05,tone,0.0088116870509633,14.491417472137817,-20.840334524040543,1.0104819987886522,0.98973300517339,-3.6103288375316263
35,35700,1,8,4265,-3.400809881983278,7.710595833243062,1310.3205220842667,1304.5686530518597,0.9956103343147997,0.9999975306035125,0.0,-0.020629563420627516,-0.020629563420627516,-0.020629563420627516,-0.020154908267096972,-2.5031105419317012,phase,-0.020629563420627516,phase,nan,nan,nan,nan,nan,nan,nan,nan,nan,nan,40.797484608743,50.44846046693323,6.484631994807808,40.86352962869307,50.726505017118804,6.495602928354332,40.797484608743,50.44846046693323,6.484631994807808,40.863529628693065,50.7265050171188,6.49560292835433,-33.522751715328624,-75.02362252384403,1.5272656362485364,40.797484608743,50.44846046693323,6.484631994807808,40.797484608743,50.44846046693323,6.484631994807808,nan,-33.522751715328624,nan,-75.02362252384403,False,17.234670193793637,396a0ed5eb46f376,,-3.400809881983278,7.710595833243062,-2.4693964875144303e-06,tone,-0.020629563420627516,13.313481140643503,-18.113630930719143,1.0104815621145298,0.9897334328820074,-3.604139968505438
36,36720,3,8,5340,-0.731192860450619,-17.782618687383092,1310.0378805998434,1297.9032239662363,0.9907371711816066,0.9999711199570245,0.0,0.002934963874219562,0.002934963874219562,0.002934963874219562,-0.02331516115747644,1.4884615209552157,phase,0.002934963874219562,phase,nan,nan,nan,nan,nan,nan,nan,nan,nan,nan,40.8775922083645,50.63410549626142,6.497938905043937,40.85865841159085,50.46579715648154,6.494793756078216,40.877592208364476,50.6341054962614,6.497938905043934,40.858658411590845,50.46579715648158,6.494793756078214,-33.55943473277815,-77.77880809079271,5.8894820613178736,40.8775922083645,50.63410549626142,6.497938905043937,40.877592208364476,50.6341054962614,6.497938905043934,nan,-33.55943473277815,nan,-77.77880809079271,False,15.872832709177015,e33eea73a30985fa,,-0.731192860450619,-17.782618687383092,-2.8880042975520936e-05,tone,0.002934963874219562,13.0602182304107,-24.402108548839653,1.0104764551331153,0.9897384351466862,-3.605020457667704
37,37888,0,8,6396,2.6000513867989263,0.3810977555914481,1310.0463051354618,1308.5684938822653,0.9988719396807553,1.0000494399748059,0.0,0.020716687026617917,0.020716687026617917,0.020716687026617917,-0.04524331009581108,1.0470926123912634,phase,0.020716687026617917,phase,nan,nan,nan,nan,nan,nan,nan,nan,nan,nan,40.950723864218695,50.47224215701185,6.5100870206343355,40.86067755821256,50.590687920086864,6.4951291624937815,40.950723864218695,50.47224215701182,6.5100870206343355,40.86067755821257,50.590687920086864,6.495129162493783,-33.54490239553642,-76.24795497647985,-0.4398661598048097,40.950723864218695,50.47224215701185,6.5100870206343355,40.950723864218695,50.47224215701182,6.5100870206343355,nan,-33.54490239553642,nan,-76.24795497647985,False,16.75496992697068,ebf52369a9b28f5a,,2.6000513867989263,0.3810977555914481,4.943997480588713e-05,tone,0.020716687026617917,13.960801297692305,-24.267341412674796,1.0104851977709501,0.9897298723574531,-3.611235463775689
38,38760,1,7,6175,3.5673209471035348,4.2036643354453105,1310.2522291756063,1311.248111700697,1.0007600693232306,0.9999983852023384,0.0,-0.02503255518237522,-0.02503255518237522,-0.02503255518237522,-0.024309879673499322,-0.6978185368423395,phase,-0.02503255518237522,phase,nan,nan,nan,nan,nan,nan,nan,nan,nan,nan,40.80777179372694,50.40294426460724,6.4863408295227485,40.77043035338523,50.45655046870914,6.480137932456019,40.80777179372693,50.402944264607214,6.486340829522747,40.77043035338525,50.45655046870913,6.480137932456023,-33.53946960076242,-73.93063436347464,-1.4005098204782191,40.80777179372694,50.40294426460724,6.4863408295227485,40.80777179372693,50.402944264607214,6.486340829522747,nan,-33.53946960076242,nan,-73.93063436347464,False,16.94764530125318,2eb886e147b815af,,3.5673209471035348,4.2036643354453105,-1.6147976615865645e-06,tone,-0.02503255518237522,15.196408048034087,-22.78079184142523,1.0104849122183517,0.9897301520452644,-3.603725697220977
39,39780,2,8,232,-0.5663628219153906,14.90533851625114,1310.7845590126663,1302.5700627582512,0.9937331453914878,0.9999715232213353,0.0,0.050662721895925494,0.050662721895925494,0.050662721895925494,-0.061328497650358554,-0.1272469850210046,phase,0.050662721895925494,phase,nan,nan,nan,nan,nan,nan,nan,nan,nan,nan,40.73078771815442,50.51356170684612,6.473552777102063,40.85615205384016,50.431443839819885,6.494377417581423,40.73078771815442,50.51356170684613,6.473552777102063,40.85615205384015,50.431443839819835,6.494377417581421,-33.542425951273785,-76.50387720637575,-1.3335612277644469,40.73078771815442,50.51356170684612,6.473552777102063,40.73078771815442,50.51356170684613,6.473552777102063,nan,-33.542425951273785,nan,-76.50387720637575,False,17.286806594067567,46791732fafd1bb6,,-0.5663628219153906,14.90533851625114,-2.8476778664687785e-05,tone,0.050662721895925494,15.000237887279077,-17.50979098335568,1.0104798765311935,0.9897350844428567,-3.6189245137897545
40,40960,0,8,1308,-3.9790806005992936,-13.497793683891148,1308.9141449744511,1300.4281305315,0.99351675243519,1.000013193610133,0.0,-0.04236356790605509,-0.04236356790605509,-0.04236356790605509,-0.031300518188025185,0.3799725442619708,phase,-0.04236356790605509,phase,nan,nan,nan,nan,nan,nan,nan,nan,nan,nan,40.88115916089471,50.49190421217822,6.498531422075534,40.88653018412205,50.43068908631756,6.499423618624927,40.88115916089471,50.49190421217823,6.498531422075534,40.88653018412205,50.43068908631757,6.499423618624927,-33.54776066110989,-74.84412669979565,4.603500217377386,40.88115916089471,50.49190421217822,6.498531422075534,40.88115916089471,50.49190421217823,6.498531422075534,nan,-33.54776066110989,nan,-74.84412669979565,False,18.12020712572349,de2775844ea05888,,-3.9790806005992936,-13.497793683891148,1.3193610133077627e-05,tone,-0.04236356790605509,13.622003404282166,-22.283015519516553,1.0104822096097628,0.9897327992917092,-3.606215443417938
41,41984,0,8,2369,1.9153846729474537,9.818759835117874,1311.2380135750677,1302.3334972063117,0.9932090770122824,0.9999300446889333,0.0,-0.08223882408168945,-0.08223882408168945,-0.08223882408168945,-0.10457818964245633,-0.21661688756399947,phase,-0.08223882408168945,phase,nan,nan,nan,nan,nan,nan,nan,nan,nan,nan,40.79710824064076,50.384856831790465,6.484569475189496,40.77494610289068,50.4340588022929,6.480888056958586,40.79710824064077,50.38485683179047,6.484569475189497,40.774946102890695,50.434058802292924,6.480888056958588,-33.60525844424943,-72.36215606497788,1.0422060716636565,40.79710824064076,50.384856831790465,6.484569475189496,40.79710824064077,50.38485683179047,6.484569475189497,nan,-33.60525844424943,nan,-72.36215606497788,False,19.80455704737505,4fcd905d1f1d5783,,1.9153846729474537,9.818759835117874,-6.995531106668285e-05,tone,-0.08223882408168945,14.28543382310221,-18.81079963988662,1.0104698391052351,0.9897449166259045,-3.581543796193431
42,42840,7,8,3416,1.8683768030186303,-2.042796522637036,1309.9523405194955,1311.3489364921363,1.0010661425835439,1.0000548042289974,0.0,0.03750087793882227,0.03750087793882227,0.03750087793882227,-0.057313792271664374,-0.2845563553192184,phase,0.03750087793882227,phase,nan,nan,nan,nan,nan,nan,nan,nan,nan,nan,40.81390790747562,50.54741629953548,6.4873601175208675,40.792991151349234,50.36649430857651,6.483885573313827,40.81390790747561,50.547416299535456,6.487360117520867,40.79299115134924,50.3664943085765,6.483885573313828,-33.54439768212613,-75.74289462767285,3.8475676263926073,40.81390790747562,50.54741629953548,6.4873601175208675,40.81390790747561,50.547416299535456,6.487360117520867,nan,-33.54439768212613,nan,-75.74289462767285,False,16.291164766457317,028287d78014642b,,1.8683768030186303,-2.042796522637036,5.480422899739601e-05,tone,0.03750087793882227,14.932590082249511,-19.533186560913066,1.0104795302588152,0.9897354247598634,-3.592794059575078
43,44032,0,8,4464,0.24580338072322166,5.7420728908750185,1311.5944520200412,1305.3036394134253,0.9952036907468409,1.0000336527383136,0.0,0.009104482099424079,0.009104482099424079,0.009104482099424079,-0.03137849742999398,-0.39036236864127444,phase,0.009104482099424079,phase,nan,nan,nan,nan,nan,nan,nan,nan,nan,nan,40.75871821591696,50.93948294460446,6.478192394670591,40.851758757926866,50.966838972891786,6.493647634207122,40.75871821591696,50.93948294460449,6.478192394670591,40.851758757926866,50.966838972891765,6.493647634207122,-33.5442761169773,-76.61337682500276,2.3172746450902935,40.75871821591696,50.93948294460446,6.478192394670591,40.75871821591696,50.93948294460449,6.478192394670591,nan,-33.5442761169773,nan,-76.61337682500276,False,18.5037217326144,fcee29f299b8ed28,,0.24580338072322166,5.7420728908750185,3.365273831357207e-05,tone,0.009104482099424079,15.017729049123083,-17.502618126632896,1.0104854812043755,0.9897295961772427,-3.595525404204905
44,44880,4,8,4975,-0.49215028128037375,-19.123054724502406,1309.796997301983,1297.9138839038078,0.9909275151625382,0.9999377136515093,0.0,-0.03505091181670548,-0.03505091181670548,-0.03505091181670548,-0.05787412518963978,0.9942965510664119,phase,-0.03505091181670548,phase,nan,nan,nan,nan,nan,nan,nan,nan,nan,nan,40.800249695313866,50.46407104095213,6.485091311513932,40.8417916896351,50.38992476553163,6.491991975022443,40.80024969531387,50.464071040952156,6.4850913115139335,40.8417916896351,50.389924765531624,6.491991975022443,-33.585553248020354,-74.27085669780546,4.562491656133426,40.800249695313866,50.46407104095213,6.485091311513932,40.80024969531387,50.464071040952156,6.4850913115139335,nan,-33.585553248020354,nan,-74.27085669780546,False,16.77606312464721,849954eb564f8eeb,,-0.49215028128037375,-19.123054724502406,-6.228634849070325e-05,tone,-0.03505091181670548,14.847263860209308,-24.265141122234247,1.0104744668004808,0.989740385011684,-3.585010130659893
45,45900,2,8,6579,-2.539333206198565,-2.507940208837196,1311.5388626540248,1308.7695178447736,0.9978884767442978,1.0000507808324532,0.0,0.030746930662222654,0.030746930662222654,0.030746930662222654,-0.052541313138630336,-1.4070417098257857,phase,0.030746930662222654,phase,nan,nan,nan,nan,nan,nan,nan,nan,nan,nan,40.86828859775337,50.9311578291655,6.4963934547763085,40.7735022310565,50.65628522201439,6.480648211138954,40.86828859775334,50.931157829165485,6.496393454776303,40.77350223105648,50.65628522201437,6.480648211138951,-33.55938546537047,-73.49209881851112,-1.9287695383421468,40.86828859775337,50.9311578291655,6.4963934547763085,40.86828859775334,50.931157829165485,6.496393454776303,nan,-33.55938546537047,nan,-73.49209881851112,False,15.882822862867728,1189a4ad31e61f47,,-2.539333206198565,-2.507940208837196,5.0780832453245495e-05,tone,0.030746930662222654,13.967710094755297,-25.152019223184585,1.0104834465290353,0.9897315899861867,-3.59423420985856
46,46920,5,7,7613,-0.10787978565100137,2.6970425774795417,1310.2199788733576,1309.8769053327242,0.9997381557706604,0.9999630879698239,0.0,-0.004775011676982226,-0.004775011676982226,-0.004775011676982226,-0.029982834961770233,-0.13986252794311146,phase,-0.004775011676982226,phase,nan,nan,nan,nan,nan,nan,nan,nan,nan,nan,40.804499385024954,50.63424691080218,6.4857972400373685,40.80492440076626,50.72202745668396,6.485867840658848,40.80449938502494,50.63424691080218,6.485797240037366,40.80492440076627,50.722027456683946,6.485867840658849,-33.56628831499711,-80.11901035998005,-2.339857457387316,40.804499385024954,50.63424691080218,6.4857972400373685,40.80449938502494,50.63424691080218,6.485797240037366,nan,-33.56628831499711,nan,-80.11901035998005,False,17.23123528327074,407f26070ef5c9d9,,-0.10787978565100137,2.6970425774795417,-3.691203017608391e-05,tone,-0.004775011676982226,13.930343896320728,-24.19826073788554,1.010476919204828,0.9897379834975896,-3.5928017063554654
47,47940,3,8,365,-1.672546420045061,-5.101004743285253,1309.2663792435728,1306.7807900712,0.9981015405178213,1.0000378937381287,0.0,0.02679936656493103,0.02679936656493103,0.02679936656493103,-0.04141419923332725,-0.9715792704958823,phase,0.02679936656493103,phase,nan,nan,nan,nan,nan,nan,nan,nan,nan,nan,40.89243116774742,50.9603538385005,6.500403848463027,40.889270321957085,50.770243261206176,6.499878791022772,40.892431167747404,50.960353838500446,6.500403848463025,40.889270321957085,50.770243261206176,6.499878791022772,-33.54761862600728,-75.98180315753284,-1.0734557258292607,40.89243116774742,50.9603538385005,6.500403848463027,40.892431167747404,50.960353838500446,6.500403848463025,nan,-33.54761862600728,nan,-75.98180315753284,False,16.62397737183407,086b9b6f2b30f025,,-1.672546420045061,-5.101004743285253,3.7893738128680354e-05,tone,0.02679936656493103,13.351022156368042,-26.00212366920466,1.0104836200856862,0.9897314203936967,-3.6008415163249445
48,48960,4,8,1402,1.6417773127164612,16.508568488699666,1310.600528741416,1303.8433367558941,0.9948442016943098,0.9999338077050733,0.0,-0.02858399758717593,-0.02858399758717593,-0.02858399758717593,-0.05856416088814113,0.27523312680556045,phase,-0.02858399758717593,phase,nan,nan,nan,nan,nan,nan,nan,nan,nan,nan,40.80163023725322,50.07194123818384,6.485320637417479,40.82805295885183,50.25602004198259,6.489709793829208,40.80163023725322,50.07194123818384,6.485320637417479,40.828052958851806,50.25602004198255,6.4897097938292045,-33.529313818740604,-71.77170864087908,-2.548239639370678,40.80163023725322,50.07194123818384,6.485320637417479,40.80163023725322,50.07194123818384,6.485320637417479,nan,-33.529313818740604,nan,-71.77170864087908,False,18.827922037921244,86bf6abc2b0bda86,,1.6417773127164612,16.508568488699666,-6.619229492665912e-05,tone,-0.02858399758717593,13.919682595813894,-20.164177280934496,1.0104719149954713,0.9897428858565854,-3.5922663170487916
49,49980,6,8,2468,0.5409548454228599,-5.827834087569073,1311.3026505704704,1308.2618164491025,0.9976810585107526,1.0000847289992238,0.0,0.013405705624936983,0.013405705624936983,0.013405705624936983,-0.06846654554077398,-0.5596866729109871,phase,0.013405705624936983,phase,nan,nan,nan,nan,nan,nan,nan,nan,nan,nan,40.77473197249107,50.34320307638487,6.480852487124763,40.75514068190376,50.290263365068384,6.477598119917569,40.77473197249109,50.34320307638494,6.480852487124767,40.75514068190378,50.290263365068384,6.477598119917572,-33.55333917234168,-75.50355970654562,2.8743050395521283,40.77473197249107,50.34320307638487,6.480852487124763,40.77473197249109,50.34320307638494,6.480852487124767,nan,-33.55333917234168,nan,-75.50355970654562,False,18.734617450145446,99d3eeed6852c0c6,,0.5409548454228599,-5.827834087569073,8.472899922384869e-05,tone,0.013405705624936983,14.107054647513964,-22.225057899322426,1.010486897843439,0.989728211613183,-3.596288028736273
50,51000,7,8,650,1.4380429037806002,15.380396134727592,1310.3042197558143,1302.1321384125135,0.9937632183274021,0.9999532744126229,0.0,0.03023840457698212,0.03023840457698212,0.03023840457698212,-0.041460208177523154,-1.4301746586069362,phase,0.03023840457698212,phase,nan,nan,nan,nan,nan,nan,nan,nan,nan,nan,40.78080931356066,50.567822097328204,6.48186201221938,40.79985806961049,50.64033337412505,6.4850262574103805,40.78080931356068,50.56782209732823,6.481862012219383,40.79985806961047,50.640333374125035,6.485026257410378,-33.50965681476087,-72.8627372553294,0.4131394759395308,40.78080931356066,50.567822097328204,6.48186201221938,40.78080931356068,50.56782209732823,6.481862012219383,nan,-33.50965681476087,nan,-72.8627372553294,False,15.871314993697208,b779b7fa3b6a9433,,1.4380429037806002,15.380396134727592,-4.672558737706112e-05,tone,0.03023840457698212,14.60514622831266,-16.786050923477468,1.0104786351145172,0.9897363049769557,-3.6053595501093674
51,52020,6,8,4554,-2.87355904405419,-14.632683770475268,1311.3402142457414,1305.7169748974848,0.9957118379447464,0.9999603304165537,0.0,-0.01686858818929363,-0.01686858818929363,-0.01686858818929363,-0.03330349230011072,-0.18545746974505908,phase,-0.01686858818929363,phase,nan,nan,nan,nan,nan,nan,nan,nan,nan,nan,40.79279851265301,50.75057533207505,6.483853573530401,40.767430363806376,50.5541736763398,6.479639595316675,40.792798512652986,50.75057533207505,6.483853573530397,40.767430363806376,50.55417367633982,6.479639595316675,-33.59142031809641,-74.65929957938118,5.658851207548617,40.79279851265301,50.75057533207505,6.483853573530401,40.792798512652986,50.75057533207505,6.483853573530397,nan,-33.59142031809641,nan,-74.65929957938118,False,17.51870453731331,6c4fc98964614543,,-2.87355904405419,-14.632683770475268,-3.966958344625571e-05,tone,-0.01686858818929363,13.60983011724517,-21.960600239202112,1.0104716201928734,0.9897431761742478,-3.6002989736525794
52,53040,3,8,5059,4.217293279051091,7.3641913938801435,1310.7927532819813,1309.191779791506,0.9987786219549454,1.000027817469291,0.0,-0.021947485934982195,-0.021947485934982195,-0.021947485934982195,-0.03044185588634651,1.6238519408110583,phase,-0.021947485934982195,phase,nan,nan,nan,nan,nan,nan,nan,nan,nan,nan,40.75054243606343,50.513807602029104,6.476834291704889,40.82292453633346,50.52709646573281,6.488857896400908,40.75054243606342,50.513807602029075,6.476834291704888,40.82292453633347,50.52709646573281,6.4888578964009085,-33.52141154918176,-71.199688975598,1.4738471434945843,40.75054243606343,50.513807602029104,6.476834291704889,40.75054243606342,50.513807602029075,6.476834291704888,nan,-33.52141154918176,nan,-71.199688975598,False,16.7599351437928,508497fa6aaed8a6,,4.217293279051091,7.3641913938801435,2.781746929092499e-05,tone,-0.021947485934982195,15.070586281170034,-19.3564226607105,1.0104765392264445,0.9897383581819506,-3.5937147278720847
53,54060,4,8,6653,-1.25151029793639,-7.3796340227101,1310.0406784670856,1309.5830089151464,0.9996506447780883,0.9999860713954039,0.0,-0.027133945192455756,-0.027133945192455756,-0.027133945192455756,-0.028902204868832635,-1.4256304547270835,phase,-0.027133945192455756,phase,nan,nan,nan,nan,nan,nan,nan,nan,nan,nan,40.85592896578146,50.49032800578349,6.4943403597643625,40.76929379897794,50.47424435069439,6.4799491360428485,40.85592896578145,50.490328005783496,6.494340359764362,40.76929379897793,50.474244350694406,6.479949136042846,-33.57164560440165,-75.45280294063025,2.5424209507155933,40.85592896578146,50.49032800578349,6.4943403597643625,40.85592896578145,50.490328005783496,6.494340359764362,nan,-33.57164560440165,nan,-75.45280294063025,False,15.881446854142059,aa60c82594df868a,,-1.25151029793639,-7.3796340227101,-1.392860459614731e-05,tone,-0.027133945192455756,14.637099122118263,-21.9660738746869,1.010474076184015,0.9897407707085465,-3.585574544314348
54,55296,0,7,839,-1.5582330424063193,13.072137686482833,1311.160738784718,1301.5013156106509,0.9926329221976092,0.9999832505471733,0.0,-0.0326127877899349,-0.0326127877899349,-0.0326127877899349,-0.04422697800615506,-1.651220993350919,phase,-0.0326127877899349,phase,nan,nan,nan,nan,nan,nan,nan,nan,nan,nan,40.755567689323414,50.258941388817476,6.477669051382628,40.85605260840925,50.46624636675059,6.494360898406853,40.755567689323414,50.25894138881746,6.477669051382628,40.85605260840927,50.466246366750596,6.494360898406857,-33.53318280167844,-74.08904918838823,0.100571044638043,40.755567689323414,50.258941388817476,6.477669051382628,40.755567689323414,50.25894138881746,6.477669051382628,nan,-33.53318280167844,nan,-74.08904918838823,False,15.743319003568436,1daccc1c82089b9b,,-1.5582330424063193,13.072137686482833,-1.674945282670315e-05,tone,-0.0326127877899349,14.09737071374404,-17.343400619554032,1.0104711143286373,0.98974367184,-3.5757907079773674
55,56100,4,8,482,-4.537789538217188,-12.332570534589575,1311.0002139311414,1306.1641695046087,0.9963111795290778,1.000022301415893,0.0,0.056368880893707965,0.056368880893707965,0.056368880893707965,-0.060002638628990565,-0.4958113945349943,phase,0.056368880893707965,phase,nan,nan,nan,nan,nan,nan,nan,nan,nan,nan,40.80556052006077,50.62123417802343,6.485973508315744,40.75928978621725,50.594745688073715,6.478287339903199,40.805560520060766,50.621234178023435,6.485973508315743,40.75928978621724,50.594745688073715,6.478287339903196,-33.56685145425032,-75.36121555328972,5.312368825601645,40.80556052006077,50.62123417802343,6.485973508315744,40.805560520060766,50.621234178023435,6.485973508315743,nan,-33.56685145425032,nan,-75.36121555328972,False,17.90596419302871,0e09d7c57aff4d17,,-4.537789538217188,-12.332570534589575,2.2301415893100085e-05,tone,0.056368880893707965,12.525602539617417,-21.704529475353507,1.010475057942537,0.9897398092062228,-3.5927013722454797
56,57120,2,8,1565,6.15104695190295,15.116930106932386,1312.9140737856358,1304.2306424591748,0.9933861388952718,0.9999372822851126,0.0,-0.03434422516825923,-0.03434422516825923,-0.03434422516825923,-0.05080824409792269,-0.16997793201582842,phase,-0.03434422516825923,phase,nan,nan,nan,nan,nan,nan,nan,nan,nan,nan,40.83672591084973,50.49036518318964,6.491150483529856,40.731158867179985,50.77347155908228,6.473614429764118,40.83672591084973,50.490365183189574,6.491150483529856,40.731158867179964,50.77347155908227,6.4736144297641145,-33.6201205306508,-72.19570856343094,2.636884593536273,40.83672591084973,50.49036518318964,6.491150483529856,40.83672591084973,50.490365183189574,6.491150483529856,nan,-33.6201205306508,nan,-72.19570856343094,False,19.979589818074885,8c78b2d963e35e4d,,6.15104695190295,15.116930106932386,-6.271771488741695e-05,tone,-0.03434422516825923,14.656151350539636,-16.35875527468789,1.0104639673723845,0.9897506728759214,-3.582398104695002
57,58140,1,8,2594,2.7227118008742157,-9.756474810828058,1310.232005933491,1307.8366155143854,0.9981717814797242,1.0000057348867488,0.0,0.04651796343184139,0.04651796343184139,0.04651796343184139,-0.04663170004933754,1.4233421526390964,phase,0.04651796343184139,phase,nan,nan,nan,nan,nan,nan,nan,nan,nan,nan,40.73009313500719,50.441216273583514,6.473437397841726,40.726400480384406,50.49450617040756,6.472824000063856,40.73009313500718,50.441216273583535,6.4734373978417254,40.7264004803844,50.49450617040755,6.472824000063855,-33.603329954252374,-75.73946824121232,5.969940985254496,40.73009313500719,50.441216273583514,6.473437397841726,40.73009313500718,50.441216273583535,6.4734373978417254,nan,-33.603329954252374,nan,-75.73946824121232,False,17.31792547514145,e6a2bb6b37668a87,,2.7227118008742157,-9.756474810828058,5.7348867488205e-06,tone,0.04651796343184139,15.599232114501985,-19.80888294559669,1.0104649814792577,0.9897496795627148,-3.5963534937245543
58,59160,3,8,807,-4.811891673353875,11.17752554423975,1311.5418347104987,1302.1638859846405,0.9928496762530429,1.0000405014548428,0.0,0.01781041399547188,0.01781041399547188,0.01781041399547188,-0.029048027198206934,-0.20588384927441222,phase,0.01781041399547188,phase,nan,nan,nan,nan,nan,nan,nan,nan,nan,nan,40.83591300675583,50.49614725218454,6.491015449627215,40.830449260012,50.43780383311454,6.490107850500333,40.83591300675583,50.49614725218454,6.491015449627215,40.830449260012,50.43780383311457,6.490107850500333,-33.57182957650759,-75.41665015425995,1.2830964057659884,40.83591300675583,50.49614725218454,6.491015449627215,40.83591300675583,50.49614725218454,6.491015449627215,nan,-33.57182957650759,nan,-75.41665015425995,False,16.75940358219611,4b796ca53544444c,,-4.811891673353875,11.17752554423975,4.0501454842800655e-05,tone,0.01781041399547188,13.93251222163806,-15.856233077387238,1.0104721434070758,0.9897426647439834,-3.6016966179231957
59,60180,7,8,4711,-3.0798554347229015,-18.324166040904828,1310.7522931672568,1305.6846844498652,0.996133816630489,1.0000182593484348,0.0,-0.034322602802199786,-0.034322602802199786,-0.034322602802199786,-0.03850382664406963,-1.2560375098689638,phase,-0.034322602802199786,phase,nan,nan,nan,nan,nan,nan,nan,nan,nan,nan,40.85658654808023,50.551935126536236,6.494449592704358,40.86196252344723,50.420031806742365,6.4953426118683115,40.85658654808021,50.55193512653621,6.494449592704354,40.86196252344724,50.42003180674239,6.495342611868313,-33.567915929074076,-77.43257588481121,7.125257533627979,40.85658654808023,50.551935126536236,6.494449592704358,40.85658654808021,50.55193512653621,6.494449592704354,nan,-33.567915929074076,nan,-77.43257588481121,False,17.803491176486858,af1300c54ba3e2aa,,-3.0798554347229015,-18.324166040904828,1.825934843480148e-05,tone,-0.034322602802199786,12.865734271165895,-22.33615795359297,1.010475372255592,0.9897395021918987,-3.5913998370825357
