stage,capture_phase,iteration,capture_group_index,capture_index,global_capture_index,accepted,rejection_reason,physical_adc_rate_hz,configured_dac_rate_hz,reference_rate_compensation,channel,canonical_phase,offset_correction_active_codes,gain_correction_active,delay_register_active,active_polarity,measured_gain,gain_error,correlation,rmse_codes,dither_gain,dither_valid,dither_reason,sndr_db,enob_bits
gain,calibration,1,1,1,321,1,none,1300000000.000000,2600000000.000000,1.000000,0,0,4.637991,1.000000,nan,1.000000,0.974009,-0.025991,0.999133,17.264641,1.040190,1,NONE,40.073807,6.364420,
gain,calibration,1,1,2,322,1,none,1300000000.000000,2600000000.000000,1.000000,0,0,4.637991,1.000000,nan,1.000000,1.000470,0.000470,0.999766,10.379641,1.125996,1,NONE,40.046104,6.359818,
gain,calibration,1,1,3,323,1,none,1300000000.000000,2600000000.000000,1.000000,0,0,4.637991,1.000000,nan,1.000000,0.995354,-0.004646,0.999758,11.318149,1.069821,1,FIT_QUALITY,39.982788,6.349301,
gain,calibration,1,1,4,324,1,none,1300000000.000000,2600000000.000000,1.000000,0,0,4.637991,1.000000,nan,1.000000,0.965962,-0.034038,0.999036,17.244579,1.226252,1,FIT_QUALITY,40.349216,6.410169,
gain,calibration,1,1,5,325,1,none,1300000000.000000,2600000000.000000,1.000000,0,0,4.637991,1.000000,nan,1.000000,1.014878,0.014878,0.999915,9.980433,1.061340,1,NONE,40.060219,6.362163,
gain,calibration,1,1,6,326,1,none,1300000000.000000,2600000000.000000,1.000000,0,0,4.637991,1.000000,nan,1.000000,0.959483,-0.040517,0.998593,20.746222,1.349901,1,FIT_QUALITY,40.326874,6.406458,
gain,calibration,1,1,7,327,1,none,1300000000.000000,2600000000.000000,1.000000,0,0,4.637991,1.000000,nan,1.000000,1.017226,0.017226,0.999902,7.598173,1.061898,1,NONE,40.521870,6.438849,
gain,calibration,1,1,8,328,1,none,1300000000.000000,2600000000.000000,1.000000,0,0,4.637991,1.000000,nan,1.000000,0.982383,-0.017617,0.999512,12.683114,1.015997,1,FIT_QUALITY,40.008575,6.353584,
gain,calibration,1,1,9,329,1,none,1300000000.000000,2600000000.000000,1.000000,0,0,4.637991,1.000000,nan,1.000000,0.988448,-0.011552,0.999538,13.004992,0.966521,1,FIT_QUALITY,40.508072,6.436557,
gain,calibration,1,1,10,330,1,none,1300000000.000000,2600000000.000000,1.000000,0,0,4.637991,1.000000,nan,1.000000,0.955927,-0.044073,0.998501,21.314117,1.116083,1,NONE,39.474781,6.264914,
gain,calibration,1,1,11,331,1,none,1300000000.000000,2600000000.000000,1.000000,0,0,4.637991,1.000000,nan,1.000000,1.007793,0.007793,0.999799,9.260097,1.016688,1,NONE,40.778732,6.481517,
gain,calibration,1,1,12,332,1,none,1300000000.000000,2600000000.000000,1.000000,0,0,4.637991,1.000000,nan,1.000000,1.004062,0.004062,0.999808,9.314484,1.014981,1,NONE,39.440147,6.259161,
gain,calibration,1,1,13,333,1,none,1300000000.000000,2600000000.000000,1.000000,0,0,4.637991,1.000000,nan,1.000000,0.950796,-0.049204,0.998434,21.607317,1.029127,1,FIT_QUALITY,40.223892,6.389351,
gain,calibration,1,1,14,334,1,none,1300000000.000000,2600000000.000000,1.000000,0,0,4.637991,1.000000,nan,1.000000,0.968737,-0.031263,0.999108,16.749493,1.145561,1,NONE,40.203835,6.386019,
gain,calibration,1,1,15,335,1,none,1300000000.000000,2600000000.000000,1.000000,0,0,4.637991,1.000000,nan,1.000000,1.008299,0.008299,0.999851,9.968962,1.151175,1,NONE,40.149323,6.376964,
gain,calibration,1,1,16,336,1,none,1300000000.000000,2600000000.000000,1.000000,0,0,4.637991,1.000000,nan,1.000000,0.943833,-0.056167,0.998221,22.873341,0.958425,1,FIT_QUALITY,40.063263,6.362669,
gain,calibration,1,1,17,337,1,none,1300000000.000000,2600000000.000000,1.000000,0,0,4.637991,1.000000,nan,1.000000,0.979094,-0.020906,0.999465,14.473796,1.238616,1,FIT_QUALITY,39.847706,6.326862,
gain,calibration,1,1,18,338,1,none,1300000000.000000,2600000000.000000,1.000000,0,0,4.637991,1.000000,nan,1.000000,0.995821,-0.004179,0.999702,11.393738,1.229397,1,FIT_QUALITY,41.077961,6.531223,
gain,calibration,1,1,19,339,1,none,1300000000.000000,2600000000.000000,1.000000,0,0,4.637991,1.000000,nan,1.000000,0.992388,-0.007612,0.999748,9.473444,1.107990,1,FIT_QUALITY,39.690277,6.300711,
gain,calibration,1,1,20,340,1,none,1300000000.000000,2600000000.000000,1.000000,0,0,4.637991,1.000000,nan,1.000000,0.940251,-0.059749,0.998114,23.454380,1.241617,1,FIT_QUALITY,40.702770,6.468899,
gain,calibration,1,1,21,341,1,none,1300000000.000000,2600000000.000000,1.000000,0,0,4.637991,1.000000,nan,1.000000,0.936658,-0.063342,0.998182,23.464527,1.142570,1,FIT_QUALITY,39.983646,6.349443,
gain,calibration,1,1,22,342,1,none,1300000000.000000,2600000000.000000,1.000000,0,0,4.637991,1.000000,nan,1.000000,1.016916,0.016916,0.999908,8.981526,1.162494,1,FIT_QUALITY,40.238464,6.391772,
gain,calibration,1,1,23,343,1,none,1300000000.000000,2600000000.000000,1.000000,0,0,4.637991,1.000000,nan,1.000000,1.013275,0.013275,0.999870,12.115465,1.004961,1,NONE,40.452053,6.427252,
gain,calibration,1,1,24,344,1,none,1300000000.000000,2600000000.000000,1.000000,0,0,4.637991,1.000000,nan,1.000000,0.992295,-0.007705,0.999753,12.518701,0.965890,1,FIT_QUALITY,39.826782,6.323386,
gain,calibration,1,1,25,345,1,none,1300000000.000000,2600000000.000000,1.000000,0,0,4.637991,1.000000,nan,1.000000,1.008344,0.008344,0.999821,8.115055,0.988534,1,NONE,40.136852,6.374893,
gain,calibration,1,1,26,346,1,none,1300000000.000000,2600000000.000000,1.000000,0,0,4.637991,1.000000,nan,1.000000,0.983136,-0.016864,0.999321,15.704647,0.861560,1,FIT_QUALITY,40.867737,6.496302,
gain,calibration,1,1,27,347,1,none,1300000000.000000,2600000000.000000,1.000000,0,0,4.637991,1.000000,nan,1.000000,1.007813,0.007813,0.999909,13.621916,0.854673,1,NONE,40.402412,6.419006,
gain,calibration,1,1,28,348,1,none,1300000000.000000,2600000000.000000,1.000000,0,0,4.637991,1.000000,nan,1.000000,0.993207,-0.006793,0.999740,9.495550,1.082942,1,NONE,40.623009,6.455649,
gain,calibration,1,1,29,349,1,none,1300000000.000000,2600000000.000000,1.000000,0,0,4.637991,1.000000,nan,1.000000,1.003716,0.003716,0.999764,11.663065,1.149194,1,NONE,40.023346,6.356038,
gain,calibration,1,1,30,350,1,none,1300000000.000000,2600000000.000000,1.000000,0,0,4.637991,1.000000,nan,1.000000,1.014011,0.014011,0.999900,5.940552,1.201308,1,FIT_QUALITY,39.541367,6.275975,
gain,calibration,2,2,1,351,1,none,1300000000.000000,2600000000.000000,1.000000,0,0,4.637991,1.001952,nan,1.000000,0.983672,-0.016328,0.999434,13.718087,1.041660,1,FIT_QUALITY,40.691273,6.466989,
gain,calibration,2,2,2,352,1,none,1300000000.000000,2600000000.000000,1.000000,0,0,4.637991,1.001952,nan,1.000000,1.006637,0.006637,0.999862,8.213159,1.154096,1,NONE,40.242420,6.392429,
gain,calibration,2,2,3,353,1,none,1300000000.000000,2600000000.000000,1.000000,0,0,4.637991,1.001952,nan,1.000000,0.979425,-0.020575,0.999336,15.066395,1.121604,1,FIT_QUALITY,39.533680,6.274698,
gain,calibration,2,2,4,354,1,none,1300000000.000000,2600000000.000000,1.000000,0,0,4.637991,1.001952,nan,1.000000,0.987270,-0.012730,0.999397,13.900560,0.983586,1,FIT_QUALITY,39.712669,6.304430,
gain,calibration,2,2,5,355,1,none,1300000000.000000,2600000000.000000,1.000000,0,0,4.637991,1.001952,nan,1.000000,0.997420,-0.002580,0.999831,10.098827,1.106771,1,FIT_QUALITY,39.071774,6.197969,
gain,calibration,2,2,6,356,1,none,1300000000.000000,2600000000.000000,1.000000,0,0,4.637991,1.001952,nan,1.000000,1.007208,0.007208,0.999736,9.566306,1.157937,1,FIT_QUALITY,40.040508,6.358889,
gain,calibration,2,2,7,357,1,none,1300000000.000000,2600000000.000000,1.000000,0,0,4.637991,1.001952,nan,1.000000,0.955111,-0.044889,0.998394,21.964130,0.856398,1,FIT_QUALITY,40.585922,6.449489,
gain,calibration,2,2,8,358,1,none,1300000000.000000,2600000000.000000,1.000000,0,0,4.637991,1.001952,nan,1.000000,0.973304,-0.026696,0.999188,17.383505,1.487136,1,FIT_QUALITY,40.091660,6.367385,
gain,calibration,2,2,9,359,1,none,1300000000.000000,2600000000.000000,1.000000,0,0,4.637991,1.001952,nan,1.000000,0.992674,-0.007326,0.999768,8.720644,1.023802,1,NONE,40.304501,6.402741,
gain,calibration,2,2,10,360,1,none,1300000000.000000,2600000000.000000,1.000000,0,0,4.637991,1.001952,nan,1.000000,1.017980,0.017980,0.999906,12.059032,0.987986,1,FIT_QUALITY,40.626328,6.456201,
gain,calibration,2,2,11,361,1,none,1300000000.000000,2600000000.000000,1.000000,0,0,4.637991,1.001952,nan,1.000000,0.993851,-0.006149,0.999668,13.818171,0.906120,1,NONE,40.108311,6.370152,
gain,calibration,2,2,12,362,1,none,1300000000.000000,2600000000.000000,1.000000,0,0,4.637991,1.001952,nan,1.000000,0.950320,-0.049680,0.998174,24.035900,1.154232,1,FIT_QUALITY,40.490402,6.433622,
gain,calibration,2,2,13,363,1,none,1300000000.000000,2600000000.000000,1.000000,0,0,4.637991,1.001952,nan,1.000000,0.954370,-0.045630,0.998652,20.981159,1.267781,1,FIT_QUALITY,39.411987,6.254483,
gain,calibration,2,2,14,364,1,none,1300000000.000000,2600000000.000000,1.000000,0,0,4.637991,1.001952,nan,1.000000,1.003716,0.003716,0.999742,10.799908,1.296689,1,FIT_QUALITY,40.422768,6.422387,
gain,calibration,2,2,15,365,1,none,1300000000.000000,2600000000.000000,1.000000,0,0,4.637991,1.001952,nan,1.000000,1.018835,0.018835,0.999910,5.532485,1.246284,1,FIT_QUALITY,39.975048,6.348015,
gain,calibration,2,2,16,366,1,none,1300000000.000000,2600000000.000000,1.000000,0,0,4.637991,1.001952,nan,1.000000,1.001205,0.001205,0.999774,8.891009,1.147357,1,NONE,39.785194,6.316478,
gain,calibration,2,2,17,367,1,none,1300000000.000000,2600000000.000000,1.000000,0,0,4.637991,1.001952,nan,1.000000,1.015673,0.015673,0.999883,6.733004,0.977882,1,NONE,40.519131,6.438394,
gain,calibration,2,2,18,368,1,none,1300000000.000000,2600000000.000000,1.000000,0,0,4.637991,1.001952,nan,1.000000,1.017148,0.017148,0.999913,7.750544,1.070919,1,NONE,40.170490,6.380480,
gain,calibration,2,2,19,369,1,none,1300000000.000000,2600000000.000000,1.000000,0,0,4.637991,1.001952,nan,1.000000,0.974309,-0.025691,0.999132,17.457047,1.286651,1,NONE,39.835140,6.324774,
gain,calibration,2,2,20,370,1,none,1300000000.000000,2600000000.000000,1.000000,0,0,4.637991,1.001952,nan,1.000000,0.984618,-0.015382,0.999535,12.255507,1.334720,1,FIT_QUALITY,39.663811,6.296314,
gain,calibration,2,2,21,371,1,none,1300000000.000000,2600000000.000000,1.000000,0,0,4.637991,1.001952,nan,1.000000,0.997349,-0.002651,0.999677,10.327128,1.091377,1,FIT_QUALITY,40.022453,6.355889,
gain,calibration,2,2,22,372,1,none,1300000000.000000,2600000000.000000,1.000000,0,0,4.637991,1.001952,nan,1.000000,1.001348,0.001348,0.999803,8.559731,1.179978,1,FIT_QUALITY,40.103729,6.369390,
gain,calibration,2,2,23,373,1,none,1300000000.000000,2600000000.000000,1.000000,0,0,4.637991,1.001952,nan,1.000000,0.998244,-0.001756,0.999758,9.180294,1.290752,1,FIT_QUALITY,40.371056,6.413797,
gain,calibration,2,2,24,374,1,none,1300000000.000000,2600000000.000000,1.000000,0,0,4.637991,1.001952,nan,1.000000,0.971294,-0.028706,0.999208,15.857974,1.108131,1,NONE,40.155193,6.377939,
gain,calibration,2,2,25,375,1,none,1300000000.000000,2600000000.000000,1.000000,0,0,4.637991,1.001952,nan,1.000000,0.954212,-0.045788,0.998597,22.804789,1.131761,1,NONE,40.315044,6.404493,
gain,calibration,2,2,26,376,1,none,1300000000.000000,2600000000.000000,1.000000,0,0,4.637991,1.001952,nan,1.000000,1.020329,0.020329,0.999879,6.680199,1.280873,1,NONE,39.770477,6.314033,
gain,calibration,2,2,27,377,1,none,1300000000.000000,2600000000.000000,1.000000,0,0,4.637991,1.001952,nan,1.000000,1.009929,0.009929,0.999910,6.558850,0.863957,1,NONE,39.732037,6.307648,
gain,calibration,2,2,28,378,1,none,1300000000.000000,2600000000.000000,1.000000,0,0,4.637991,1.001952,nan,1.000000,1.000057,0.000057,0.999743,9.495132,1.161905,1,FIT_QUALITY,40.571411,6.447079,
gain,calibration,2,2,29,379,1,none,1300000000.000000,2600000000.000000,1.000000,0,0,4.637991,1.001952,nan,1.000000,1.000225,0.000225,0.999789,8.826993,1.412182,1,NONE,40.723011,6.472261,
gain,calibration,2,2,30,380,1,none,1300000000.000000,2600000000.000000,1.000000,0,0,4.637991,1.001952,nan,1.000000,1.013499,0.013499,0.999868,9.323683,1.093410,1,FIT_QUALITY,39.446674,6.260245,
gain,calibration,3,3,1,381,1,none,1300000000.000000,2600000000.000000,1.000000,0,0,4.637991,1.003056,nan,1.000000,1.005130,0.005130,0.999845,10.393549,1.059905,1,NONE,40.513348,6.437433,
gain,calibration,3,3,2,382,1,none,1300000000.000000,2600000000.000000,1.000000,0,0,4.637991,1.003056,nan,1.000000,0.959688,-0.040312,0.998810,22.297398,1.124258,1,FIT_QUALITY,40.120296,6.372143,
gain,calibration,3,3,3,383,1,none,1300000000.000000,2600000000.000000,1.000000,0,0,4.637991,1.003056,nan,1.000000,1.009218,0.009218,0.999878,7.130445,1.026551,1,FIT_QUALITY,40.355465,6.411207,
gain,calibration,3,3,4,384,1,none,1300000000.000000,2600000000.000000,1.000000,0,0,4.637991,1.003056,nan,1.000000,0.961074,-0.038926,0.998613,21.479424,1.238865,1,FIT_QUALITY,40.385132,6.416135,
gain,calibration,3,3,5,385,1,none,1300000000.000000,2600000000.000000,1.000000,0,0,4.637991,1.003056,nan,1.000000,0.973648,-0.026352,0.998962,19.722357,1.137912,1,FIT_QUALITY,39.845024,6.326416,
gain,calibration,3,3,6,386,1,none,1300000000.000000,2600000000.000000,1.000000,0,0,4.637991,1.003056,nan,1.000000,1.007182,0.007182,0.999881,7.734180,0.923759,1,FIT_QUALITY,39.718994,6.305481,
gain,calibration,3,3,7,387,1,none,1300000000.000000,2600000000.000000,1.000000,0,0,4.637991,1.003056,nan,1.000000,1.018929,0.018929,0.999901,14.412967,0.947324,1,FIT_QUALITY,40.705101,6.469286,
gain,calibration,3,3,8,388,1,none,1300000000.000000,2600000000.000000,1.000000,0,0,4.637991,1.003056,nan,1.000000,1.018938,0.018938,0.999912,9.305909,1.089664,1,NONE,40.223000,6.389203,
gain,calibration,3,3,9,389,1,none,1300000000.000000,2600000000.000000,1.000000,0,0,4.637991,1.003056,nan,1.000000,0.986726,-0.013274,0.999532,13.644342,1.243462,1,NONE,40.079262,6.365326,
gain,calibration,3,3,10,390,1,none,1300000000.000000,2600000000.000000,1.000000,0,0,4.637991,1.003056,nan,1.000000,0.991986,-0.008014,0.999629,11.251425,0.984625,1,FIT_QUALITY,40.495014,6.434388,
gain,calibration,3,3,11,391,1,none,1300000000.000000,2600000000.000000,1.000000,0,0,4.637991,1.003056,nan,1.000000,0.945613,-0.054387,0.997919,24.786461,1.299972,1,FIT_QUALITY,40.454361,6.427635,
gain,calibration,3,3,12,392,1,none,1300000000.000000,2600000000.000000,1.000000,0,0,4.637991,1.003056,nan,1.000000,1.008863,0.008863,0.999858,7.304779,1.217817,1,NONE,40.438370,6.424979,
gain,calibration,3,3,13,393,1,none,1300000000.000000,2600000000.000000,1.000000,0,0,4.637991,1.003056,nan,1.000000,0.995020,-0.004980,0.999688,10.365200,1.013564,1,NONE,40.431416,6.423823,
gain,calibration,3,3,14,394,1,none,1300000000.000000,2600000000.000000,1.000000,0,0,4.637991,1.003056,nan,1.000000,0.952131,-0.047869,0.998484,22.167093,1.106211,1,FIT_QUALITY,39.935585,6.341460,
gain,calibration,3,3,15,395,1,none,1300000000.000000,2600000000.000000,1.000000,0,0,4.637991,1.003056,nan,1.000000,1.013123,0.013123,0.999798,11.255914,1.411683,1,FIT_QUALITY,39.410522,6.254240,
gain,calibration,3,3,16,396,1,none,1300000000.000000,2600000000.000000,1.000000,0,0,4.637991,1.003056,nan,1.000000,0.952810,-0.047190,0.998423,21.917847,1.026699,1,NONE,40.056572,6.361557,
gain,calibration,3,3,17,397,1,none,1300000000.000000,2600000000.000000,1.000000,0,0,4.637991,1.003056,nan,1.000000,0.950368,-0.049632,0.998211,24.267628,1.306364,1,FIT_QUALITY,39.821701,6.322542,
gain,calibration,3,3,18,398,1,none,1300000000.000000,2600000000.000000,1.000000,0,0,4.637991,1.003056,nan,1.000000,0.968829,-0.031171,0.998856,18.811403,1.188542,1,NONE,40.368694,6.413404,
gain,calibration,3,3,19,399,1,none,1300000000.000000,2600000000.000000,1.000000,0,0,4.637991,1.003056,nan,1.000000,0.996865,-0.003135,0.999672,13.515604,1.314963,1,FIT_QUALITY,40.373260,6.414163,
gain,calibration,3,3,20,400,1,none,1300000000.000000,2600000000.000000,1.000000,0,0,4.637991,1.003056,nan,1.000000,0.960450,-0.039550,0.998774,20.143124,0.851421,1,NONE,39.600727,6.285835,
gain,calibration,3,3,21,401,1,none,1300000000.000000,2600000000.000000,1.000000,0,0,4.637991,1.003056,nan,1.000000,1.022797,0.022797,0.999879,7.159766,1.223533,1,FIT_QUALITY,40.264515,6.396099,
gain,calibration,3,3,22,402,1,none,1300000000.000000,2600000000.000000,1.000000,0,0,4.637991,1.003056,nan,1.000000,0.987002,-0.012998,0.999593,11.542912,0.964480,1,FIT_QUALITY,40.272678,6.397455,
gain,calibration,3,3,23,403,1,none,1300000000.000000,2600000000.000000,1.000000,0,0,4.637991,1.003056,nan,1.000000,0.986498,-0.013502,0.999450,15.799047,1.063415,1,FIT_QUALITY,40.415054,6.421106,
gain,calibration,3,3,24,404,1,none,1300000000.000000,2600000000.000000,1.000000,0,0,4.637991,1.003056,nan,1.000000,1.007991,0.007991,0.999814,8.060765,1.165230,1,NONE,40.176762,6.381522,
gain,calibration,3,3,25,405,1,none,1300000000.000000,2600000000.000000,1.000000,0,0,4.637991,1.003056,nan,1.000000,0.955897,-0.044103,0.998536,21.015160,1.245373,1,FIT_QUALITY,40.418148,6.421619,
gain,calibration,3,3,26,406,1,none,1300000000.000000,2600000000.000000,1.000000,0,0,4.637991,1.003056,nan,1.000000,0.949848,-0.050152,0.998478,21.594879,0.999508,1,FIT_QUALITY,40.813351,6.487268,
gain,calibration,3,3,27,407,1,none,1300000000.000000,2600000000.000000,1.000000,0,0,4.637991,1.003056,nan,1.000000,0.959996,-0.040004,0.998380,22.186069,1.166078,1,FIT_QUALITY,39.596748,6.285174,
gain,calibration,3,3,28,408,1,none,1300000000.000000,2600000000.000000,1.000000,0,0,4.637991,1.003056,nan,1.000000,0.972487,-0.027513,0.999171,16.185217,1.248079,1,FIT_QUALITY,41.149010,6.543025,
gain,calibration,3,3,29,409,1,none,1300000000.000000,2600000000.000000,1.000000,0,0,4.637991,1.003056,nan,1.000000,0.956876,-0.043124,0.998550,20.995312,1.207812,1,FIT_QUALITY,39.759510,6.312211,
gain,calibration,3,3,30,410,1,none,1300000000.000000,2600000000.000000,1.000000,0,0,4.637991,1.003056,nan,1.000000,0.961079,-0.038921,0.998564,21.023937,1.205804,1,FIT_QUALITY,39.800323,6.318991,
gain,calibration,4,4,1,411,1,none,1300000000.000000,2600000000.000000,1.000000,0,0,4.637991,1.005933,nan,1.000000,0.945181,-0.054819,0.998014,24.176352,1.373731,1,FIT_QUALITY,39.706020,6.303326,
gain,calibration,4,4,2,412,1,none,1300000000.000000,2600000000.000000,1.000000,0,0,4.637991,1.005933,nan,1.000000,0.970240,-0.029760,0.998848,18.996788,1.160944,1,NONE,40.134701,6.374535,
gain,calibration,4,4,3,413,1,none,1300000000.000000,2600000000.000000,1.000000,0,0,4.637991,1.005933,nan,1.000000,1.017306,0.017306,0.999850,9.438820,1.336181,1,NONE,39.824547,6.323015,
gain,calibration,4,4,4,414,1,none,1300000000.000000,2600000000.000000,1.000000,0,0,4.637991,1.005933,nan,1.000000,0.965888,-0.034112,0.998678,20.841129,1.029539,1,FIT_QUALITY,40.293720,6.400950,
gain,calibration,4,4,5,415,1,none,1300000000.000000,2600000000.000000,1.000000,0,0,4.637991,1.005933,nan,1.000000,1.017620,0.017620,0.999815,10.519714,1.305699,1,NONE,40.416611,6.421364,
gain,calibration,4,4,6,416,1,none,1300000000.000000,2600000000.000000,1.000000,0,0,4.637991,1.005933,nan,1.000000,1.014964,0.014964,0.999905,6.314261,1.010956,1,NONE,40.378349,6.415009,
gain,calibration,4,4,7,417,1,none,1300000000.000000,2600000000.000000,1.000000,0,0,4.637991,1.005933,nan,1.000000,0.959083,-0.040917,0.998450,22.123238,1.139819,1,FIT_QUALITY,40.037609,6.358407,
gain,calibration,4,4,8,418,1,none,1300000000.000000,2600000000.000000,1.000000,0,0,4.637991,1.005933,nan,1.000000,0.959152,-0.040848,0.998653,20.392174,1.073636,1,NONE,40.673157,6.463980,
gain,calibration,4,4,9,419,1,none,1300000000.000000,2600000000.000000,1.000000,0,0,4.637991,1.005933,nan,1.000000,1.000792,0.000792,0.999748,9.548383,1.113658,1,FIT_QUALITY,40.452381,6.427306,
gain,calibration,4,4,10,420,1,none,1300000000.000000,2600000000.000000,1.000000,0,0,4.637991,1.005933,nan,1.000000,0.999343,-0.000657,0.999790,8.557083,0.957305,1,FIT_QUALITY,39.939888,6.342175,
gain,calibration,4,4,11,421,1,none,1300000000.000000,2600000000.000000,1.000000,0,0,4.637991,1.005933,nan,1.000000,0.970178,-0.029822,0.999056,18.937366,1.117625,1,FIT_QUALITY,39.765324,6.313177,
gain,calibration,4,4,12,422,1,none,1300000000.000000,2600000000.000000,1.000000,0,0,4.637991,1.005933,nan,1.000000,0.985262,-0.014738,0.999400,14.202688,0.937511,1,FIT_QUALITY,40.333153,6.407501,
gain,calibration,4,4,13,423,1,none,1300000000.000000,2600000000.000000,1.000000,0,0,4.637991,1.005933,nan,1.000000,1.014404,0.014404,0.999829,7.879117,1.321911,1,FIT_QUALITY,39.958435,6.345255,
gain,calibration,4,4,14,424,1,none,1300000000.000000,2600000000.000000,1.000000,0,0,4.637991,1.005933,nan,1.000000,1.013814,0.013814,0.999774,8.731349,1.070261,1,FIT_QUALITY,40.142498,6.375831,
gain,calibration,4,4,15,425,1,none,1300000000.000000,2600000000.000000,1.000000,0,0,4.637991,1.005933,nan,1.000000,0.957610,-0.042390,0.998576,21.173002,1.103345,1,FIT_QUALITY,39.864265,6.329613,
gain,calibration,4,4,16,426,1,none,1300000000.000000,2600000000.000000,1.000000,0,0,4.637991,1.005933,nan,1.000000,1.006063,0.006063,0.999740,11.316721,1.140091,1,NONE,40.978970,6.514779,
gain,calibration,4,4,17,427,1,none,1300000000.000000,2600000000.000000,1.000000,0,0,4.637991,1.005933,nan,1.000000,0.955006,-0.044994,0.998583,20.628799,1.015169,1,NONE,39.979126,6.348692,
gain,calibration,4,4,18,428,1,none,1300000000.000000,2600000000.000000,1.000000,0,0,4.637991,1.005933,nan,1.000000,0.978031,-0.021969,0.999077,17.254618,0.811967,1,NONE,40.039028,6.358643,
gain,calibration,4,4,19,429,1,none,1300000000.000000,2600000000.000000,1.000000,0,0,4.637991,1.005933,nan,1.000000,1.005765,0.005765,0.999798,8.230472,1.138166,1,NONE,40.106152,6.369793,
gain,calibration,4,4,20,430,1,none,1300000000.000000,2600000000.000000,1.000000,0,0,4.637991,1.005933,nan,1.000000,1.007117,0.007117,0.999688,12.337055,1.153267,1,NONE,39.920330,6.338925,
gain,calibration,4,4,21,431,1,none,1300000000.000000,2600000000.000000,1.000000,0,0,4.637991,1.005933,nan,1.000000,0.972466,-0.027534,0.998934,19.651545,1.020454,1,FIT_QUALITY,39.630665,6.290808,
gain,calibration,4,4,22,432,1,none,1300000000.000000,2600000000.000000,1.000000,0,0,4.637991,1.005933,nan,1.000000,1.019150,0.019150,0.999880,8.797832,1.270979,1,FIT_QUALITY,40.136864,6.374895,
gain,calibration,4,4,23,433,1,none,1300000000.000000,2600000000.000000,1.000000,0,0,4.637991,1.005933,nan,1.000000,1.013310,0.013310,0.999841,9.457163,1.063063,1,NONE,41.130241,6.539907,
gain,calibration,4,4,24,434,1,none,1300000000.000000,2600000000.000000,1.000000,0,0,4.637991,1.005933,nan,1.000000,1.007675,0.007675,0.999785,13.925840,1.233120,1,FIT_QUALITY,39.763542,6.312881,
gain,calibration,4,4,25,435,1,none,1300000000.000000,2600000000.000000,1.000000,0,0,4.637991,1.005933,nan,1.000000,0.944708,-0.055292,0.997769,25.728893,1.061642,1,NONE,39.401207,6.252693,
gain,calibration,4,4,26,436,1,none,1300000000.000000,2600000000.000000,1.000000,0,0,4.637991,1.005933,nan,1.000000,1.007314,0.007314,0.999703,16.681721,1.424179,1,FIT_QUALITY,40.400482,6.418685,
gain,calibration,4,4,27,437,1,none,1300000000.000000,2600000000.000000,1.000000,0,0,4.637991,1.005933,nan,1.000000,1.014982,0.014982,0.999886,6.207758,1.438257,1,NONE,40.086468,6.366523,
gain,calibration,4,4,28,438,1,none,1300000000.000000,2600000000.000000,1.000000,0,0,4.637991,1.005933,nan,1.000000,1.016842,0.016842,0.999854,7.535121,1.192790,1,FIT_QUALITY,39.785164,6.316473,
gain,calibration,4,4,29,439,1,none,1300000000.000000,2600000000.000000,1.000000,0,0,4.637991,1.005933,nan,1.000000,1.007051,0.007051,0.999868,9.310469,1.171139,1,FIT_QUALITY,40.008507,6.353573,
gain,calibration,4,4,30,440,1,none,1300000000.000000,2600000000.000000,1.000000,0,0,4.637991,1.005933,nan,1.000000,1.003719,0.003719,0.999783,8.563274,1.236429,1,NONE,40.143051,6.375922,
gain,calibration,5,5,1,441,1,none,1300000000.000000,2600000000.000000,1.000000,0,0,4.637991,1.007201,nan,1.000000,0.960328,-0.039672,0.998296,22.803432,0.900934,1,FIT_QUALITY,39.553925,6.278061,
gain,calibration,5,5,2,442,1,none,1300000000.000000,2600000000.000000,1.000000,0,0,4.637991,1.007201,nan,1.000000,0.959682,-0.040318,0.998389,22.999256,1.031803,1,NONE,40.563408,6.445749,
gain,calibration,5,5,3,443,1,none,1300000000.000000,2600000000.000000,1.000000,0,0,4.637991,1.007201,nan,1.000000,1.018723,0.018723,0.999875,6.783831,0.942332,1,NONE,39.606968,6.286872,
gain,calibration,5,5,4,444,1,none,1300000000.000000,2600000000.000000,1.000000,0,0,4.637991,1.007201,nan,1.000000,0.945090,-0.054910,0.997939,24.674223,1.294534,1,NONE,40.379330,6.415171,
gain,calibration,5,5,5,445,1,none,1300000000.000000,2600000000.000000,1.000000,0,0,4.637991,1.007201,nan,1.000000,1.008884,0.008884,0.999787,9.614398,1.187160,1,FIT_QUALITY,40.226711,6.389820,
gain,calibration,5,5,6,446,1,none,1300000000.000000,2600000000.000000,1.000000,0,0,4.637991,1.007201,nan,1.000000,1.025715,0.025715,0.999893,6.489867,1.341127,1,NONE,40.619293,6.455032,
gain,calibration,5,5,7,447,1,none,1300000000.000000,2600000000.000000,1.000000,0,0,4.637991,1.007201,nan,1.000000,1.014076,0.014076,0.999809,9.690094,0.952521,1,FIT_QUALITY,40.006397,6.353222,
gain,calibration,5,5,8,448,1,none,1300000000.000000,2600000000.000000,1.000000,0,0,4.637991,1.007201,nan,1.000000,1.020566,0.020566,0.999879,6.442485,1.245151,1,FIT_QUALITY,39.803139,6.319458,
gain,calibration,5,5,9,449,1,none,1300000000.000000,2600000000.000000,1.000000,0,0,4.637991,1.007201,nan,1.000000,0.991741,-0.008259,0.999331,14.800040,1.357383,1,FIT_QUALITY,40.105911,6.369753,
gain,calibration,5,5,10,450,1,none,1300000000.000000,2600000000.000000,1.000000,0,0,4.637991,1.007201,nan,1.000000,1.013938,0.013938,0.999801,9.917846,1.284414,1,NONE,40.969624,6.513227,
gain,calibration,5,5,11,451,1,none,1300000000.000000,2600000000.000000,1.000000,0,0,4.637991,1.007201,nan,1.000000,1.016045,0.016045,0.999898,6.822757,1.083669,1,NONE,40.179276,6.381940,
gain,calibration,5,5,12,452,1,none,1300000000.000000,2600000000.000000,1.000000,0,0,4.637991,1.007201,nan,1.000000,1.004093,0.004093,0.999679,10.331990,1.140225,1,FIT_QUALITY,40.218807,6.388506,
gain,calibration,5,5,13,453,1,none,1300000000.000000,2600000000.000000,1.000000,0,0,4.637991,1.007201,nan,1.000000,1.016996,0.016996,0.999868,7.204860,1.256577,1,FIT_QUALITY,39.827160,6.323449,
gain,calibration,5,5,14,454,1,none,1300000000.000000,2600000000.000000,1.000000,0,0,4.637991,1.007201,nan,1.000000,1.017044,0.017044,0.999823,9.209372,1.098836,1,FIT_QUALITY,40.845127,6.492547,
gain,calibration,5,5,15,455,1,none,1300000000.000000,2600000000.000000,1.000000,0,0,4.637991,1.007201,nan,1.000000,1.013387,0.013387,0.999787,9.095475,1.111328,1,FIT_QUALITY,39.673153,6.297866,
gain,calibration,5,5,16,456,1,none,1300000000.000000,2600000000.000000,1.000000,0,0,4.637991,1.007201,nan,1.000000,1.012879,0.012879,0.999815,8.513747,1.424835,1,FIT_QUALITY,39.908508,6.336962,
gain,calibration,5,5,17,457,1,none,1300000000.000000,2600000000.000000,1.000000,0,0,4.637991,1.007201,nan,1.000000,0.948102,-0.051898,0.997964,25.565943,1.105046,1,NONE,40.224972,6.389531,
gain,calibration,5,5,18,458,1,none,1300000000.000000,2600000000.000000,1.000000,0,0,4.637991,1.007201,nan,1.000000,1.017030,0.017030,0.999854,9.447168,1.283463,1,FIT_QUALITY,40.020531,6.355570,
gain,calibration,5,5,19,459,1,none,1300000000.000000,2600000000.000000,1.000000,0,0,4.637991,1.007201,nan,1.000000,0.982647,-0.017353,0.999339,16.792767,0.940559,1,FIT_QUALITY,40.442822,6.425718,
gain,calibration,5,5,20,460,1,none,1300000000.000000,2600000000.000000,1.000000,0,0,4.637991,1.007201,nan,1.000000,0.995299,-0.004701,0.999570,11.916286,1.631222,1,FIT_QUALITY,39.580246,6.282433,
gain,calibration,5,5,21,461,1,none,1300000000.000000,2600000000.000000,1.000000,0,0,4.637991,1.007201,nan,1.000000,1.013781,0.013781,0.999870,6.766751,1.140783,1,FIT_QUALITY,40.427086,6.423104,
gain,calibration,5,5,22,462,1,none,1300000000.000000,2600000000.000000,1.000000,0,0,4.637991,1.007201,nan,1.000000,0.954996,-0.045004,0.998294,25.391764,1.247193,1,FIT_QUALITY,40.742565,6.475510,
gain,calibration,5,5,23,463,1,none,1300000000.000000,2600000000.000000,1.000000,0,0,4.637991,1.007201,nan,1.000000,1.002340,0.002340,0.999780,8.548359,1.386339,1,NONE,40.304684,6.402771,
gain,calibration,5,5,24,464,1,none,1300000000.000000,2600000000.000000,1.000000,0,0,4.637991,1.007201,nan,1.000000,1.017127,0.017127,0.999855,7.080736,1.259709,1,NONE,39.837223,6.325120,
gain,calibration,5,5,25,465,1,none,1300000000.000000,2600000000.000000,1.000000,0,0,4.637991,1.007201,nan,1.000000,1.020803,0.020803,0.999880,8.061577,1.216344,1,NONE,40.010036,6.353827,
gain,calibration,5,5,26,466,1,none,1300000000.000000,2600000000.000000,1.000000,0,0,4.637991,1.007201,nan,1.000000,1.011184,0.011184,0.999824,8.556891,1.143624,1,NONE,40.392120,6.417296,
gain,calibration,5,5,27,467,1,none,1300000000.000000,2600000000.000000,1.000000,0,0,4.637991,1.007201,nan,1.000000,0.946795,-0.053205,0.997847,28.048243,0.887282,1,NONE,39.769787,6.313919,
gain,calibration,5,5,28,468,1,none,1300000000.000000,2600000000.000000,1.000000,0,0,4.637991,1.007201,nan,1.000000,0.978095,-0.021905,0.999316,16.140860,1.026876,1,NONE,39.642628,6.292796,
gain,calibration,5,5,29,469,1,none,1300000000.000000,2600000000.000000,1.000000,0,0,4.637991,1.007201,nan,1.000000,0.986619,-0.013381,0.999307,15.083860,1.213366,1,FIT_QUALITY,40.115234,6.371302,
gain,calibration,5,5,30,470,1,none,1300000000.000000,2600000000.000000,1.000000,0,0,4.637991,1.007201,nan,1.000000,1.000345,0.000345,0.999613,11.916039,1.015028,1,NONE,40.369450,6.413530,
gain,calibration,6,6,1,471,1,none,1300000000.000000,2600000000.000000,1.000000,0,0,4.637991,1.007634,nan,1.000000,1.018566,0.018566,0.999898,11.040973,0.926034,1,FIT_QUALITY,40.537449,6.441437,
gain,calibration,6,6,2,472,1,none,1300000000.000000,2600000000.000000,1.000000,0,0,4.637991,1.007634,nan,1.000000,1.025391,0.025391,0.999907,7.713919,1.156137,1,FIT_QUALITY,40.272732,6.397464,
gain,calibration,6,6,3,473,1,none,1300000000.000000,2600000000.000000,1.000000,0,0,4.637991,1.007634,nan,1.000000,1.019051,0.019051,0.999875,12.431777,1.109693,1,FIT_QUALITY,39.684052,6.299676,
gain,calibration,6,6,4,474,1,none,1300000000.000000,2600000000.000000,1.000000,0,0,4.637991,1.007634,nan,1.000000,1.008768,0.008768,0.999765,11.313671,1.034015,1,FIT_QUALITY,40.393364,6.417502,
gain,calibration,6,6,5,475,1,none,1300000000.000000,2600000000.000000,1.000000,0,0,4.637991,1.007634,nan,1.000000,0.942440,-0.057560,0.997699,25.961111,1.130082,1,FIT_QUALITY,40.428143,6.423280,
gain,calibration,6,6,6,476,1,none,1300000000.000000,2600000000.000000,1.000000,0,0,4.637991,1.007634,nan,1.000000,0.951904,-0.048096,0.997943,25.576778,1.224524,1,FIT_QUALITY,40.293598,6.400930,
gain,calibration,6,6,7,477,1,none,1300000000.000000,2600000000.000000,1.000000,0,0,4.637991,1.007634,nan,1.000000,0.995394,-0.004606,0.999561,11.964416,1.298916,1,NONE,39.852524,6.327662,
gain,calibration,6,6,8,478,1,none,1300000000.000000,2600000000.000000,1.000000,0,0,4.637991,1.007634,nan,1.000000,0.946906,-0.053094,0.998057,25.265656,1.182604,1,NONE,39.789486,6.317191,
gain,calibration,6,6,9,479,1,none,1300000000.000000,2600000000.000000,1.000000,0,0,4.637991,1.007634,nan,1.000000,1.022257,0.022257,0.999897,9.776531,1.139438,1,FIT_QUALITY,40.688286,6.466493,
gain,calibration,6,6,10,480,1,none,1300000000.000000,2600000000.000000,1.000000,0,0,4.637991,1.007634,nan,1.000000,1.018820,0.018820,0.999924,7.137371,0.776200,1,NONE,39.946342,6.343246,
gain,calibration,6,6,11,481,1,none,1300000000.000000,2600000000.000000,1.000000,0,0,4.637991,1.007634,nan,1.000000,0.986600,-0.013400,0.999455,16.011692,1.047067,1,FIT_QUALITY,40.465370,6.429464,
gain,calibration,6,6,12,482,1,none,1300000000.000000,2600000000.000000,1.000000,0,0,4.637991,1.007634,nan,1.000000,0.948402,-0.051598,0.997822,25.779417,1.149345,1,NONE,39.790859,6.317419,
gain,calibration,6,6,13,483,1,none,1300000000.000000,2600000000.000000,1.000000,0,0,4.637991,1.007634,nan,1.000000,1.017408,0.017408,0.999860,6.900953,1.121544,1,NONE,39.530266,6.274131,
gain,calibration,6,6,14,484,1,none,1300000000.000000,2600000000.000000,1.000000,0,0,4.637991,1.007634,nan,1.000000,0.940538,-0.059462,0.997952,25.131067,1.114643,1,FIT_QUALITY,39.853886,6.327888,
gain,calibration,6,6,15,485,1,none,1300000000.000000,2600000000.000000,1.000000,0,0,4.637991,1.007634,nan,1.000000,0.981926,-0.018074,0.999064,19.254406,1.190089,1,NONE,40.287239,6.399874,
gain,calibration,6,6,16,486,1,none,1300000000.000000,2600000000.000000,1.000000,0,0,4.637991,1.007634,nan,1.000000,0.967994,-0.032006,0.998866,18.688625,1.048261,1,NONE,39.790634,6.317381,
gain,calibration,6,6,17,487,1,none,1300000000.000000,2600000000.000000,1.000000,0,0,4.637991,1.007634,nan,1.000000,1.008455,0.008455,0.999730,10.725214,1.296478,1,FIT_QUALITY,40.577854,6.448149,
gain,calibration,6,6,18,488,1,none,1300000000.000000,2600000000.000000,1.000000,0,0,4.637991,1.007634,nan,1.000000,0.989982,-0.010018,0.999400,15.547085,1.105848,1,FIT_QUALITY,40.112820,6.370901,
gain,calibration,6,6,19,489,1,none,1300000000.000000,2600000000.000000,1.000000,0,0,4.637991,1.007634,nan,1.000000,0.959877,-0.040123,0.998477,23.186670,0.942474,1,FIT_QUALITY,40.442680,6.425695,
gain,calibration,6,6,20,490,1,none,1300000000.000000,2600000000.000000,1.000000,0,0,4.637991,1.007634,nan,1.000000,0.975515,-0.024485,0.998943,18.355793,1.199831,1,FIT_QUALITY,39.999554,6.352086,
gain,calibration,6,6,21,491,1,none,1300000000.000000,2600000000.000000,1.000000,0,0,4.637991,1.007634,nan,1.000000,0.995213,-0.004787,0.999633,11.999111,1.010886,1,FIT_QUALITY,40.333885,6.407622,
gain,calibration,6,6,22,492,1,none,1300000000.000000,2600000000.000000,1.000000,0,0,4.637991,1.007634,nan,1.000000,0.966535,-0.033465,0.998724,20.271717,1.178383,1,FIT_QUALITY,40.120380,6.372157,
gain,calibration,6,6,23,493,1,none,1300000000.000000,2600000000.000000,1.000000,0,0,4.637991,1.007634,nan,1.000000,0.960929,-0.039071,0.998452,24.032061,1.313332,1,NONE,39.485107,6.266629,
gain,calibration,6,6,24,494,1,none,1300000000.000000,2600000000.000000,1.000000,0,0,4.637991,1.007634,nan,1.000000,1.019047,0.019047,0.999907,6.214592,1.156266,1,FIT_QUALITY,40.698792,6.468238,
gain,calibration,6,6,25,495,1,none,1300000000.000000,2600000000.000000,1.000000,0,0,4.637991,1.007634,nan,1.000000,1.018709,0.018709,0.999909,8.849967,1.214377,1,NONE,40.180313,6.382112,
gain,calibration,6,6,26,496,1,none,1300000000.000000,2600000000.000000,1.000000,0,0,4.637991,1.007634,nan,1.000000,1.011609,0.011609,0.999841,10.379429,1.005000,1,NONE,39.964203,6.346213,
gain,calibration,6,6,27,497,1,none,1300000000.000000,2600000000.000000,1.000000,0,0,4.637991,1.007634,nan,1.000000,1.019162,0.019162,0.999831,8.858460,1.296185,1,FIT_QUALITY,40.901672,6.501939,
gain,calibration,6,6,28,498,1,none,1300000000.000000,2600000000.000000,1.000000,0,0,4.637991,1.007634,nan,1.000000,0.950267,-0.049733,0.998153,24.904907,1.127107,1,FIT_QUALITY,40.087124,6.366632,
gain,calibration,6,6,29,499,1,none,1300000000.000000,2600000000.000000,1.000000,0,0,4.637991,1.007634,nan,1.000000,1.017567,0.017567,0.999863,7.309269,1.226154,1,FIT_QUALITY,40.015785,6.354782,
gain,calibration,6,6,30,500,1,none,1300000000.000000,2600000000.000000,1.000000,0,0,4.637991,1.007634,nan,1.000000,0.957922,-0.042078,0.998626,20.924492,1.439817,1,FIT_QUALITY,40.002193,6.352524,
gain,calibration,7,7,1,501,1,none,1300000000.000000,2600000000.000000,1.000000,0,0,4.637991,1.009453,nan,1.000000,1.018136,0.018136,0.999855,11.378411,1.123609,1,NONE,40.353695,6.410913,
gain,calibration,7,7,2,502,1,none,1300000000.000000,2600000000.000000,1.000000,0,0,4.637991,1.009453,nan,1.000000,0.959628,-0.040372,0.998513,21.428661,1.277189,1,FIT_QUALITY,39.976700,6.348289,
gain,calibration,7,7,3,503,1,none,1300000000.000000,2600000000.000000,1.000000,0,0,4.637991,1.009453,nan,1.000000,0.952725,-0.047275,0.997992,25.038044,1.255813,1,FIT_QUALITY,39.618874,6.288850,
gain,calibration,7,7,4,504,1,none,1300000000.000000,2600000000.000000,1.000000,0,0,4.637991,1.009453,nan,1.000000,1.020510,0.020510,0.999890,11.996440,1.151856,1,FIT_QUALITY,40.344902,6.409452,
gain,calibration,7,7,5,505,1,none,1300000000.000000,2600000000.000000,1.000000,0,0,4.637991,1.009453,nan,1.000000,0.993433,-0.006567,0.999411,14.051073,1.133925,1,NONE,40.414719,6.421050,
gain,calibration,7,7,6,506,1,none,1300000000.000000,2600000000.000000,1.000000,0,0,4.637991,1.009453,nan,1.000000,0.994276,-0.005724,0.999375,14.830684,0.920257,1,NONE,40.266121,6.396366,
gain,calibration,7,7,7,507,1,none,1300000000.000000,2600000000.000000,1.000000,0,0,4.637991,1.009453,nan,1.000000,1.020064,0.020064,0.999857,14.338233,1.225459,1,NONE,40.271858,6.397319,
gain,calibration,7,7,8,508,1,none,1300000000.000000,2600000000.000000,1.000000,0,0,4.637991,1.009453,nan,1.000000,0.944262,-0.055738,0.997989,24.413300,0.986888,1,FIT_QUALITY,39.975449,6.348082,
gain,calibration,7,7,9,509,1,none,1300000000.000000,2600000000.000000,1.000000,0,0,4.637991,1.009453,nan,1.000000,1.013185,0.013185,0.999805,9.924225,1.301055,1,NONE,39.851723,6.327529,
gain,calibration,7,7,10,510,1,none,1300000000.000000,2600000000.000000,1.000000,0,0,4.637991,1.009453,nan,1.000000,1.004355,0.004355,0.999650,10.775263,0.932773,1,NONE,40.261528,6.395603,
gain,calibration,7,7,11,511,1,none,1300000000.000000,2600000000.000000,1.000000,0,0,4.637991,1.009453,nan,1.000000,1.002219,0.002219,0.999733,11.428758,1.050300,1,FIT_QUALITY,39.821800,6.322558,
gain,calibration,7,7,12,512,1,none,1300000000.000000,2600000000.000000,1.000000,0,0,4.637991,1.009453,nan,1.000000,1.028279,0.028279,0.999901,7.206191,1.225462,1,NONE,39.214848,6.221736,
gain,calibration,7,7,13,513,1,none,1300000000.000000,2600000000.000000,1.000000,0,0,4.637991,1.009453,nan,1.000000,1.012212,0.012212,0.999832,13.396576,0.995008,1,FIT_QUALITY,39.899178,6.335412,
gain,calibration,7,7,14,514,1,none,1300000000.000000,2600000000.000000,1.000000,0,0,4.637991,1.009453,nan,1.000000,1.016587,0.016587,0.999815,8.746566,1.374944,1,NONE,41.007576,6.519531,
gain,calibration,7,7,15,515,1,none,1300000000.000000,2600000000.000000,1.000000,0,0,4.637991,1.009453,nan,1.000000,0.978970,-0.021030,0.999151,16.938896,0.967598,1,NONE,39.734650,6.308082,
gain,calibration,7,7,16,516,1,none,1300000000.000000,2600000000.000000,1.000000,0,0,4.637991,1.009453,nan,1.000000,1.020299,0.020299,0.999871,9.945017,1.046359,1,NONE,40.059174,6.361989,
gain,calibration,7,7,17,517,1,none,1300000000.000000,2600000000.000000,1.000000,0,0,4.637991,1.009453,nan,1.000000,0.953967,-0.046033,0.998333,24.670483,1.296323,1,FIT_QUALITY,39.277611,6.232162,
gain,calibration,7,7,18,518,1,none,1300000000.000000,2600000000.000000,1.000000,0,0,4.637991,1.009453,nan,1.000000,1.015394,0.015394,0.999908,6.794600,1.094251,1,FIT_QUALITY,40.321297,6.405531,
gain,calibration,7,7,19,519,1,none,1300000000.000000,2600000000.000000,1.000000,0,0,4.637991,1.009453,nan,1.000000,1.017793,0.017793,0.999856,7.481002,1.024212,1,NONE,40.250648,6.393796,
gain,calibration,7,7,20,520,1,none,1300000000.000000,2600000000.000000,1.000000,0,0,4.637991,1.009453,nan,1.000000,1.026105,0.026105,0.999897,7.993408,1.130497,1,FIT_QUALITY,40.922588,6.505414,
gain,calibration,7,7,21,521,1,none,1300000000.000000,2600000000.000000,1.000000,0,0,4.637991,1.009453,nan,1.000000,0.962950,-0.037050,0.998707,20.491079,1.010720,1,NONE,40.036446,6.358214,
gain,calibration,7,7,22,522,1,none,1300000000.000000,2600000000.000000,1.000000,0,0,4.637991,1.009453,nan,1.000000,1.015845,0.015845,0.999880,6.383896,1.089623,1,FIT_QUALITY,40.474873,6.431042,
gain,calibration,7,7,23,523,1,none,1300000000.000000,2600000000.000000,1.000000,0,0,4.637991,1.009453,nan,1.000000,1.001352,0.001352,0.999759,11.905683,1.115517,1,FIT_QUALITY,40.202370,6.385776,
gain,calibration,7,7,24,524,1,none,1300000000.000000,2600000000.000000,1.000000,0,0,4.637991,1.009453,nan,1.000000,0.962786,-0.037214,0.998607,22.917572,1.177638,1,NONE,40.134651,6.374527,
gain,calibration,7,7,25,525,1,none,1300000000.000000,2600000000.000000,1.000000,0,0,4.637991,1.009453,nan,1.000000,0.973843,-0.026157,0.999012,22.245909,1.317771,1,FIT_QUALITY,39.290840,6.234359,
gain,calibration,7,7,26,526,1,none,1300000000.000000,2600000000.000000,1.000000,0,0,4.637991,1.009453,nan,1.000000,0.965735,-0.034265,0.998649,21.843086,1.350484,1,FIT_QUALITY,39.573723,6.281350,
gain,calibration,7,7,27,527,1,none,1300000000.000000,2600000000.000000,1.000000,0,0,4.637991,1.009453,nan,1.000000,0.992248,-0.007752,0.999500,13.216056,1.042932,1,NONE,39.867653,6.330175,
gain,calibration,7,7,28,528,1,none,1300000000.000000,2600000000.000000,1.000000,0,0,4.637991,1.009453,nan,1.000000,1.029496,0.029496,0.999928,5.046103,1.311378,1,NONE,40.426868,6.423068,
gain,calibration,7,7,29,529,1,none,1300000000.000000,2600000000.000000,1.000000,0,0,4.637991,1.009453,nan,1.000000,0.960295,-0.039705,0.998643,20.293531,1.228061,1,FIT_QUALITY,39.623501,6.289618,
gain,calibration,7,7,30,530,1,none,1300000000.000000,2600000000.000000,1.000000,0,0,4.637991,1.009453,nan,1.000000,1.002061,0.002061,0.999791,15.640981,1.161577,1,FIT_QUALITY,40.988220,6.516316,
gain,calibration,8,8,1,531,1,none,1300000000.000000,2600000000.000000,1.000000,0,0,4.637991,1.009453,nan,1.000000,1.011400,0.011400,0.999831,9.021806,1.180504,1,NONE,40.356289,6.411344,
gain,calibration,8,8,2,532,1,none,1300000000.000000,2600000000.000000,1.000000,0,0,4.637991,1.009453,nan,1.000000,1.015446,0.015446,0.999910,7.858654,1.215500,1,NONE,40.504192,6.435913,
gain,calibration,8,8,3,533,1,none,1300000000.000000,2600000000.000000,1.000000,0,0,4.637991,1.009453,nan,1.000000,1.010076,0.010076,0.999677,12.156375,1.339835,1,FIT_QUALITY,40.825802,6.489336,
gain,calibration,8,8,4,534,1,none,1300000000.000000,2600000000.000000,1.000000,0,0,4.637991,1.009453,nan,1.000000,1.008666,0.008666,0.999756,10.427032,1.234543,1,NONE,39.793610,6.317876,
gain,calibration,8,8,5,535,1,none,1300000000.000000,2600000000.000000,1.000000,0,0,4.637991,1.009453,nan,1.000000,1.022652,0.022652,0.999894,6.954944,1.104212,1,FIT_QUALITY,39.802464,6.319346,
gain,calibration,8,8,6,536,1,none,1300000000.000000,2600000000.000000,1.000000,0,0,4.637991,1.009453,nan,1.000000,0.996834,-0.003166,0.999579,13.329539,1.168963,1,FIT_QUALITY,39.934967,6.341357,
gain,calibration,8,8,7,537,1,none,1300000000.000000,2600000000.000000,1.000000,0,0,4.637991,1.009453,nan,1.000000,1.016404,0.016404,0.999860,6.964735,1.091013,1,FIT_QUALITY,40.825184,6.489233,
gain,calibration,8,8,8,538,1,none,1300000000.000000,2600000000.000000,1.000000,0,0,4.637991,1.009453,nan,1.000000,1.014461,0.014461,0.999794,15.830786,1.390684,1,FIT_QUALITY,40.431007,6.423756,
gain,calibration,8,8,9,539,1,none,1300000000.000000,2600000000.000000,1.000000,0,0,4.637991,1.009453,nan,1.000000,1.007139,0.007139,0.999829,11.310796,1.224088,1,NONE,39.899429,6.335454,
gain,calibration,8,8,10,540,1,none,1300000000.000000,2600000000.000000,1.000000,0,0,4.637991,1.009453,nan,1.000000,0.978435,-0.021565,0.998891,18.723143,1.223164,1,FIT_QUALITY,40.214146,6.387732,
gain,calibration,8,8,11,541,1,none,1300000000.000000,2600000000.000000,1.000000,0,0,4.637991,1.009453,nan,1.000000,0.994552,-0.005448,0.999524,12.482972,1.084466,1,FIT_QUALITY,40.543766,6.442486,
gain,calibration,8,8,12,542,1,none,1300000000.000000,2600000000.000000,1.000000,0,0,4.637991,1.009453,nan,1.000000,1.018679,0.018679,0.999894,7.427830,1.269759,1,FIT_QUALITY,39.901360,6.335774,
gain,calibration,8,8,13,543,1,none,1300000000.000000,2600000000.000000,1.000000,0,0,4.637991,1.009453,nan,1.000000,0.979315,-0.020685,0.999195,16.814100,0.961835,1,FIT_QUALITY,40.463444,6.429144,
gain,calibration,8,8,14,544,1,none,1300000000.000000,2600000000.000000,1.000000,0,0,4.637991,1.009453,nan,1.000000,0.965866,-0.034134,0.998539,21.826786,1.152753,1,FIT_QUALITY,40.529289,6.440082,
gain,calibration,8,8,15,545,1,none,1300000000.000000,2600000000.000000,1.000000,0,0,4.637991,1.009453,nan,1.000000,1.022276,0.022276,0.999916,6.607943,1.053970,1,FIT_QUALITY,40.039898,6.358788,
gain,calibration,8,8,16,546,1,none,1300000000.000000,2600000000.000000,1.000000,0,0,4.637991,1.009453,nan,1.000000,0.944212,-0.055788,0.997814,27.895441,1.149785,1,NONE,40.707752,6.469727,
gain,calibration,8,8,17,547,1,none,1300000000.000000,2600000000.000000,1.000000,0,0,4.637991,1.009453,nan,1.000000,1.017673,0.017673,0.999906,5.683837,1.374906,1,FIT_QUALITY,40.257996,6.395016,
gain,calibration,8,8,18,548,1,none,1300000000.000000,2600000000.000000,1.000000,0,0,4.637991,1.009453,nan,1.000000,0.960758,-0.039242,0.998770,20.532715,0.960890,1,FIT_QUALITY,40.973579,6.513884,
gain,calibration,8,8,19,549,1,none,1300000000.000000,2600000000.000000,1.000000,0,0,4.637991,1.009453,nan,1.000000,1.016201,0.016201,0.999818,9.094131,1.209513,1,NONE,40.300735,6.402116,
gain,calibration,8,8,20,550,1,none,1300000000.000000,2600000000.000000,1.000000,0,0,4.637991,1.009453,nan,1.000000,0.968670,-0.031330,0.998696,20.649244,1.126510,1,FIT_QUALITY,40.262711,6.395799,
gain,calibration,8,8,21,551,1,none,1300000000.000000,2600000000.000000,1.000000,0,0,4.637991,1.009453,nan,1.000000,0.985220,-0.014780,0.999250,15.757615,1.178751,1,NONE,39.608799,6.287176,
gain,calibration,8,8,22,552,1,none,1300000000.000000,2600000000.000000,1.000000,0,0,4.637991,1.009453,nan,1.000000,1.019321,0.019321,0.999846,11.795369,1.345998,1,FIT_QUALITY,41.228859,6.556289,
gain,calibration,8,8,23,553,1,none,1300000000.000000,2600000000.000000,1.000000,0,0,4.637991,1.009453,nan,1.000000,1.028253,0.028253,0.999909,7.780194,0.911137,1,NONE,40.854023,6.494024,
gain,calibration,8,8,24,554,1,none,1300000000.000000,2600000000.000000,1.000000,0,0,4.637991,1.009453,nan,1.000000,1.026455,0.026455,0.999851,7.358703,1.349062,1,NONE,40.266708,6.396463,
gain,calibration,8,8,25,555,1,none,1300000000.000000,2600000000.000000,1.000000,0,0,4.637991,1.009453,nan,1.000000,1.003943,0.003943,0.999638,13.430451,1.234810,1,NONE,40.416824,6.421400,
gain,calibration,8,8,26,556,1,none,1300000000.000000,2600000000.000000,1.000000,0,0,4.637991,1.009453,nan,1.000000,1.020629,0.020629,0.999838,7.445345,1.038666,1,FIT_QUALITY,40.152977,6.377571,
gain,calibration,8,8,27,557,1,none,1300000000.000000,2600000000.000000,1.000000,0,0,4.637991,1.009453,nan,1.000000,1.018112,0.018112,0.999799,8.543789,1.000925,1,FIT_QUALITY,39.986271,6.349879,
gain,calibration,8,8,28,558,1,none,1300000000.000000,2600000000.000000,1.000000,0,0,4.637991,1.009453,nan,1.000000,0.984964,-0.015036,0.999216,15.827016,1.174997,1,FIT_QUALITY,40.093166,6.367636,
gain,calibration,8,8,29,559,1,none,1300000000.000000,2600000000.000000,1.000000,0,0,4.637991,1.009453,nan,1.000000,0.972934,-0.027066,0.999061,17.334200,1.240553,1,NONE,40.669044,6.463297,
gain,calibration,8,8,30,560,1,none,1300000000.000000,2600000000.000000,1.000000,0,0,4.637991,1.009453,nan,1.000000,1.006727,0.006727,0.999749,10.866636,1.014695,1,FIT_QUALITY,41.218006,6.554486,
gain,verification,8,1,1,561,1,none,1300000000.000000,2600000000.000000,1.000000,0,0,4.637991,1.009453,nan,1.000000,0.944547,-0.055453,0.998012,24.219786,nan,0,not evaluated,39.977615,6.348442,
gain,verification,8,1,2,562,1,none,1300000000.000000,2600000000.000000,1.000000,0,0,4.637991,1.009453,nan,1.000000,0.968280,-0.031720,0.998982,17.708319,nan,0,not evaluated,40.537136,6.441385,
gain,verification,8,1,3,563,1,none,1300000000.000000,2600000000.000000,1.000000,0,0,4.637991,1.009453,nan,1.000000,1.015823,0.015823,0.999910,7.987839,nan,0,not evaluated,40.919304,6.504868,
gain,verification,8,1,4,564,1,none,1300000000.000000,2600000000.000000,1.000000,0,0,4.637991,1.009453,nan,1.000000,1.014637,0.014637,0.999888,6.903173,nan,0,not evaluated,40.218613,6.388474,
gain,verification,8,1,5,565,1,none,1300000000.000000,2600000000.000000,1.000000,0,0,4.637991,1.009453,nan,1.000000,1.026109,0.026109,0.999913,6.209165,nan,0,not evaluated,40.361050,6.412135,
gain,verification,8,1,6,566,1,none,1300000000.000000,2600000000.000000,1.000000,0,0,4.637991,1.009453,nan,1.000000,0.976890,-0.023110,0.999257,15.474914,nan,0,not evaluated,39.243431,6.226484,
gain,verification,8,1,7,567,1,none,1300000000.000000,2600000000.000000,1.000000,0,0,4.637991,1.009453,nan,1.000000,0.985406,-0.014594,0.999346,14.570548,nan,0,not evaluated,40.274288,6.397723,
gain,verification,8,1,8,568,1,none,1300000000.000000,2600000000.000000,1.000000,0,0,4.637991,1.009453,nan,1.000000,0.968025,-0.031975,0.998648,20.457434,nan,0,not evaluated,40.273354,6.397567,
gain,verification,8,1,9,569,1,none,1300000000.000000,2600000000.000000,1.000000,0,0,4.637991,1.009453,nan,1.000000,1.013817,0.013817,0.999905,7.311197,nan,0,not evaluated,40.690186,6.466808,
gain,verification,8,1,10,570,1,none,1300000000.000000,2600000000.000000,1.000000,0,0,4.637991,1.009453,nan,1.000000,1.018412,0.018412,0.999812,16.009356,nan,0,not evaluated,40.738094,6.474767,
gain,verification,8,1,11,571,1,none,1300000000.000000,2600000000.000000,1.000000,0,0,4.637991,1.009453,nan,1.000000,0.981523,-0.018477,0.999096,17.451025,nan,0,not evaluated,39.966156,6.346538,
gain,verification,8,1,12,572,1,none,1300000000.000000,2600000000.000000,1.000000,0,0,4.637991,1.009453,nan,1.000000,1.026164,0.026164,0.999900,12.983313,nan,0,not evaluated,40.653767,6.460759,
gain,verification,8,1,13,573,1,none,1300000000.000000,2600000000.000000,1.000000,0,0,4.637991,1.009453,nan,1.000000,1.022125,0.022125,0.999908,9.125540,nan,0,not evaluated,40.122639,6.372531,
gain,verification,8,1,14,574,1,none,1300000000.000000,2600000000.000000,1.000000,0,0,4.637991,1.009453,nan,1.000000,1.025684,0.025684,0.999918,7.181265,nan,0,not evaluated,40.080090,6.365464,
gain,verification,8,1,15,575,1,none,1300000000.000000,2600000000.000000,1.000000,0,0,4.637991,1.009453,nan,1.000000,0.988795,-0.011205,0.999550,12.050085,nan,0,not evaluated,40.520752,6.438663,
gain,verification,8,1,16,576,1,none,1300000000.000000,2600000000.000000,1.000000,0,0,4.637991,1.009453,nan,1.000000,1.001602,0.001602,0.999738,10.200324,nan,0,not evaluated,40.426388,6.422988,
gain,verification,8,1,17,577,1,none,1300000000.000000,2600000000.000000,1.000000,0,0,4.637991,1.009453,nan,1.000000,1.012748,0.012748,0.999754,9.747592,nan,0,not evaluated,41.360764,6.578200,
gain,verification,8,1,18,578,1,none,1300000000.000000,2600000000.000000,1.000000,0,0,4.637991,1.009453,nan,1.000000,1.016189,0.016189,0.999808,12.848852,nan,0,not evaluated,40.637733,6.458096,
gain,verification,8,1,19,579,1,none,1300000000.000000,2600000000.000000,1.000000,0,0,4.637991,1.009453,nan,1.000000,1.011246,0.011246,0.999865,11.411104,nan,0,not evaluated,40.109287,6.370314,
gain,verification,8,1,20,580,1,none,1300000000.000000,2600000000.000000,1.000000,0,0,4.637991,1.009453,nan,1.000000,1.013145,0.013145,0.999758,9.341989,nan,0,not evaluated,40.331451,6.407218,
gain,verification,8,1,21,581,1,none,1300000000.000000,2600000000.000000,1.000000,0,0,4.637991,1.009453,nan,1.000000,0.951455,-0.048545,0.997897,26.262156,nan,0,not evaluated,39.660183,6.295712,
gain,verification,8,1,22,582,1,none,1300000000.000000,2600000000.000000,1.000000,0,0,4.637991,1.009453,nan,1.000000,1.018398,0.018398,0.999895,6.835105,nan,0,not evaluated,41.187618,6.549438,
gain,verification,8,1,23,583,1,none,1300000000.000000,2600000000.000000,1.000000,0,0,4.637991,1.009453,nan,1.000000,1.026542,0.026542,0.999927,5.837837,nan,0,not evaluated,41.149769,6.543151,
gain,verification,8,1,24,584,1,none,1300000000.000000,2600000000.000000,1.000000,0,0,4.637991,1.009453,nan,1.000000,1.013164,0.013164,0.999774,10.154569,nan,0,not evaluated,40.239185,6.391891,
gain,verification,8,1,25,585,1,none,1300000000.000000,2600000000.000000,1.000000,0,0,4.637991,1.009453,nan,1.000000,1.011626,0.011626,0.999838,9.837756,nan,0,not evaluated,40.093338,6.367664,
gain,verification,8,1,26,586,1,none,1300000000.000000,2600000000.000000,1.000000,0,0,4.637991,1.009453,nan,1.000000,1.007604,0.007604,0.999661,10.651902,nan,0,not evaluated,39.833237,6.324458,
gain,verification,8,1,27,587,1,none,1300000000.000000,2600000000.000000,1.000000,0,0,4.637991,1.009453,nan,1.000000,0.955982,-0.044018,0.998319,22.755312,nan,0,not evaluated,39.866863,6.330044,
gain,verification,8,1,28,588,1,none,1300000000.000000,2600000000.000000,1.000000,0,0,4.637991,1.009453,nan,1.000000,1.013830,0.013830,0.999808,8.166493,nan,0,not evaluated,40.016937,6.354973,
gain,verification,8,1,29,589,1,none,1300000000.000000,2600000000.000000,1.000000,0,0,4.637991,1.009453,nan,1.000000,1.013651,0.013651,0.999822,13.342530,nan,0,not evaluated,40.153023,6.377579,
gain,verification,8,1,30,590,1,none,1300000000.000000,2600000000.000000,1.000000,0,0,4.637991,1.009453,nan,1.000000,1.013917,0.013917,0.999845,8.483111,nan,0,not evaluated,40.993610,6.517211,
