stage,capture_phase,iteration,capture_group_index,capture_index,global_capture_index,accepted,rejection_reason,physical_adc_rate_hz,configured_dac_rate_hz,reference_rate_compensation,channel,canonical_phase,delay_register_active,offset_correction_active_codes,gain_correction_active,active_polarity,primary_valid,primary_rejection_reason,raw_phase_difference_rad,polarity_hypothesis,applied_phase_adjustment_rad,corrected_phase_difference_rad,measured_skew_samples,measured_skew_ps,tone_A_frequency_hz,tone_B_frequency_hz,tone_A_amplitude,tone_B_amplitude,tone_A_correlation,tone_B_correlation,tone_A_rmse,tone_B_rmse,dither_A_valid,dither_B_valid,dither_skew_valid,dither_skew_samples,dither_skew_ps,tone_dither_disagreement_samples,tone_dither_disagreement_ps,tone_A_sndr_db,tone_A_enob_bits,tone_B_sndr_db,tone_B_enob_bits,dither_reason,dither_rising_skew_ps,dither_falling_skew_ps,dither_edge_disagreement_ps
skew,closed_loop_initial_baseline,0,1,1,561,1,none,1300000000.000000,2600000000.000000,1.000000,1,1,24,-10.218613,1.003976,-1.000000,1,none,3.033993,-1,-3.141593,-0.107600,-0.074364,-57.202721,299374999.833887,299374999.833887,572.855196,569.014752,0.999890,0.999890,5.999790,5.977504,1,1,0,nan,nan,nan,nan,36.587876,5.785362,36.561772,5.781025,edge estimates disagree,230.468301,-105.886129,336.354430,
skew,closed_loop_initial_baseline,0,1,2,562,1,none,1300000000.000000,2600000000.000000,1.000000,1,1,24,-10.218613,1.003976,-1.000000,1,none,3.048151,-1,-3.141593,-0.093441,-0.064578,-49.675745,299374999.833887,299374999.833887,568.676634,572.311612,0.999961,0.999964,3.564619,3.431249,1,1,0,nan,nan,nan,nan,41.046746,6.526038,41.433307,6.590250,edge estimates disagree,315.057314,-500.883595,815.940908,
skew,closed_loop_initial_baseline,0,1,3,563,1,none,1300000000.000000,2600000000.000000,1.000000,1,1,24,-10.218613,1.003976,-1.000000,1,none,3.043246,-1,-3.141593,-0.098347,-0.067968,-52.283419,299374999.833887,299374999.833887,570.168828,571.339349,0.999926,0.999931,4.920906,4.747166,1,1,0,nan,nan,nan,nan,38.268867,6.064596,38.598895,6.119418,edge estimates disagree,132.657003,-144.825911,277.482915,
skew,closed_loop_initial_baseline,0,1,4,564,1,none,1300000000.000000,2600000000.000000,1.000000,1,1,24,-10.218613,1.003976,-1.000000,1,none,3.030617,-1,-3.141593,-0.110976,-0.076697,-58.997360,299374999.833887,299374999.833887,573.719079,568.790322,0.999955,0.999947,3.860651,4.141049,1,1,0,nan,nan,nan,nan,40.430475,6.423667,39.746536,6.310056,edge estimates disagree,194.855007,133.669517,61.185490,
skew,closed_loop_initial_baseline,0,1,5,565,1,none,1300000000.000000,2600000000.000000,1.000000,1,1,24,-10.218613,1.003976,-1.000000,1,none,2.993844,-1,-3.141593,-0.147749,-0.102111,-78.546761,299374999.833887,299374999.833887,579.401112,562.401303,0.999941,0.999932,4.448029,4.626948,1,1,0,nan,nan,nan,nan,39.285934,6.233544,38.684735,6.133677,edge estimates disagree,248.559190,-488.794962,737.354152,
skew,closed_loop_initial_baseline,0,1,6,566,1,none,1300000000.000000,2600000000.000000,1.000000,1,1,24,-10.218613,1.003976,-1.000000,1,none,2.992133,-1,-3.141593,-0.149459,-0.103293,-79.456143,299374999.833887,299374999.833887,579.531239,562.039868,0.999967,0.999963,3.331872,3.431336,1,1,0,nan,nan,nan,nan,41.797470,6.650743,41.275778,6.564083,edge estimates disagree,521.362014,-342.306848,863.668862,
skew,closed_loop_initial_baseline,0,1,7,567,1,none,1300000000.000000,2600000000.000000,1.000000,1,1,24,-10.218613,1.003976,-1.000000,1,none,3.038807,-1,-3.141593,-0.102786,-0.071037,-54.643548,299374999.833887,299374999.833887,571.737230,569.956966,0.999876,0.999887,6.377925,6.068419,1,1,0,nan,nan,nan,nan,36.040042,5.694359,36.445030,5.761633,edge estimates disagree,427.309569,-166.170512,593.480081,
skew,closed_loop_initial_baseline,0,1,8,568,1,none,1300000000.000000,2600000000.000000,1.000000,1,1,24,-10.218613,1.003976,-1.000000,1,none,3.056209,-1,-3.141593,-0.085383,-0.059009,-45.391758,299374999.833887,299374999.833887,564.788751,574.340153,0.999954,0.999953,3.830116,3.930119,1,1,0,nan,nan,nan,nan,40.363183,6.412489,40.284970,6.399497,corrected tone and dither skew estimates disagree,26.098213,43.197889,17.099676,
skew,closed_loop_initial_baseline,0,1,9,569,1,none,1300000000.000000,2600000000.000000,1.000000,1,1,24,-10.218613,1.003976,-1.000000,1,none,3.055520,-1,-3.141593,-0.086072,-0.059485,-45.758066,299374999.833887,299374999.833887,565.393215,573.951485,0.999951,0.999948,3.972007,4.147622,0,0,0,nan,nan,nan,nan,40.056513,6.361547,39.811221,6.320801,POLARITY,nan,nan,nan,
skew,closed_loop_initial_baseline,0,1,10,570,1,none,1300000000.000000,2600000000.000000,1.000000,1,1,24,-10.218613,1.003976,-1.000000,1,none,2.999314,-1,-3.141593,-0.142279,-0.098330,-75.638821,299374999.833887,299374999.833887,578.778873,563.238707,0.999936,0.999926,4.641668,4.860417,1,1,0,nan,nan,nan,nan,38.906472,6.170510,38.270079,6.064797,skew outside supported linear range,147.708510,-594.485204,742.193713,
skew,actuator_characterization_baseline,0,2,1,571,1,none,1300000000.000000,2600000000.000000,1.000000,1,1,24,-10.218613,1.003976,-1.000000,1,none,3.055506,-1,-3.141593,-0.086087,-0.059496,-45.765989,299374999.833887,299374999.833887,564.920225,574.447201,0.999960,0.999961,3.582116,3.587489,0,0,0,nan,nan,nan,nan,40.946650,6.509410,41.078891,6.531377,POLARITY,nan,nan,nan,
skew,actuator_characterization_baseline,0,2,2,572,1,none,1300000000.000000,2600000000.000000,1.000000,1,1,24,-10.218613,1.003976,-1.000000,1,none,3.054008,-1,-3.141593,-0.087585,-0.060531,-46.562156,299374999.833887,299374999.833887,566.195660,573.735552,0.999925,0.999927,4.898653,4.910663,1,1,0,nan,nan,nan,nan,38.247498,6.061046,38.341133,6.076600,edge estimates disagree,255.002396,68.207554,186.794842,
skew,actuator_characterization_baseline,0,2,3,573,1,none,1300000000.000000,2600000000.000000,1.000000,1,1,24,-10.218613,1.003976,-1.000000,1,none,3.016954,-1,-3.141593,-0.124639,-0.086139,-66.260824,299374999.833887,299374999.833887,576.139269,565.970861,0.999906,0.999900,5.581584,5.661014,1,1,0,nan,nan,nan,nan,37.265100,5.897857,36.987697,5.851777,edge estimates disagree,44.184894,-144.186697,188.371591,
skew,actuator_characterization_baseline,0,2,4,574,1,none,1300000000.000000,2600000000.000000,1.000000,1,1,24,-10.218613,1.003976,-1.000000,1,none,3.055373,-1,-3.141593,-0.086219,-0.059587,-45.836206,299374999.833887,299374999.833887,565.080763,574.547845,0.999917,0.999937,5.157606,4.554601,1,1,0,nan,nan,nan,nan,37.782947,5.983878,39.007217,6.187245,edge estimates disagree,283.355146,-223.116743,506.471889,
skew,actuator_characterization_baseline,0,2,5,575,1,none,1300000000.000000,2600000000.000000,1.000000,1,1,24,-10.218613,1.003976,-1.000000,1,none,3.017374,-1,-3.141593,-0.124219,-0.085849,-66.037691,299374999.833887,299374999.833887,576.173211,566.150872,0.999963,0.999961,3.528472,3.530027,1,1,0,nan,nan,nan,nan,41.249029,6.559639,41.092784,6.533685,edge estimates disagree,359.692250,-315.681575,675.373825,
skew,actuator_characterization_baseline,0,2,6,576,1,none,1300000000.000000,2600000000.000000,1.000000,1,1,24,-10.218613,1.003976,-1.000000,1,none,3.017366,-1,-3.141593,-0.124226,-0.085854,-66.041761,299374999.833887,299374999.833887,575.947713,566.218827,0.999963,0.999958,3.498178,3.690992,1,1,0,nan,nan,nan,nan,41.320522,6.571515,40.706524,6.469522,edge estimates disagree,12.011798,-98.711622,110.723421,
skew,actuator_characterization_baseline,0,2,7,577,1,none,1300000000.000000,2600000000.000000,1.000000,1,1,24,-10.218613,1.003976,-1.000000,1,none,2.989468,-1,-3.141593,-0.152125,-0.105135,-80.873244,299374999.833887,299374999.833887,579.965301,561.729517,0.999951,0.999955,4.061873,3.769399,0,0,0,nan,nan,nan,nan,40.083214,6.365982,40.454803,6.427708,POLARITY,nan,nan,nan,
skew,actuator_characterization_baseline,0,2,8,578,1,none,1300000000.000000,2600000000.000000,1.000000,1,1,24,-10.218613,1.003976,-1.000000,1,none,3.052497,-1,-3.141593,-0.089096,-0.061575,-47.365350,299374999.833887,299374999.833887,566.896218,573.552268,0.999960,0.999966,3.601543,3.324588,0,0,0,nan,nan,nan,nan,40.929999,6.506644,41.726402,6.638937,POLARITY,nan,nan,nan,
skew,actuator_characterization_baseline,0,2,9,579,1,none,1300000000.000000,2600000000.000000,1.000000,1,1,24,-10.218613,1.003976,-1.000000,1,none,3.056032,-1,-3.141593,-0.085561,-0.059132,-45.486038,299374999.833887,299374999.833887,565.204698,574.563628,0.999942,0.999947,4.302507,4.189259,1,1,0,nan,nan,nan,nan,39.359384,6.245745,39.733719,6.307927,edge estimates disagree,-23.549538,-254.358114,230.808576,
skew,actuator_characterization_baseline,0,2,10,580,1,none,1300000000.000000,2600000000.000000,1.000000,1,1,24,-10.218613,1.003976,-1.000000,1,none,3.032007,-1,-3.141593,-0.109586,-0.075736,-58.258285,299374999.833887,299374999.833887,573.260003,568.880128,0.999965,0.999965,3.381610,3.341792,1,1,0,nan,nan,nan,nan,41.574262,6.613665,41.610526,6.619689,skew outside supported linear range,218.607661,434.567100,215.959439,
skew,actuator_characterization_after,0,3,1,581,1,none,1300000000.000000,2600000000.000000,1.000000,1,1,25,-10.218613,1.003976,-1.000000,1,none,3.025481,-1,-3.141593,-0.116111,-0.080246,-61.727554,299374999.833887,299374999.833887,578.382349,567.098944,0.999963,0.999958,3.513158,3.684294,1,1,0,nan,nan,nan,nan,41.320046,6.571436,40.735791,6.474384,skew outside supported linear range,569.071086,330.245276,238.825810,
skew,actuator_characterization_after,0,3,2,582,1,none,1300000000.000000,2600000000.000000,1.000000,1,1,25,-10.218613,1.003976,-1.000000,1,none,3.010638,-1,-3.141593,-0.130954,-0.090504,-69.618553,299374999.833887,299374999.833887,580.371632,564.872594,0.999962,0.999962,3.573534,3.463948,1,1,0,nan,nan,nan,nan,41.201866,6.551805,41.237283,6.557688,skew outside supported linear range,-506.169747,-723.236155,217.066409,
skew,actuator_characterization_after,0,3,3,583,1,none,1300000000.000000,2600000000.000000,1.000000,1,1,25,-10.218613,1.003976,-1.000000,1,none,3.061163,-1,-3.141593,-0.080430,-0.055586,-42.758402,299374999.833887,299374999.833887,570.561982,573.912534,0.999865,0.999864,6.623052,6.690096,1,1,0,nan,nan,nan,nan,35.694594,5.636976,35.657967,5.630891,edge estimates disagree,188.553396,-261.814406,450.367801,
skew,actuator_characterization_after,0,3,4,584,1,none,1300000000.000000,2600000000.000000,1.000000,1,1,25,-10.218613,1.003976,-1.000000,1,none,3.060864,-1,-3.141593,-0.080729,-0.055793,-42.917419,299374999.833887,299374999.833887,570.209068,573.696723,0.999880,0.999885,6.255640,6.161004,1,1,0,nan,nan,nan,nan,36.184947,5.718430,36.370318,5.749222,edge estimates disagree,319.959762,-410.236703,730.196465,
skew,actuator_characterization_after,0,3,5,585,1,none,1300000000.000000,2600000000.000000,1.000000,1,1,25,-10.218613,1.003976,-1.000000,1,none,3.008437,-1,-3.141593,-0.133155,-0.092025,-70.788601,299374999.833887,299374999.833887,580.683439,564.254502,0.999835,0.999828,7.466035,7.387668,1,1,0,nan,nan,nan,nan,34.806688,5.489483,34.649053,5.463298,skew outside supported linear range,-55.411490,-337.422820,282.011330,
skew,actuator_characterization_after,0,3,6,586,1,none,1300000000.000000,2600000000.000000,1.000000,1,1,25,-10.218613,1.003976,-1.000000,1,none,3.017743,-1,-3.141593,-0.123849,-0.085594,-65.841359,299374999.833887,299374999.833887,579.758982,565.838410,0.999890,0.999883,6.083874,6.131499,1,1,0,nan,nan,nan,nan,36.571045,5.782566,36.292215,5.736248,edge estimates disagree,266.261587,-408.418673,674.680260,
skew,actuator_characterization_after,0,3,7,587,1,none,1300000000.000000,2600000000.000000,1.000000,1,1,25,-10.218613,1.003976,-1.000000,1,none,3.024503,-1,-3.141593,-0.117090,-0.080922,-62.247738,299374999.833887,299374999.833887,578.518825,566.885206,0.999963,0.999963,3.513646,3.432043,1,1,0,nan,nan,nan,nan,41.320889,6.571576,41.348547,6.576171,edge estimates disagree,401.438621,-478.032525,879.471147,
skew,actuator_characterization_after,0,3,8,588,1,none,1300000000.000000,2600000000.000000,1.000000,1,1,25,-10.218613,1.003976,-1.000000,1,none,3.018334,-1,-3.141593,-0.123259,-0.085186,-65.527502,299374999.833887,299374999.833887,579.522884,565.598610,0.999917,0.999920,5.267059,5.042510,1,1,0,nan,nan,nan,nan,37.819748,5.989991,37.986932,6.017763,edge estimates disagree,-160.919691,-218.133359,57.213668,
skew,actuator_characterization_after,0,3,9,589,1,none,1300000000.000000,2600000000.000000,1.000000,1,1,25,-10.218613,1.003976,-1.000000,1,none,3.067195,-1,-3.141593,-0.074398,-0.051417,-39.551564,299374999.833887,299374999.833887,567.897210,575.292090,0.999956,0.999963,3.756429,3.514597,1,1,0,nan,nan,nan,nan,40.579591,6.448437,41.269959,6.563116,edge estimates disagree,292.743181,-388.760115,681.503296,
skew,actuator_characterization_after,0,3,10,590,1,none,1300000000.000000,2600000000.000000,1.000000,1,1,25,-10.218613,1.003976,-1.000000,1,none,3.019373,-1,-3.141593,-0.122220,-0.084468,-64.975070,299374999.833887,299374999.833887,579.213913,566.016069,0.999950,0.999951,4.089023,3.966315,1,1,0,nan,nan,nan,nan,40.014088,6.354500,40.078532,6.365205,edge estimates disagree,50.023338,341.309667,291.286329,
skew,actuator_characterization_baseline,0,4,1,591,1,none,1300000000.000000,2600000000.000000,1.000000,1,1,24,-10.218613,1.003976,-1.000000,1,none,2.988611,-1,-3.141593,-0.152982,-0.105727,-81.328728,299374999.833887,299374999.833887,580.225986,561.483361,0.999960,0.999951,3.680644,3.937763,1,1,0,nan,nan,nan,nan,40.943168,6.508832,40.071447,6.364028,edge estimates disagree,-137.515264,-68.608959,68.906305,
skew,actuator_characterization_baseline,0,4,2,592,1,none,1300000000.000000,2600000000.000000,1.000000,1,1,24,-10.218613,1.003976,-1.000000,1,none,3.041846,-1,-3.141593,-0.099746,-0.068936,-53.027458,299374999.833887,299374999.833887,570.519498,570.586853,0.999961,0.999965,3.567817,3.369863,1,1,0,nan,nan,nan,nan,41.067059,6.529412,41.563889,6.611942,edge estimates disagree,273.084341,-687.129307,960.213647,
skew,actuator_characterization_baseline,0,4,3,593,1,none,1300000000.000000,2600000000.000000,1.000000,1,1,24,-10.218613,1.003976,-1.000000,1,none,3.055661,-1,-3.141593,-0.085932,-0.059389,-45.683523,299374999.833887,299374999.833887,565.138359,574.284626,0.999943,0.999954,4.252610,3.880123,1,1,0,nan,nan,nan,nan,39.459685,6.262406,40.395334,6.417830,skew outside supported linear range,-189.093795,-386.931351,197.837557,
skew,actuator_characterization_baseline,0,4,4,594,1,none,1300000000.000000,2600000000.000000,1.000000,1,1,24,-10.218613,1.003976,-1.000000,1,none,3.004828,-1,-3.141593,-0.136765,-0.094520,-72.707566,299374999.833887,299374999.833887,577.901554,564.043667,0.999907,0.999909,5.566180,5.367866,1,1,0,nan,nan,nan,nan,37.315632,5.906251,37.419921,5.923575,skew outside supported linear range,425.421738,50.185722,375.236016,
skew,actuator_characterization_baseline,0,4,5,595,1,none,1300000000.000000,2600000000.000000,1.000000,1,1,24,-10.218613,1.003976,-1.000000,1,none,3.012515,-1,-3.141593,-0.129077,-0.089207,-68.620597,299374999.833887,299374999.833887,576.619836,565.292237,0.999848,0.999855,7.112608,6.800550,1,1,0,nan,nan,nan,nan,35.166914,5.549321,35.384280,5.585429,edge estimates disagree,431.322144,-465.264639,896.586783,
skew,actuator_characterization_baseline,0,4,6,596,1,none,1300000000.000000,2600000000.000000,1.000000,1,1,24,-10.218613,1.003976,-1.000000,1,none,2.995975,-1,-3.141593,-0.145618,-0.100638,-77.413782,299374999.833887,299374999.833887,578.994396,562.809207,0.999955,0.999953,3.895887,3.871298,1,1,0,nan,nan,nan,nan,40.431060,6.423764,40.239791,6.391992,edge estimates disagree,365.187183,-512.143193,877.330376,
skew,actuator_characterization_baseline,0,4,7,597,1,none,1300000000.000000,2600000000.000000,1.000000,1,1,24,-10.218613,1.003976,-1.000000,1,none,2.988728,-1,-3.141593,-0.152865,-0.105647,-81.266595,299374999.833887,299374999.833887,579.822650,561.550061,0.999938,0.999945,4.568074,4.155825,1,1,0,nan,nan,nan,nan,39.060942,6.196170,39.604324,6.286432,edge estimates disagree,291.603377,-118.489997,410.093374,
skew,actuator_characterization_baseline,0,4,8,598,1,none,1300000000.000000,2600000000.000000,1.000000,1,1,24,-10.218613,1.003976,-1.000000,1,none,3.034482,-1,-3.141593,-0.107111,-0.074026,-56.942842,299374999.833887,299374999.833887,572.822820,569.375261,0.999930,0.999924,4.800009,4.968284,1,1,0,nan,nan,nan,nan,38.525265,6.107187,38.173544,6.048761,edge estimates disagree,383.274898,-560.975668,944.250566,
skew,actuator_characterization_baseline,0,4,9,599,1,none,1300000000.000000,2600000000.000000,1.000000,1,1,24,-10.218613,1.003976,-1.000000,1,none,2.987534,-1,-3.141593,-0.154058,-0.106471,-81.901078,299374999.833887,299374999.833887,579.931975,561.340644,0.999968,0.999965,3.291734,3.310392,1,1,0,nan,nan,nan,nan,41.908747,6.669227,41.576641,6.614060,edge estimates disagree,732.578091,-622.629659,1355.207751,
skew,actuator_characterization_baseline,0,4,10,600,1,none,1300000000.000000,2600000000.000000,1.000000,1,1,24,-10.218613,1.003976,-1.000000,1,none,3.047323,-1,-3.141593,-0.094270,-0.065151,-50.116226,299374999.833887,299374999.833887,568.573740,572.068780,0.999952,0.999953,3.926320,3.911924,1,1,0,nan,nan,nan,nan,40.205722,6.386332,40.290856,6.400474,edge estimates disagree,565.333795,-304.959006,870.292801,
skew,actuator_characterization_repeat,0,5,1,601,1,none,1300000000.000000,2600000000.000000,1.000000,1,1,25,-10.218613,1.003976,-1.000000,1,none,3.057563,-1,-3.141593,-0.084029,-0.058074,-44.672086,299374999.833887,299374999.833887,571.178559,572.876992,0.999951,0.999956,3.981481,3.807290,1,1,0,nan,nan,nan,nan,40.124245,6.372798,40.538608,6.441629,edge estimates disagree,49.373607,-119.317150,168.690757,
skew,actuator_characterization_repeat,0,5,2,602,1,none,1300000000.000000,2600000000.000000,1.000000,1,1,25,-10.218613,1.003976,-1.000000,1,none,3.063031,-1,-3.141593,-0.078562,-0.054295,-41.765222,299374999.833887,299374999.833887,569.306834,574.279768,0.999963,0.999968,3.449587,3.254396,1,1,0,nan,nan,nan,nan,41.341285,6.574964,41.922762,6.671555,edge estimates disagree,70.323496,-366.495897,436.819393,
skew,actuator_characterization_repeat,0,5,3,603,1,none,1300000000.000000,2600000000.000000,1.000000,1,1,25,-10.218613,1.003976,-1.000000,1,none,3.063281,-1,-3.141593,-0.078312,-0.054122,-41.632535,299374999.833887,299374999.833887,569.930354,574.311498,0.999933,0.999938,4.676718,4.528069,1,1,0,nan,nan,nan,nan,38.707312,6.137427,39.054391,6.195081,skew outside supported linear range,222.686504,234.693968,12.007463,
skew,actuator_characterization_repeat,0,5,4,604,1,none,1300000000.000000,2600000000.000000,1.000000,1,1,25,-10.218613,1.003976,-1.000000,1,none,3.069480,-1,-3.141593,-0.072113,-0.049838,-38.336934,299374999.833887,299374999.833887,566.704905,575.844242,0.999965,0.999968,3.352333,3.248780,1,1,0,nan,nan,nan,nan,41.549897,6.609617,41.961395,6.677973,edge estimates disagree,602.081087,-598.142448,1200.223536,
skew,actuator_characterization_repeat,0,5,5,605,1,none,1300000000.000000,2600000000.000000,1.000000,1,1,25,-10.218613,1.003976,-1.000000,1,none,3.068958,-1,-3.141593,-0.072634,-0.050198,-38.614181,299374999.833887,299374999.833887,566.926647,575.591818,0.999962,0.999963,3.504767,3.480233,0,0,0,nan,nan,nan,nan,41.167054,6.546022,41.359826,6.578044,POLARITY,nan,nan,nan,
skew,actuator_characterization_repeat,0,5,6,606,1,none,1300000000.000000,2600000000.000000,1.000000,1,1,25,-10.218613,1.003976,-1.000000,1,none,3.012066,-1,-3.141593,-0.129527,-0.089517,-68.859407,299374999.833887,299374999.833887,580.371643,564.533265,0.999916,0.999908,5.324171,5.422254,1,1,0,nan,nan,nan,nan,37.738783,5.976542,37.339894,5.910281,skew outside supported linear range,131.900614,249.413067,117.512453,
skew,actuator_characterization_repeat,0,5,7,607,1,none,1300000000.000000,2600000000.000000,1.000000,1,1,25,-10.218613,1.003976,-1.000000,1,none,3.067167,-1,-3.141593,-0.074426,-0.051436,-39.566401,299374999.833887,299374999.833887,568.060410,574.978284,0.999931,0.999943,4.728024,4.325341,1,1,0,nan,nan,nan,nan,38.583997,6.116943,39.462321,6.262844,edge estimates disagree,-78.008238,-204.315620,126.307382,
skew,actuator_characterization_repeat,0,5,8,608,1,none,1300000000.000000,2600000000.000000,1.000000,1,1,25,-10.218613,1.003976,-1.000000,1,none,3.064534,-1,-3.141593,-0.077059,-0.053256,-40.966365,299374999.833887,299374999.833887,569.231581,574.646804,0.999920,0.999911,5.088852,5.431440,1,1,0,nan,nan,nan,nan,37.963084,6.013801,37.479420,5.933458,edge estimates disagree,614.548171,-434.498326,1049.046497,
skew,actuator_characterization_repeat,0,5,9,609,1,none,1300000000.000000,2600000000.000000,1.000000,1,1,25,-10.218613,1.003976,-1.000000,1,none,3.022255,-1,-3.141593,-0.119337,-0.082475,-63.442552,299374999.833887,299374999.833887,579.055152,566.515658,0.999930,0.999931,4.850239,4.715450,1,1,0,nan,nan,nan,nan,38.528836,6.107780,38.583475,6.116856,edge estimates disagree,152.055588,71.020210,81.035378,
skew,actuator_characterization_repeat,0,5,10,610,1,none,1300000000.000000,2600000000.000000,1.000000,1,1,25,-10.218613,1.003976,-1.000000,1,none,3.067198,-1,-3.141593,-0.074395,-0.051415,-39.550201,299374999.833887,299374999.833887,568.198467,575.341442,0.999966,0.999968,3.323212,3.268475,1,1,0,nan,nan,nan,nan,41.648541,6.626003,41.901309,6.667992,edge estimates disagree,402.481238,-79.402854,481.884091,
skew,actuator_characterization_baseline,0,6,1,611,1,none,1300000000.000000,2600000000.000000,1.000000,1,1,24,-10.218613,1.003976,-1.000000,1,none,2.999124,-1,-3.141593,-0.142468,-0.098462,-75.739627,299374999.833887,299374999.833887,578.725001,563.143602,0.999948,0.999943,4.154319,4.256541,0,0,0,nan,nan,nan,nan,39.869148,6.330423,39.420946,6.255971,POLARITY,nan,nan,nan,
skew,actuator_characterization_baseline,0,6,2,612,1,none,1300000000.000000,2600000000.000000,1.000000,1,1,24,-10.218613,1.003976,-1.000000,1,none,2.986531,-1,-3.141593,-0.155062,-0.107165,-82.434517,299374999.833887,299374999.833887,580.500507,561.491587,0.999878,0.999869,6.423181,6.433691,1,1,0,nan,nan,nan,nan,36.110749,5.706105,35.807361,5.655708,edge estimates disagree,275.713941,-205.538717,481.252658,
skew,actuator_characterization_baseline,0,6,3,613,1,none,1300000000.000000,2600000000.000000,1.000000,1,1,24,-10.218613,1.003976,-1.000000,1,none,3.011373,-1,-3.141593,-0.130219,-0.089996,-69.227730,299374999.833887,299374999.833887,577.374852,565.220666,0.999962,0.999961,3.580146,3.515984,1,1,0,nan,nan,nan,nan,41.140843,6.541668,41.113122,6.537064,edge estimates disagree,-508.822489,314.140480,822.962968,
skew,actuator_characterization_baseline,0,6,4,614,1,none,1300000000.000000,2600000000.000000,1.000000,1,1,24,-10.218613,1.003976,-1.000000,1,none,3.050508,-1,-3.141593,-0.091085,-0.062950,-48.423010,299374999.833887,299374999.833887,567.545105,572.920187,0.999943,0.999953,4.298813,3.910790,1,1,0,nan,nan,nan,nan,39.402737,6.252946,40.306294,6.403039,edge estimates disagree,-182.150264,227.349521,409.499785,
skew,actuator_characterization_baseline,0,6,5,615,1,none,1300000000.000000,2600000000.000000,1.000000,1,1,24,-10.218613,1.003976,-1.000000,1,none,3.052425,-1,-3.141593,-0.089168,-0.061625,-47.403907,299374999.833887,299374999.833887,566.465387,573.525248,0.999931,0.999936,4.707230,4.598500,1,1,0,nan,nan,nan,nan,38.597860,6.119246,38.908427,6.170835,skew outside supported linear range,4.058539,-757.928155,761.986694,
skew,actuator_characterization_baseline,0,6,6,616,1,none,1300000000.000000,2600000000.000000,1.000000,1,1,24,-10.218613,1.003976,-1.000000,1,none,3.051756,-1,-3.141593,-0.089836,-0.062087,-47.759225,299374999.833887,299374999.833887,566.672042,573.495517,0.999932,0.999936,4.676146,4.590164,1,1,0,nan,nan,nan,nan,38.658575,6.129331,38.923736,6.173378,skew outside supported linear range,-65.432919,-313.404750,247.971831,
skew,actuator_characterization_baseline,0,6,7,617,1,none,1300000000.000000,2600000000.000000,1.000000,1,1,24,-10.218613,1.003976,-1.000000,1,none,3.041227,-1,-3.141593,-0.100366,-0.069364,-53.356821,299374999.833887,299374999.833887,570.816561,571.159286,0.999966,0.999960,3.316785,3.607040,0,0,0,nan,nan,nan,nan,41.705285,6.635429,40.981826,6.515254,POLARITY,nan,nan,nan,
skew,actuator_characterization_baseline,0,6,8,618,1,none,1300000000.000000,2600000000.000000,1.000000,1,1,24,-10.218613,1.003976,-1.000000,1,none,3.017103,-1,-3.141593,-0.124490,-0.086036,-66.181868,299374999.833887,299374999.833887,575.920239,565.979847,0.999926,0.999915,4.943536,5.229333,1,1,0,nan,nan,nan,nan,38.316192,6.072457,37.676793,5.966245,edge estimates disagree,248.158264,40.508316,207.649948,
skew,actuator_characterization_baseline,0,6,9,619,1,none,1300000000.000000,2600000000.000000,1.000000,1,1,24,-10.218613,1.003976,-1.000000,1,none,3.042450,-1,-3.141593,-0.099143,-0.068519,-52.706785,299374999.833887,299374999.833887,570.662175,571.166770,0.999962,0.999960,3.509193,3.613455,1,1,0,nan,nan,nan,nan,41.213136,6.553677,40.966506,6.512709,skew outside supported linear range,398.550187,30.307253,368.242934,
skew,actuator_characterization_baseline,0,6,10,620,1,none,1300000000.000000,2600000000.000000,1.000000,1,1,24,-10.218613,1.003976,-1.000000,1,none,2.993819,-1,-3.141593,-0.147774,-0.102128,-78.559970,299374999.833887,299374999.833887,579.482179,562.470150,0.999910,0.999903,5.490304,5.529570,1,1,0,nan,nan,nan,nan,37.458575,5.929996,37.137862,5.876721,edge estimates disagree,14.665816,-279.123889,293.789705,
skew,actuator_characterization_after,0,7,1,621,1,none,1300000000.000000,2600000000.000000,1.000000,1,1,26,-10.218613,1.003976,-1.000000,1,none,3.062305,-1,-3.141593,-0.079288,-0.054797,-42.151328,299374999.833887,299374999.833887,575.644346,573.417454,0.999965,0.999959,3.402548,3.658166,1,1,0,nan,nan,nan,nan,41.556699,6.610747,40.893851,6.500640,skew outside supported linear range,975.370929,-460.231883,1435.602812,
skew,actuator_characterization_after,0,7,2,622,1,none,1300000000.000000,2600000000.000000,1.000000,1,1,26,-10.218613,1.003976,-1.000000,1,none,3.028880,-1,-3.141593,-0.112713,-0.077897,-59.920795,299374999.833887,299374999.833887,581.117484,567.252017,0.999923,0.999928,5.101194,4.817981,1,1,0,nan,nan,nan,nan,38.121541,6.040123,38.407920,6.087694,skew outside supported linear range,236.157611,159.372797,76.784814,
skew,actuator_characterization_after,0,7,3,623,1,none,1300000000.000000,2600000000.000000,1.000000,1,1,26,-10.218613,1.003976,-1.000000,1,none,3.022798,-1,-3.141593,-0.118794,-0.082100,-63.153994,299374999.833887,299374999.833887,581.815535,566.300421,0.999894,0.999889,5.996215,5.958712,1,1,0,nan,nan,nan,nan,36.727863,5.808615,36.547589,5.778669,edge estimates disagree,21.677859,-124.266486,145.944344,
skew,actuator_characterization_after,0,7,4,624,1,none,1300000000.000000,2600000000.000000,1.000000,1,1,26,-10.218613,1.003976,-1.000000,1,none,3.080059,-1,-3.141593,-0.061534,-0.042527,-32.713019,299374999.833887,299374999.833887,569.334471,576.839188,0.999910,0.999912,5.406661,5.425497,1,1,0,nan,nan,nan,nan,37.438467,5.926656,37.522004,5.940532,skew outside supported linear range,-108.844574,-339.076090,230.231515,
skew,actuator_characterization_after,0,7,5,625,1,none,1300000000.000000,2600000000.000000,1.000000,1,1,26,-10.218613,1.003976,-1.000000,1,none,3.037239,-1,-3.141593,-0.104354,-0.072120,-55.477064,299374999.833887,299374999.833887,579.956561,569.187885,0.999905,0.999909,5.649981,5.433373,1,1,0,nan,nan,nan,nan,37.216669,5.889812,37.393423,5.919173,edge estimates disagree,426.272682,-127.540154,553.812837,
skew,actuator_characterization_after,0,7,6,626,1,none,1300000000.000000,2600000000.000000,1.000000,1,1,26,-10.218613,1.003976,-1.000000,1,none,3.068341,-1,-3.141593,-0.073252,-0.050625,-38.942361,299374999.833887,299374999.833887,573.820543,574.785984,0.999963,0.999960,3.491421,3.648189,1,1,0,nan,nan,nan,nan,41.305178,6.568966,40.938277,6.508019,skew outside supported linear range,480.950899,-1089.208031,1570.158930,
skew,actuator_characterization_after,0,7,7,627,1,none,1300000000.000000,2600000000.000000,1.000000,1,1,26,-10.218613,1.003976,-1.000000,1,none,3.075327,-1,-3.141593,-0.066266,-0.045797,-35.228485,299374999.833887,299374999.833887,571.732938,575.683316,0.999935,0.999929,4.609599,4.855351,1,1,0,nan,nan,nan,nan,38.860301,6.162841,38.468960,6.097834,edge estimates disagree,48.308043,-423.322058,471.630101,
skew,actuator_characterization_after,0,7,8,628,1,none,1300000000.000000,2600000000.000000,1.000000,1,1,26,-10.218613,1.003976,-1.000000,1,none,3.076987,-1,-3.141593,-0.064606,-0.044650,-34.345976,299374999.833887,299374999.833887,570.684302,575.762172,0.999931,0.999936,4.741296,4.613089,1,1,0,nan,nan,nan,nan,38.599676,6.119548,38.914726,6.171881,edge estimates disagree,65.849868,-348.322176,414.172044,
skew,actuator_characterization_after,0,7,9,629,1,none,1300000000.000000,2600000000.000000,1.000000,1,1,26,-10.218613,1.003976,-1.000000,1,none,3.046095,-1,-3.141593,-0.095498,-0.066000,-50.768856,299374999.833887,299374999.833887,578.626859,570.249162,0.999963,0.999962,3.526091,3.523743,1,1,0,nan,nan,nan,nan,41.291800,6.566744,41.170909,6.546663,edge estimates disagree,223.040896,-520.346891,743.387787,
skew,actuator_characterization_after,0,7,10,630,1,none,1300000000.000000,2600000000.000000,1.000000,1,1,26,-10.218613,1.003976,-1.000000,1,none,3.058681,-1,-3.141593,-0.082912,-0.057301,-44.077864,299374999.833887,299374999.833887,576.208837,572.182314,0.999951,0.999946,4.039582,4.225087,1,1,0,nan,nan,nan,nan,40.074570,6.364547,39.623675,6.289647,edge estimates disagree,722.999695,-964.517546,1687.517241,
skew,actuator_characterization_baseline,0,8,1,631,1,none,1300000000.000000,2600000000.000000,1.000000,1,1,24,-10.218613,1.003976,-1.000000,1,none,3.028832,-1,-3.141593,-0.112761,-0.077930,-59.946358,299374999.833887,299374999.833887,574.146778,568.197321,0.999911,0.999910,5.428179,5.384512,1,1,0,nan,nan,nan,nan,37.477075,5.933069,37.456756,5.929694,edge estimates disagree,12.586693,-87.395690,99.982383,
skew,actuator_characterization_baseline,0,8,2,632,1,none,1300000000.000000,2600000000.000000,1.000000,1,1,24,-10.218613,1.003976,-1.000000,1,none,3.032560,-1,-3.141593,-0.109033,-0.075354,-57.964403,299374999.833887,299374999.833887,573.227877,568.961097,0.999958,0.999959,3.732734,3.655884,1,1,0,nan,nan,nan,nan,40.715705,6.471047,40.831504,6.490283,skew outside supported linear range,-41.425544,-860.756573,819.331030,
skew,actuator_characterization_baseline,0,8,3,633,1,none,1300000000.000000,2600000000.000000,1.000000,1,1,24,-10.218613,1.003976,-1.000000,1,none,2.988403,-1,-3.141593,-0.153189,-0.105871,-81.439061,299374999.833887,299374999.833887,580.062079,561.658662,0.999900,0.999888,5.807343,5.941719,1,1,0,nan,nan,nan,nan,36.979640,5.850439,36.500907,5.770915,edge estimates disagree,94.527329,135.436910,40.909581,
skew,actuator_characterization_baseline,0,8,4,634,1,none,1300000000.000000,2600000000.000000,1.000000,1,1,24,-10.218613,1.003976,-1.000000,1,none,2.989195,-1,-3.141593,-0.152398,-0.105324,-81.018221,299374999.833887,299374999.833887,579.989669,561.529474,0.999962,0.999958,3.596074,3.648123,1,1,0,nan,nan,nan,nan,41.141533,6.541783,40.735762,6.474379,edge estimates disagree,40.190807,130.181125,89.990317,
skew,actuator_characterization_baseline,0,8,5,635,1,none,1300000000.000000,2600000000.000000,1.000000,1,1,24,-10.218613,1.003976,-1.000000,1,none,3.052695,-1,-3.141593,-0.088897,-0.061438,-47.259990,299374999.833887,299374999.833887,566.908955,573.540180,0.999833,0.999838,7.329219,7.293160,1,1,0,nan,nan,nan,nan,34.758812,5.481530,34.902662,5.505426,edge estimates disagree,224.117179,41.124788,182.992391,
skew,actuator_characterization_baseline,0,8,6,636,1,none,1300000000.000000,2600000000.000000,1.000000,1,1,24,-10.218613,1.003976,-1.000000,1,none,2.987465,-1,-3.141593,-0.154127,-0.106519,-81.937758,299374999.833887,299374999.833887,579.969052,561.148247,0.999938,0.999925,4.585157,4.851739,1,1,0,nan,nan,nan,nan,39.030712,6.191148,38.253303,6.062010,corrected tone and dither skew estimates disagree,-51.798496,-66.647415,14.848920,
skew,actuator_characterization_baseline,0,8,7,637,1,none,1300000000.000000,2600000000.000000,1.000000,1,1,24,-10.218613,1.003976,-1.000000,1,none,2.989135,-1,-3.141593,-0.152457,-0.105365,-81.050053,299374999.833887,299374999.833887,579.714480,561.585657,0.999948,0.999943,4.173844,4.238661,1,1,0,nan,nan,nan,nan,39.843259,6.326123,39.433447,6.258048,edge estimates disagree,1.573575,327.784642,326.211068,
skew,actuator_characterization_baseline,0,8,8,638,1,none,1300000000.000000,2600000000.000000,1.000000,1,1,24,-10.218613,1.003976,-1.000000,1,none,3.017228,-1,-3.141593,-0.124365,-0.085950,-66.115316,299374999.833887,299374999.833887,575.805132,566.334249,0.999959,0.999960,3.705895,3.581616,1,1,0,nan,nan,nan,nan,40.817349,6.487932,40.969577,6.513219,edge estimates disagree,270.268953,-4.099670,274.368623,
skew,actuator_characterization_baseline,0,8,9,639,1,none,1300000000.000000,2600000000.000000,1.000000,1,1,24,-10.218613,1.003976,-1.000000,1,none,3.036555,-1,-3.141593,-0.105038,-0.072593,-55.840577,299374999.833887,299374999.833887,571.977468,569.819681,0.999909,0.999892,5.458627,5.912843,1,1,1,-0.093075,-71.595964,0.020482,15.755388,37.395611,5.919537,36.668522,5.798758,none,-69.407198,-74.274999,4.867800,
skew,actuator_characterization_baseline,0,8,10,640,1,none,1300000000.000000,2600000000.000000,1.000000,1,1,24,-10.218613,1.003976,-1.000000,1,none,3.057343,-1,-3.141593,-0.084250,-0.058226,-44.789232,299374999.833887,299374999.833887,564.847126,574.743524,0.999960,0.999960,3.559757,3.625391,1,1,0,nan,nan,nan,nan,40.999913,6.518258,40.992084,6.516958,edge estimates disagree,179.869861,-61.458499,241.328360,
skew,actuator_characterization_repeat,0,9,1,641,1,none,1300000000.000000,2600000000.000000,1.000000,1,1,26,-10.218613,1.003976,-1.000000,1,none,3.079744,-1,-3.141593,-0.061849,-0.042744,-32.880360,299374999.833887,299374999.833887,569.383905,576.886351,0.999960,0.999964,3.585052,3.472302,1,1,0,nan,nan,nan,nan,41.007895,6.519584,41.399155,6.584577,edge estimates disagree,25.715096,-18.177086,43.892182,
skew,actuator_characterization_repeat,0,9,2,642,1,none,1300000000.000000,2600000000.000000,1.000000,1,1,26,-10.218613,1.003976,-1.000000,1,none,3.079563,-1,-3.141593,-0.062030,-0.042869,-32.976503,299374999.833887,299374999.833887,569.879786,576.634410,0.999963,0.999965,3.457514,3.393262,1,1,0,nan,nan,nan,nan,41.330087,6.573104,41.595362,6.617170,edge estimates disagree,-363.012819,147.107608,510.120427,
skew,actuator_characterization_repeat,0,9,3,643,1,none,1300000000.000000,2600000000.000000,1.000000,1,1,26,-10.218613,1.003976,-1.000000,1,none,3.070206,-1,-3.141593,-0.071386,-0.049336,-37.950670,299374999.833887,299374999.833887,573.580860,574.545245,0.999896,0.999907,5.862063,5.531941,1,1,0,nan,nan,nan,nan,36.800583,5.820695,37.318635,5.906750,skew outside supported linear range,31.250212,-511.162461,542.412673,
skew,actuator_characterization_repeat,0,9,4,644,1,none,1300000000.000000,2600000000.000000,1.000000,1,1,26,-10.218613,1.003976,-1.000000,1,none,3.074082,-1,-3.141593,-0.067511,-0.046658,-35.890453,299374999.833887,299374999.833887,572.401884,575.147991,0.999961,0.999960,3.585576,3.622251,1,1,0,nan,nan,nan,nan,41.052543,6.527000,41.005722,6.519223,edge estimates disagree,254.735506,-234.083573,488.819079,
skew,actuator_characterization_repeat,0,9,5,645,1,none,1300000000.000000,2600000000.000000,1.000000,1,1,26,-10.218613,1.003976,-1.000000,1,none,3.076638,-1,-3.141593,-0.064954,-0.044891,-34.531344,299374999.833887,299374999.833887,571.341367,576.024832,0.999952,0.999952,3.973058,4.010858,1,1,0,nan,nan,nan,nan,40.145115,6.376265,40.133779,6.374382,edge estimates disagree,90.338163,-220.293298,310.631461,
skew,actuator_characterization_repeat,0,9,6,646,1,none,1300000000.000000,2600000000.000000,1.000000,1,1,26,-10.218613,1.003976,-1.000000,1,none,3.031701,-1,-3.141593,-0.109891,-0.075947,-58.420847,299374999.833887,299374999.833887,581.043449,567.704897,0.999950,0.999942,4.096834,4.341445,0,0,0,nan,nan,nan,nan,40.024906,6.356297,39.319466,6.239114,POLARITY,nan,nan,nan,
skew,actuator_characterization_repeat,0,9,7,647,1,none,1300000000.000000,2600000000.000000,1.000000,1,1,26,-10.218613,1.003976,-1.000000,1,none,3.021363,-1,-3.141593,-0.120230,-0.083092,-63.917196,299374999.833887,299374999.833887,582.144112,565.967790,0.999967,0.999962,3.357544,3.471487,1,1,0,nan,nan,nan,nan,41.769876,6.646159,41.235223,6.557346,edge estimates disagree,-608.825330,220.737510,829.562840,
skew,actuator_characterization_repeat,0,9,8,648,1,none,1300000000.000000,2600000000.000000,1.000000,1,1,26,-10.218613,1.003976,-1.000000,1,none,3.029001,-1,-3.141593,-0.112592,-0.077813,-59.856461,299374999.833887,299374999.833887,581.167675,567.302650,0.999865,0.999870,6.742245,6.458262,1,1,0,nan,nan,nan,nan,35.699639,5.637814,35.863683,5.665064,edge estimates disagree,-99.784119,-37.583923,62.200196,
skew,actuator_characterization_repeat,0,9,9,649,1,none,1300000000.000000,2600000000.000000,1.000000,1,1,26,-10.218613,1.003976,-1.000000,1,none,3.043571,-1,-3.141593,-0.098021,-0.067744,-52.110540,299374999.833887,299374999.833887,579.227256,569.794708,0.999958,0.999962,3.759761,3.534037,0,0,0,nan,nan,nan,nan,40.743475,6.475660,41.138646,6.541303,POLARITY,nan,nan,nan,
skew,actuator_characterization_repeat,0,9,10,650,1,none,1300000000.000000,2600000000.000000,1.000000,1,1,26,-10.218613,1.003976,-1.000000,1,none,3.079541,-1,-3.141593,-0.062052,-0.042885,-32.988325,299374999.833887,299374999.833887,569.609210,576.780849,0.999964,0.999960,3.407359,3.645656,1,1,0,nan,nan,nan,nan,41.452881,6.593502,40.974404,6.514021,skew outside supported linear range,387.513038,270.022483,117.490556,
skew,actuator_characterization_baseline,0,10,1,651,1,none,1300000000.000000,2600000000.000000,1.000000,1,1,24,-10.218613,1.003976,-1.000000,1,none,3.054375,-1,-3.141593,-0.087218,-0.060277,-46.367178,299374999.833887,299374999.833887,565.713382,574.085182,0.999897,0.999883,5.747783,6.202295,1,1,0,nan,nan,nan,nan,36.851621,5.829173,36.318178,5.740561,edge estimates disagree,340.573888,-521.774372,862.348260,
skew,actuator_characterization_baseline,0,10,2,652,1,none,1300000000.000000,2600000000.000000,1.000000,1,1,24,-10.218613,1.003976,-1.000000,1,none,3.040299,-1,-3.141593,-0.101294,-0.070005,-53.850089,299374999.833887,299374999.833887,571.453894,570.247185,0.999964,0.999966,3.418739,3.323517,1,1,0,nan,nan,nan,nan,41.452005,6.593356,41.679004,6.631064,skew outside supported linear range,-175.682959,-392.607037,216.924077,
skew,actuator_characterization_baseline,0,10,3,653,1,none,1300000000.000000,2600000000.000000,1.000000,1,1,24,-10.218613,1.003976,-1.000000,1,none,3.011032,-1,-3.141593,-0.130561,-0.090232,-69.409441,299374999.833887,299374999.833887,576.934242,565.364676,0.999968,0.999960,3.266863,3.556647,1,1,0,nan,nan,nan,nan,41.929609,6.672693,41.015458,6.520840,edge estimates disagree,543.575418,-816.980867,1360.556285,
skew,actuator_characterization_baseline,0,10,4,654,1,none,1300000000.000000,2600000000.000000,1.000000,1,1,24,-10.218613,1.003976,-1.000000,1,none,2.991951,-1,-3.141593,-0.149641,-0.103419,-79.552994,299374999.833887,299374999.833887,579.638606,562.203913,0.999923,0.999916,5.095475,5.144388,1,1,0,nan,nan,nan,nan,38.109153,6.038065,37.760903,5.980216,edge estimates disagree,140.775359,-189.984095,330.759453,
skew,actuator_characterization_baseline,0,10,5,655,1,none,1300000000.000000,2600000000.000000,1.000000,1,1,24,-10.218613,1.003976,-1.000000,1,none,3.051799,-1,-3.141593,-0.089794,-0.062058,-47.736726,299374999.833887,299374999.833887,566.906343,573.589747,0.999928,0.999934,4.799894,4.653980,1,1,0,nan,nan,nan,nan,38.435294,6.092242,38.805238,6.153694,edge estimates disagree,364.862044,-209.533004,574.395047,
skew,actuator_characterization_baseline,0,10,6,656,1,none,1300000000.000000,2600000000.000000,1.000000,1,1,24,-10.218613,1.003976,-1.000000,1,none,2.989878,-1,-3.141593,-0.151714,-0.104851,-80.654933,299374999.833887,299374999.833887,580.007607,561.757492,0.999935,0.999930,4.667635,4.705701,1,1,0,nan,nan,nan,nan,38.876437,6.165521,38.528191,6.107673,edge estimates disagree,572.078157,-381.474961,953.553118,
skew,actuator_characterization_baseline,0,10,7,657,1,none,1300000000.000000,2600000000.000000,1.000000,1,1,24,-10.218613,1.003976,-1.000000,1,none,3.041645,-1,-3.141593,-0.099948,-0.069075,-53.134820,299374999.833887,299374999.833887,570.747135,570.752918,0.999870,0.999882,6.507675,6.199442,1,1,0,nan,nan,nan,nan,35.850057,5.662800,36.271612,5.732826,edge estimates disagree,314.106432,-11.060707,325.167139,
skew,actuator_characterization_baseline,0,10,8,658,1,none,1300000000.000000,2600000000.000000,1.000000,1,1,24,-10.218613,1.003976,-1.000000,1,none,2.987805,-1,-3.141593,-0.153788,-0.106285,-81.757474,299374999.833887,299374999.833887,580.091978,561.480198,0.999922,0.999915,5.135904,5.171610,1,1,0,nan,nan,nan,nan,38.047299,6.027791,37.703873,5.970743,corrected tone and dither skew estimates disagree,121.678661,114.759825,6.918836,
skew,actuator_characterization_baseline,0,10,9,659,1,none,1300000000.000000,2600000000.000000,1.000000,1,1,24,-10.218613,1.003976,-1.000000,1,none,3.054719,-1,-3.141593,-0.086873,-0.060039,-46.184015,299374999.833887,299374999.833887,565.916299,574.181573,0.999881,0.999886,6.178684,6.127502,1,1,0,nan,nan,nan,nan,36.226824,5.725386,36.425016,5.758308,edge estimates disagree,-8.457170,263.294296,271.751466,
skew,actuator_characterization_baseline,0,10,10,660,1,none,1300000000.000000,2600000000.000000,1.000000,1,1,24,-10.218613,1.003976,-1.000000,1,none,3.055936,-1,-3.141593,-0.085657,-0.059199,-45.537342,299374999.833887,299374999.833887,564.733832,574.329227,0.999949,0.999945,4.033687,4.268755,1,1,0,nan,nan,nan,nan,39.912532,6.337630,39.566895,6.280215,edge estimates disagree,-34.519779,295.673149,330.192927,
skew,actuator_characterization_after,0,11,1,661,1,none,1300000000.000000,2600000000.000000,1.000000,1,1,28,-10.218613,1.003976,-1.000000,1,none,3.088969,-1,-3.141593,-0.052624,-0.036369,-27.976003,299374999.833887,299374999.833887,577.098876,577.055004,0.999917,0.999911,5.259336,5.447175,1,1,0,nan,nan,nan,nan,37.796086,5.986061,37.490617,5.935319,edge estimates disagree,196.975745,-341.457730,538.433476,
skew,actuator_characterization_after,0,11,2,662,1,none,1300000000.000000,2600000000.000000,1.000000,1,1,28,-10.218613,1.003976,-1.000000,1,none,3.095719,-1,-3.141593,-0.045873,-0.031704,-24.387340,299374999.833887,299374999.833887,574.758804,577.994616,0.999963,0.999965,3.489146,3.403344,1,1,0,nan,nan,nan,nan,41.325030,6.572264,41.590060,6.616289,edge estimates disagree,-67.968231,18.938265,86.906496,
skew,actuator_characterization_after,0,11,3,663,1,none,1300000000.000000,2600000000.000000,1.000000,1,1,28,-10.218613,1.003976,-1.000000,1,none,3.098364,-1,-3.141593,-0.043228,-0.029876,-22.981272,299374999.833887,299374999.833887,573.471592,578.041940,0.999960,0.999966,3.645115,3.360857,1,1,0,nan,nan,nan,nan,40.925714,6.505933,41.699888,6.634533,edge estimates disagree,-125.334492,207.855807,333.190299,
skew,actuator_characterization_after,0,11,4,664,1,none,1300000000.000000,2600000000.000000,1.000000,1,1,28,-10.218613,1.003976,-1.000000,1,none,3.091646,-1,-3.141593,-0.049947,-0.034519,-26.552938,299374999.833887,299374999.833887,576.161882,577.651877,0.999959,0.999961,3.689781,3.619557,1,1,0,nan,nan,nan,nan,40.860579,6.495113,41.049917,6.526564,edge estimates disagree,257.768702,90.076772,167.691930,
skew,actuator_characterization_after,0,11,5,665,1,none,1300000000.000000,2600000000.000000,1.000000,1,1,28,-10.218613,1.003976,-1.000000,1,none,3.063443,-1,-3.141593,-0.078149,-0.054010,-41.546067,299374999.833887,299374999.833887,581.892353,572.615014,0.999936,0.999935,4.642159,4.605396,1,1,0,nan,nan,nan,nan,38.952152,6.178098,38.881615,6.166381,edge estimates disagree,157.106806,-316.546486,473.653292,
skew,actuator_characterization_after,0,11,6,666,1,none,1300000000.000000,2600000000.000000,1.000000,1,1,28,-10.218613,1.003976,-1.000000,1,none,3.061957,-1,-3.141593,-0.079636,-0.055037,-42.336394,299374999.833887,299374999.833887,582.356490,572.025812,0.999946,0.999949,4.280865,4.087734,1,1,0,nan,nan,nan,nan,39.662848,6.296154,39.908360,6.336937,skew outside supported linear range,400.200644,330.151882,70.048761,
skew,actuator_characterization_after,0,11,7,667,1,none,1300000000.000000,2600000000.000000,1.000000,1,1,28,-10.218613,1.003976,-1.000000,1,none,3.093980,-1,-3.141593,-0.047613,-0.032906,-25.312273,299374999.833887,299374999.833887,575.579227,577.673397,0.999960,0.999965,3.642987,3.398013,1,1,0,nan,nan,nan,nan,40.962651,6.512068,41.598846,6.617748,skew outside supported linear range,398.253241,86.339136,311.914105,
skew,actuator_characterization_after,0,11,8,668,1,none,1300000000.000000,2600000000.000000,1.000000,1,1,28,-10.218613,1.003976,-1.000000,1,none,3.061394,-1,-3.141593,-0.080199,-0.055426,-42.635660,299374999.833887,299374999.833887,582.497308,572.063250,0.999941,0.999939,4.480663,4.474603,1,1,0,nan,nan,nan,nan,39.268734,6.230687,39.123491,6.206560,edge estimates disagree,144.070414,-45.465086,189.535500,
skew,actuator_characterization_after,0,11,9,669,1,none,1300000000.000000,2600000000.000000,1.000000,1,1,28,-10.218613,1.003976,-1.000000,1,none,3.074565,-1,-3.141593,-0.067028,-0.046324,-35.633549,299374999.833887,299374999.833887,580.440118,574.512889,0.999939,0.999951,4.522467,4.043490,1,1,0,nan,nan,nan,nan,39.157341,6.212183,40.040569,6.358898,skew outside supported linear range,-330.226091,-156.296545,173.929546,
skew,actuator_characterization_after,0,11,10,670,1,none,1300000000.000000,2600000000.000000,1.000000,1,1,28,-10.218613,1.003976,-1.000000,1,none,3.077453,-1,-3.141593,-0.064140,-0.044328,-34.098433,299374999.833887,299374999.833887,580.044028,574.696969,0.999966,0.999962,3.374312,3.563160,1,1,0,nan,nan,nan,nan,41.695213,6.633756,41.141771,6.541822,edge estimates disagree,-192.599653,405.446263,598.045916,
skew,actuator_characterization_baseline,0,12,1,671,1,none,1300000000.000000,2600000000.000000,1.000000,1,1,24,-10.218613,1.003976,-1.000000,1,none,3.020207,-1,-3.141593,-0.121385,-0.083891,-64.531435,299374999.833887,299374999.833887,575.713138,566.473803,0.999954,0.999956,3.896072,3.742287,1,1,0,nan,nan,nan,nan,40.381284,6.415496,40.590555,6.450258,edge estimates disagree,339.060460,-517.302682,856.363142,
skew,actuator_characterization_baseline,0,12,2,672,1,none,1300000000.000000,2600000000.000000,1.000000,1,1,24,-10.218613,1.003976,-1.000000,1,none,2.990977,-1,-3.141593,-0.150615,-0.104092,-80.070745,299374999.833887,299374999.833887,579.867560,562.074677,0.999953,0.999947,3.974923,4.082359,1,1,0,nan,nan,nan,nan,40.269702,6.396960,39.767357,6.313514,edge estimates disagree,231.871798,-4.834238,236.706036,
skew,actuator_characterization_baseline,0,12,3,673,1,none,1300000000.000000,2600000000.000000,1.000000,1,1,24,-10.218613,1.003976,-1.000000,1,none,3.011639,-1,-3.141593,-0.129954,-0.089813,-69.086738,299374999.833887,299374999.833887,576.859954,565.448547,0.999954,0.999955,3.890586,3.778467,1,1,0,nan,nan,nan,nan,40.410807,6.420400,40.491250,6.433762,edge estimates disagree,126.839693,90.161269,36.678424,
skew,actuator_characterization_baseline,0,12,4,674,1,none,1300000000.000000,2600000000.000000,1.000000,1,1,24,-10.218613,1.003976,-1.000000,1,none,2.998692,-1,-3.141593,-0.142901,-0.098760,-75.969553,299374999.833887,299374999.833887,578.575896,563.205262,0.999947,0.999949,4.200863,4.015431,1,1,0,nan,nan,nan,nan,39.770136,6.313976,39.928391,6.340264,edge estimates disagree,20.933621,-4.042915,24.976537,
skew,actuator_characterization_baseline,0,12,5,675,1,none,1300000000.000000,2600000000.000000,1.000000,1,1,24,-10.218613,1.003976,-1.000000,1,none,3.052764,-1,-3.141593,-0.088829,-0.061391,-47.223624,299374999.833887,299374999.833887,566.639415,573.389059,0.999954,0.999955,3.840189,3.851798,0,0,0,nan,nan,nan,nan,40.368783,6.413419,40.445418,6.426149,POLARITY,nan,nan,nan,
skew,actuator_characterization_baseline,0,12,6,676,1,none,1300000000.000000,2600000000.000000,1.000000,1,1,24,-10.218613,1.003976,-1.000000,1,none,3.021853,-1,-3.141593,-0.119739,-0.082753,-63.656275,299374999.833887,299374999.833887,575.673532,566.980473,0.999961,0.999963,3.587801,3.473858,1,1,0,nan,nan,nan,nan,41.096657,6.534328,41.244821,6.558940,skew outside supported linear range,844.675090,-350.391202,1195.066292,
skew,actuator_characterization_baseline,0,12,7,677,1,none,1300000000.000000,2600000000.000000,1.000000,1,1,24,-10.218613,1.003976,-1.000000,1,none,3.037064,-1,-3.141593,-0.104528,-0.072241,-55.569839,299374999.833887,299374999.833887,571.980838,570.148362,0.999966,0.999960,3.342766,3.606066,1,1,0,nan,nan,nan,nan,41.655209,6.627111,40.968785,6.513087,skew outside supported linear range,98.363019,-404.849703,503.212722,
skew,actuator_characterization_baseline,0,12,8,678,1,none,1300000000.000000,2600000000.000000,1.000000,1,1,24,-10.218613,1.003976,-1.000000,1,none,3.005157,-1,-3.141593,-0.136435,-0.094292,-72.532233,299374999.833887,299374999.833887,577.511852,564.368295,0.999936,0.999933,4.612592,4.606388,1,1,0,nan,nan,nan,nan,38.942017,6.176415,38.753742,6.145140,skew outside supported linear range,416.594800,76.868627,339.726173,
skew,actuator_characterization_baseline,0,12,9,679,1,none,1300000000.000000,2600000000.000000,1.000000,1,1,24,-10.218613,1.003976,-1.000000,1,none,2.989883,-1,-3.141593,-0.151710,-0.104848,-80.652431,299374999.833887,299374999.833887,579.887680,562.019535,0.999953,0.999940,3.989499,4.345522,1,1,0,nan,nan,nan,nan,40.238209,6.391729,39.223889,6.223237,edge estimates disagree,500.828485,-303.454116,804.282601,
skew,actuator_characterization_baseline,0,12,10,680,1,none,1300000000.000000,2600000000.000000,1.000000,1,1,24,-10.218613,1.003976,-1.000000,1,none,3.056283,-1,-3.141593,-0.085310,-0.058958,-45.352580,299374999.833887,299374999.833887,564.891847,574.884693,0.999956,0.999949,3.734089,4.104456,1,1,0,nan,nan,nan,nan,40.585314,6.449388,39.916203,6.338240,skew outside supported linear range,-679.182626,267.302697,946.485323,
skew,actuator_characterization_repeat,0,13,1,681,1,none,1300000000.000000,2600000000.000000,1.000000,1,1,28,-10.218613,1.003976,-1.000000,1,none,3.066405,-1,-3.141593,-0.075188,-0.051963,-39.971755,299374999.833887,299374999.833887,581.605089,573.203032,0.999945,0.999951,4.301330,4.028631,1,1,0,nan,nan,nan,nan,39.610208,6.287410,40.052720,6.360917,skew outside supported linear range,-144.687802,644.384717,789.072519,
skew,actuator_characterization_repeat,0,13,2,682,1,none,1300000000.000000,2600000000.000000,1.000000,1,1,28,-10.218613,1.003976,-1.000000,1,none,3.049751,-1,-3.141593,-0.091842,-0.063473,-48.825165,299374999.833887,299374999.833887,583.611288,569.520879,0.999955,0.999948,3.919184,4.109636,1,1,0,nan,nan,nan,nan,40.448261,6.426621,39.823826,6.322895,edge estimates disagree,540.123301,-214.447268,754.570569,
skew,actuator_characterization_repeat,0,13,3,683,1,none,1300000000.000000,2600000000.000000,1.000000,1,1,28,-10.218613,1.003976,-1.000000,1,none,3.046949,-1,-3.141593,-0.094643,-0.065409,-50.314583,299374999.833887,299374999.833887,583.766527,568.946523,0.999922,0.999909,5.143427,5.417425,1,1,0,nan,nan,nan,nan,38.089431,6.034789,37.415271,5.922803,skew outside supported linear range,393.018992,93.426684,299.592308,
skew,actuator_characterization_repeat,0,13,4,684,1,none,1300000000.000000,2600000000.000000,1.000000,1,1,28,-10.218613,1.003976,-1.000000,1,none,3.099111,-1,-3.141593,-0.042482,-0.029359,-22.584188,299374999.833887,299374999.833887,573.282921,578.603144,0.999961,0.999966,3.559288,3.349702,1,1,0,nan,nan,nan,nan,41.129817,6.539837,41.737193,6.640730,edge estimates disagree,-54.105460,-5.910579,48.194881,
skew,actuator_characterization_repeat,0,13,5,685,1,none,1300000000.000000,2600000000.000000,1.000000,1,1,28,-10.218613,1.003976,-1.000000,1,none,3.099343,-1,-3.141593,-0.042249,-0.029199,-22.460705,299374999.833887,299374999.833887,573.093916,578.377411,0.999847,0.999871,7.090480,6.561151,1,1,0,nan,nan,nan,nan,35.140703,5.544967,35.894326,5.670154,edge estimates disagree,267.774721,40.554645,227.220076,
skew,actuator_characterization_repeat,0,13,6,686,1,none,1300000000.000000,2600000000.000000,1.000000,1,1,28,-10.218613,1.003976,-1.000000,1,none,3.096075,-1,-3.141593,-0.045518,-0.031458,-24.198356,299374999.833887,299374999.833887,574.686038,577.761644,0.999963,0.999962,3.496948,3.572923,0,0,0,nan,nan,nan,nan,41.304530,6.568859,41.164201,6.545548,POLARITY,nan,nan,nan,
skew,actuator_characterization_repeat,0,13,7,687,1,none,1300000000.000000,2600000000.000000,1.000000,1,1,28,-10.218613,1.003976,-1.000000,1,none,3.058729,-1,-3.141593,-0.082864,-0.057268,-44.052276,299374999.833887,299374999.833887,582.718247,571.505646,0.999951,0.999950,4.070772,4.045859,1,1,0,nan,nan,nan,nan,40.105336,6.369657,39.989895,6.350481,edge estimates disagree,160.469003,101.920843,58.548161,
skew,actuator_characterization_repeat,0,13,8,688,1,none,1300000000.000000,2600000000.000000,1.000000,1,1,28,-10.218613,1.003976,-1.000000,1,none,3.050144,-1,-3.141593,-0.091448,-0.063201,-48.616182,299374999.833887,299374999.833887,583.460516,569.696153,0.999930,0.999930,4.885896,4.782381,1,1,0,nan,nan,nan,nan,38.531045,6.108147,38.509682,6.104598,edge estimates disagree,231.257714,-112.730659,343.988373,
skew,actuator_characterization_repeat,0,13,9,689,1,none,1300000000.000000,2600000000.000000,1.000000,1,1,28,-10.218613,1.003976,-1.000000,1,none,3.093030,-1,-3.141593,-0.048563,-0.033562,-25.817106,299374999.833887,299374999.833887,576.343377,577.327568,0.999881,0.999892,6.274864,6.001680,1,1,0,nan,nan,nan,nan,36.251240,5.729442,36.652689,5.796128,edge estimates disagree,-89.626333,-29.153892,60.472441,
skew,actuator_characterization_repeat,0,13,10,690,1,none,1300000000.000000,2600000000.000000,1.000000,1,1,28,-10.218613,1.003976,-1.000000,1,none,3.093431,-1,-3.141593,-0.048161,-0.033285,-25.603692,299374999.833887,299374999.833887,575.803249,577.380599,0.999887,0.999890,6.115707,6.050639,1,1,0,nan,nan,nan,nan,36.466249,5.765158,36.582919,5.784538,edge estimates disagree,51.628054,-44.907027,96.535081,
skew,actuator_characterization_baseline,0,14,1,691,1,none,1300000000.000000,2600000000.000000,1.000000,1,1,24,-10.218613,1.003976,-1.000000,1,none,3.056175,-1,-3.141593,-0.085417,-0.059033,-45.409962,299374999.833887,299374999.833887,565.022441,574.484636,0.999947,0.999956,4.107780,3.800305,1,1,0,nan,nan,nan,nan,39.758870,6.312105,40.578900,6.448322,skew outside supported linear range,-435.296070,-143.617754,291.678317,
skew,actuator_characterization_baseline,0,14,2,692,1,none,1300000000.000000,2600000000.000000,1.000000,1,1,24,-10.218613,1.003976,-1.000000,1,none,3.025688,-1,-3.141593,-0.115905,-0.080103,-61.617850,299374999.833887,299374999.833887,574.511979,567.738223,0.999920,0.999927,5.127435,4.847351,1,1,0,nan,nan,nan,nan,37.977679,6.016226,38.362574,6.080162,skew outside supported linear range,389.188080,-1178.852696,1568.040776,
skew,actuator_characterization_baseline,0,14,3,693,1,none,1300000000.000000,2600000000.000000,1.000000,1,1,24,-10.218613,1.003976,-1.000000,1,none,2.990322,-1,-3.141593,-0.151270,-0.104545,-80.418906,299374999.833887,299374999.833887,579.835846,561.754620,0.999931,0.999927,4.830692,4.784016,1,1,0,nan,nan,nan,nan,38.575613,6.115550,38.384780,6.083851,edge estimates disagree,338.745915,-212.741020,551.486936,
skew,actuator_characterization_baseline,0,14,4,694,1,none,1300000000.000000,2600000000.000000,1.000000,1,1,24,-10.218613,1.003976,-1.000000,1,none,3.044686,-1,-3.141593,-0.096906,-0.066973,-51.517785,299374999.833887,299374999.833887,569.849584,571.608480,0.999965,0.999963,3.390144,3.486829,0,0,0,nan,nan,nan,nan,41.500543,6.601419,41.283061,6.565293,POLARITY,nan,nan,nan,
skew,actuator_characterization_baseline,0,14,5,695,1,none,1300000000.000000,2600000000.000000,1.000000,1,1,24,-10.218613,1.003976,-1.000000,1,none,3.016997,-1,-3.141593,-0.124596,-0.086110,-66.238138,299374999.833887,299374999.833887,576.039517,566.185521,0.999967,0.999964,3.302714,3.394229,0,0,0,nan,nan,nan,nan,41.821326,6.654705,41.434052,6.590374,POLARITY,nan,nan,nan,
skew,actuator_characterization_baseline,0,14,6,696,1,none,1300000000.000000,2600000000.000000,1.000000,1,1,24,-10.218613,1.003976,-1.000000,1,none,3.056713,-1,-3.141593,-0.084879,-0.058661,-45.123857,299374999.833887,299374999.833887,564.204780,574.666021,0.999893,0.999908,5.827474,5.518159,1,1,0,nan,nan,nan,nan,36.708829,5.805453,37.342126,5.910652,edge estimates disagree,2.572929,-57.945016,60.517945,
skew,actuator_characterization_baseline,0,14,7,697,1,none,1300000000.000000,2600000000.000000,1.000000,1,1,24,-10.218613,1.003976,-1.000000,1,none,3.025072,-1,-3.141593,-0.116521,-0.080529,-61.945115,299374999.833887,299374999.833887,574.735112,567.776343,0.999963,0.999960,3.496201,3.610602,1,1,0,nan,nan,nan,nan,41.307127,6.569290,40.921654,6.505258,edge estimates disagree,-143.315025,-41.181904,102.133121,
skew,actuator_characterization_baseline,0,14,8,698,1,none,1300000000.000000,2600000000.000000,1.000000,1,1,24,-10.218613,1.003976,-1.000000,1,none,3.042817,-1,-3.141593,-0.098776,-0.068265,-52.511673,299374999.833887,299374999.833887,570.656744,571.100893,0.999908,0.999900,5.482527,5.719800,1,1,0,nan,nan,nan,nan,37.337584,5.909898,36.976341,5.849890,edge estimates disagree,326.360050,-238.278307,564.638357,
skew,actuator_characterization_baseline,0,14,9,699,1,none,1300000000.000000,2600000000.000000,1.000000,1,1,24,-10.218613,1.003976,-1.000000,1,none,3.042307,-1,-3.141593,-0.099285,-0.068617,-52.782431,299374999.833887,299374999.833887,570.387491,570.944616,0.999943,0.999937,4.317677,4.537803,1,1,0,nan,nan,nan,nan,39.408096,6.253837,38.984667,6.183500,edge estimates disagree,75.851461,-108.404609,184.256069,
skew,actuator_characterization_baseline,0,14,10,700,1,none,1300000000.000000,2600000000.000000,1.000000,1,1,24,-10.218613,1.003976,-1.000000,1,none,3.052278,-1,-3.141593,-0.089314,-0.061726,-47.481567,299374999.833887,299374999.833887,567.042356,573.343746,0.999964,0.999966,3.410824,3.328639,1,1,0,nan,nan,nan,nan,41.404825,6.585519,41.712669,6.636656,edge estimates disagree,-25.094023,113.977874,139.071898,
skew,actuator_characterization_after,0,15,1,701,1,none,1300000000.000000,2600000000.000000,1.000000,1,1,32,-10.218613,1.003976,-1.000000,1,none,3.125027,-1,-3.141593,-0.016566,-0.011449,-8.806759,299374999.833887,299374999.833887,580.246190,579.437801,0.999968,0.999966,3.256346,3.392946,0,0,0,nan,nan,nan,nan,42.007336,6.685604,41.638298,6.624302,POLARITY,nan,nan,nan,
skew,actuator_characterization_after,0,15,2,702,1,none,1300000000.000000,2600000000.000000,1.000000,1,1,32,-10.218613,1.003976,-1.000000,1,none,3.124929,-1,-3.141593,-0.016663,-0.011516,-8.858703,299374999.833887,299374999.833887,580.680906,579.343972,0.999959,0.999959,3.727692,3.717115,0,0,0,nan,nan,nan,nan,40.839650,6.491636,40.844309,6.492410,POLARITY,nan,nan,nan,
skew,actuator_characterization_after,0,15,3,703,1,none,1300000000.000000,2600000000.000000,1.000000,1,1,32,-10.218613,1.003976,-1.000000,1,none,3.125127,-1,-3.141593,-0.016466,-0.011380,-8.753543,299374999.833887,299374999.833887,580.212971,579.449663,0.999966,0.999966,3.362589,3.386043,1,1,0,nan,nan,nan,nan,41.727972,6.639198,41.656165,6.627270,edge estimates disagree,267.489618,0.557118,266.932500,
skew,actuator_characterization_after,0,15,4,704,1,none,1300000000.000000,2600000000.000000,1.000000,1,1,32,-10.218613,1.003976,-1.000000,1,none,3.102239,-1,-3.141593,-0.039354,-0.027198,-20.921501,299374999.833887,299374999.833887,584.777690,575.080034,0.999933,0.999933,4.796765,4.716781,1,1,0,nan,nan,nan,nan,38.710547,6.137965,38.711351,6.138098,edge estimates disagree,277.899527,27.126072,250.773455,
skew,actuator_characterization_after,0,15,5,705,1,none,1300000000.000000,2600000000.000000,1.000000,1,1,32,-10.218613,1.003976,-1.000000,1,none,3.120174,-1,-3.141593,-0.021419,-0.014803,-11.386907,299374999.833887,299374999.833887,582.211539,579.154554,0.999964,0.999966,3.481000,3.374484,0,0,0,nan,nan,nan,nan,41.457236,6.594225,41.681441,6.631469,POLARITY,nan,nan,nan,
skew,actuator_characterization_after,0,15,6,706,1,none,1300000000.000000,2600000000.000000,1.000000,1,1,32,-10.218613,1.003976,-1.000000,1,none,3.125907,-1,-3.141593,-0.015686,-0.010841,-8.338999,299374999.833887,299374999.833887,580.122945,579.209824,0.999937,0.999934,4.601101,4.701095,1,1,0,nan,nan,nan,nan,39.002866,6.186523,38.802439,6.153229,edge estimates disagree,125.772643,-332.525842,458.298485,
skew,actuator_characterization_after,0,15,7,707,1,none,1300000000.000000,2600000000.000000,1.000000,1,1,32,-10.218613,1.003976,-1.000000,1,none,3.102610,-1,-3.141593,-0.038982,-0.026941,-20.723947,299374999.833887,299374999.833887,584.805504,575.266492,0.999927,0.999911,5.000581,5.435110,1,1,0,nan,nan,nan,nan,38.349519,6.077993,37.482916,5.934039,edge estimates disagree,112.376739,69.584220,42.792519,
skew,actuator_characterization_after,0,15,8,708,1,none,1300000000.000000,2600000000.000000,1.000000,1,1,32,-10.218613,1.003976,-1.000000,1,none,3.125560,-1,-3.141593,-0.016032,-0.011080,-8.523235,299374999.833887,299374999.833887,580.141700,579.377857,0.999934,0.999938,4.731335,4.545448,1,1,0,nan,nan,nan,nan,38.760708,6.146297,39.097403,6.202226,corrected tone and dither skew estimates disagree,126.204359,129.825204,3.620845,
skew,actuator_characterization_after,0,15,9,709,1,none,1300000000.000000,2600000000.000000,1.000000,1,1,32,-10.218613,1.003976,-1.000000,1,none,3.101452,-1,-3.141593,-0.040141,-0.027742,-21.339804,299374999.833887,299374999.833887,584.732703,575.245182,0.999954,0.999955,3.958461,3.866346,1,1,0,nan,nan,nan,nan,40.378320,6.415003,40.440746,6.425373,edge estimates disagree,208.282688,-290.764686,499.047374,
skew,actuator_characterization_after,0,15,10,710,1,none,1300000000.000000,2600000000.000000,1.000000,1,1,32,-10.218613,1.003976,-1.000000,1,none,3.117254,-1,-3.141593,-0.024338,-0.016820,-12.938793,299374999.833887,299374999.833887,583.205801,579.102302,0.999947,0.999939,4.256675,4.518426,1,1,0,nan,nan,nan,nan,39.724727,6.306433,39.145062,6.210143,edge estimates disagree,167.040093,-412.236138,579.276231,
skew,actuator_characterization_baseline,0,16,1,711,1,none,1300000000.000000,2600000000.000000,1.000000,1,1,24,-10.218613,1.003976,-1.000000,1,none,3.010662,-1,-3.141593,-0.130931,-0.090488,-69.605860,299374999.833887,299374999.833887,577.476074,565.266765,0.999925,0.999929,5.000640,4.772935,1,1,0,nan,nan,nan,nan,38.239868,6.059779,38.459059,6.096189,edge estimates disagree,-127.726858,2.658531,130.385389,
skew,actuator_characterization_baseline,0,16,2,712,1,none,1300000000.000000,2600000000.000000,1.000000,1,1,24,-10.218613,1.003976,-1.000000,1,none,2.996693,-1,-3.141593,-0.144900,-0.100142,-77.032187,299374999.833887,299374999.833887,578.981935,562.922430,0.999931,0.999916,4.816656,5.158897,1,1,0,nan,nan,nan,nan,38.588088,6.117623,37.747533,5.977996,edge estimates disagree,150.849160,-502.963259,653.812419,
skew,actuator_characterization_baseline,0,16,3,713,1,none,1300000000.000000,2600000000.000000,1.000000,1,1,24,-10.218613,1.003976,-1.000000,1,none,3.002674,-1,-3.141593,-0.138919,-0.096009,-73.852727,299374999.833887,299374999.833887,578.269424,563.937165,0.999958,0.999958,3.765193,3.655565,1,1,0,nan,nan,nan,nan,40.716559,6.471189,40.755225,6.477612,skew outside supported linear range,92.251631,398.124918,305.873287,
skew,actuator_characterization_baseline,0,16,4,714,1,none,1300000000.000000,2600000000.000000,1.000000,1,1,24,-10.218613,1.003976,-1.000000,1,none,2.993426,-1,-3.141593,-0.148167,-0.102400,-78.768995,299374999.833887,299374999.833887,579.413780,562.445994,0.999880,0.999858,6.336663,6.693751,1,1,0,nan,nan,nan,nan,36.212264,5.722967,35.477926,5.600984,skew outside supported linear range,526.911715,93.049029,433.862685,
skew,actuator_characterization_baseline,0,16,5,715,1,none,1300000000.000000,2600000000.000000,1.000000,1,1,24,-10.218613,1.003976,-1.000000,1,none,3.019642,-1,-3.141593,-0.121951,-0.084282,-64.832031,299374999.833887,299374999.833887,575.696712,566.587323,0.999945,0.999948,4.272756,4.089083,1,1,0,nan,nan,nan,nan,39.579413,6.282295,39.822519,6.322678,edge estimates disagree,83.061848,-84.679090,167.740938,
skew,actuator_characterization_baseline,0,16,6,716,1,none,1300000000.000000,2600000000.000000,1.000000,1,1,24,-10.218613,1.003976,-1.000000,1,none,3.036014,-1,-3.141593,-0.105579,-0.072967,-56.128281,299374999.833887,299374999.833887,572.197475,569.616770,0.999925,0.999919,4.943669,5.137264,1,1,0,nan,nan,nan,nan,38.259632,6.063062,37.886718,6.001116,edge estimates disagree,297.987021,-91.505647,389.492668,
skew,actuator_characterization_baseline,0,16,7,717,1,none,1300000000.000000,2600000000.000000,1.000000,1,1,24,-10.218613,1.003976,-1.000000,1,none,3.047082,-1,-3.141593,-0.094511,-0.065317,-50.244105,299374999.833887,299374999.833887,569.069606,572.106214,0.999951,0.999953,4.000155,3.901866,1,1,0,nan,nan,nan,nan,40.051471,6.360710,40.313785,6.404283,edge estimates disagree,192.203763,25.772074,166.431688,
skew,actuator_characterization_baseline,0,16,8,718,1,none,1300000000.000000,2600000000.000000,1.000000,1,1,24,-10.218613,1.003976,-1.000000,1,none,3.002033,-1,-3.141593,-0.139559,-0.096451,-74.193130,299374999.833887,299374999.833887,578.512319,564.029064,0.999957,0.999957,3.796658,3.692795,1,1,0,nan,nan,nan,nan,40.647923,6.459788,40.668627,6.463227,edge estimates disagree,682.955784,-324.045542,1007.001326,
skew,actuator_characterization_baseline,0,16,9,719,1,none,1300000000.000000,2600000000.000000,1.000000,1,1,24,-10.218613,1.003976,-1.000000,1,none,3.000691,-1,-3.141593,-0.140902,-0.097379,-74.906856,299374999.833887,299374999.833887,578.463071,563.395410,0.999909,0.999901,5.533382,5.609068,1,1,0,nan,nan,nan,nan,37.375400,5.916179,37.028152,5.858497,edge estimates disagree,170.898026,-130.575812,301.473838,
skew,actuator_characterization_baseline,0,16,10,720,1,none,1300000000.000000,2600000000.000000,1.000000,1,1,24,-10.218613,1.003976,-1.000000,1,none,3.053544,-1,-3.141593,-0.088048,-0.060851,-46.808674,299374999.833887,299374999.833887,566.058124,573.981733,0.999948,0.999949,4.073254,4.079090,1,1,0,nan,nan,nan,nan,39.848090,6.326925,39.956396,6.344916,edge estimates disagree,234.528202,-165.020227,399.548429,
skew,actuator_characterization_repeat,0,17,1,721,1,none,1300000000.000000,2600000000.000000,1.000000,1,1,32,-10.218613,1.003976,-1.000000,1,none,3.125045,-1,-3.141593,-0.016548,-0.011436,-8.797055,299374999.833887,299374999.833887,580.208300,579.572044,0.999965,0.999965,3.424950,3.408037,1,1,0,nan,nan,nan,nan,41.568295,6.612674,41.601762,6.618233,skew outside supported linear range,571.343455,-1.190240,572.533695,
skew,actuator_characterization_repeat,0,17,2,722,1,none,1300000000.000000,2600000000.000000,1.000000,1,1,32,-10.218613,1.003976,-1.000000,1,none,3.120017,-1,-3.141593,-0.021575,-0.014911,-11.469910,299374999.833887,299374999.833887,582.230796,579.421217,0.999928,0.999927,4.950257,4.946930,1,1,0,nan,nan,nan,nan,38.399049,6.086221,38.362873,6.080212,skew outside supported linear range,7.007973,-449.252600,456.260573,
skew,actuator_characterization_repeat,0,17,3,723,1,none,1300000000.000000,2600000000.000000,1.000000,1,1,32,-10.218613,1.003976,-1.000000,1,none,3.115159,-1,-3.141593,-0.026434,-0.018269,-14.052891,299374999.833887,299374999.833887,583.332028,578.516068,0.999929,0.999925,4.926341,5.017171,1,1,0,nan,nan,nan,nan,38.457527,6.095935,38.226831,6.057613,edge estimates disagree,255.107091,-480.932112,736.039203,
skew,actuator_characterization_repeat,0,17,4,724,1,none,1300000000.000000,2600000000.000000,1.000000,1,1,32,-10.218613,1.003976,-1.000000,1,none,3.104906,-1,-3.141593,-0.036686,-0.025354,-19.503360,299374999.833887,299374999.833887,585.018571,576.360673,0.999955,0.999948,3.909245,4.172424,0,0,0,nan,nan,nan,nan,40.491236,6.433760,39.795818,6.318242,POLARITY,nan,nan,nan,
skew,actuator_characterization_repeat,0,17,5,725,1,none,1300000000.000000,2600000000.000000,1.000000,1,1,32,-10.218613,1.003976,-1.000000,1,none,3.123477,-1,-3.141593,-0.018116,-0.012520,-9.630683,299374999.833887,299374999.833887,580.781066,579.195089,0.999963,0.999963,3.525676,3.544780,1,1,0,nan,nan,nan,nan,41.325101,6.572276,41.254412,6.560534,edge estimates disagree,-201.541356,163.573659,365.115015,
skew,actuator_characterization_repeat,0,17,6,726,1,none,1300000000.000000,2600000000.000000,1.000000,1,1,32,-10.218613,1.003976,-1.000000,1,none,3.122100,-1,-3.141593,-0.019493,-0.013472,-10.362937,299374999.833887,299374999.833887,581.573798,579.165880,0.999934,0.999938,4.726688,4.564660,0,0,0,nan,nan,nan,nan,38.790657,6.151272,39.057590,6.195613,POLARITY,nan,nan,nan,
skew,actuator_characterization_repeat,0,17,7,727,1,none,1300000000.000000,2600000000.000000,1.000000,1,1,32,-10.218613,1.003976,-1.000000,1,none,3.111946,-1,-3.141593,-0.029647,-0.020489,-15.760853,299374999.833887,299374999.833887,584.079155,578.221960,0.999957,0.999959,3.840732,3.700364,1,1,0,nan,nan,nan,nan,40.630853,6.456952,40.866703,6.496130,edge estimates disagree,68.715124,-394.824477,463.539601,
skew,actuator_characterization_repeat,0,17,8,728,1,none,1300000000.000000,2600000000.000000,1.000000,1,1,32,-10.218613,1.003976,-1.000000,1,none,3.110208,-1,-3.141593,-0.031384,-0.021690,-16.684697,299374999.833887,299374999.833887,584.284022,577.818711,0.999963,0.999960,3.558402,3.646073,0,0,0,nan,nan,nan,nan,41.297079,6.567621,40.989025,6.516449,POLARITY,nan,nan,nan,
skew,actuator_characterization_repeat,0,17,9,729,1,none,1300000000.000000,2600000000.000000,1.000000,1,1,32,-10.218613,1.003976,-1.000000,1,none,3.108928,-1,-3.141593,-0.032665,-0.022575,-17.365527,299374999.833887,299374999.833887,584.461950,577.267683,0.999962,0.999963,3.596363,3.493882,0,0,0,nan,nan,nan,nan,41.207554,6.552750,41.351081,6.576591,POLARITY,nan,nan,nan,
skew,actuator_characterization_repeat,0,17,10,730,1,none,1300000000.000000,2600000000.000000,1.000000,1,1,32,-10.218613,1.003976,-1.000000,1,none,3.114373,-1,-3.141593,-0.027220,-0.018812,-14.470807,299374999.833887,299374999.833887,583.529774,578.647562,0.999924,0.999929,5.079456,4.877369,1,1,0,nan,nan,nan,nan,38.194616,6.052262,38.474271,6.098716,edge estimates disagree,184.509878,44.001115,140.508763,
