requested_frequency_mhz,actual_frequency_mhz,frequency_error_hz,tone_bin,peak_code,peak_dbfs,minimum_code,maximum_code,txt,json
1.25,1.25,0.0,8,32729,-0.01007890079643443,-32729,32729,waveforms\frequency_sweep_full_scale\sine_1p25MHz_2p6GSPS_amp32729.txt,waveforms\frequency_sweep_full_scale\sine_1p25MHz_2p6GSPS_amp32729.json
2.5,2.5,0.0,16,32729,-0.01007890079643443,-32729,32729,waveforms\frequency_sweep_full_scale\sine_2p5MHz_2p6GSPS_amp32729.txt,waveforms\frequency_sweep_full_scale\sine_2p5MHz_2p6GSPS_amp32729.json
5.0,5.0,0.0,32,32729,-0.01007890079643443,-32729,32729,waveforms\frequency_sweep_full_scale\sine_5MHz_2p6GSPS_amp32729.txt,waveforms\frequency_sweep_full_scale\sine_5MHz_2p6GSPS_amp32729.json
7.5,7.5,0.0,48,32729,-0.01007890079643443,-32729,32729,waveforms\frequency_sweep_full_scale\sine_7p5MHz_2p6GSPS_amp32729.txt,waveforms\frequency_sweep_full_scale\sine_7p5MHz_2p6GSPS_amp32729.json
10.0,10.0,0.0,64,32729,-0.01007890079643443,-32729,32729,waveforms\frequency_sweep_full_scale\sine_10MHz_2p6GSPS_amp32729.txt,waveforms\frequency_sweep_full_scale\sine_10MHz_2p6GSPS_amp32729.json
12.5,12.5,0.0,80,32729,-0.01007890079643443,-32729,32729,waveforms\frequency_sweep_full_scale\sine_12p5MHz_2p6GSPS_amp32729.txt,waveforms\frequency_sweep_full_scale\sine_12p5MHz_2p6GSPS_amp32729.json
15.0,15.0,0.0,96,32729,-0.01007890079643443,-32729,32729,waveforms\frequency_sweep_full_scale\sine_15MHz_2p6GSPS_amp32729.txt,waveforms\frequency_sweep_full_scale\sine_15MHz_2p6GSPS_amp32729.json
20.0,20.0,0.0,128,32729,-0.01007890079643443,-32729,32729,waveforms\frequency_sweep_full_scale\sine_20MHz_2p6GSPS_amp32729.txt,waveforms\frequency_sweep_full_scale\sine_20MHz_2p6GSPS_amp32729.json
25.0,25.0,0.0,160,32729,-0.01007890079643443,-32729,32729,waveforms\frequency_sweep_full_scale\sine_25MHz_2p6GSPS_amp32729.txt,waveforms\frequency_sweep_full_scale\sine_25MHz_2p6GSPS_amp32729.json
35.0,35.0,0.0,224,32729,-0.01007890079643443,-32729,32729,waveforms\frequency_sweep_full_scale\sine_35MHz_2p6GSPS_amp32729.txt,waveforms\frequency_sweep_full_scale\sine_35MHz_2p6GSPS_amp32729.json
50.0,50.0,0.0,320,32729,-0.01007890079643443,-32729,32729,waveforms\frequency_sweep_full_scale\sine_50MHz_2p6GSPS_amp32729.txt,waveforms\frequency_sweep_full_scale\sine_50MHz_2p6GSPS_amp32729.json
75.0,75.0,0.0,480,32729,-0.01007890079643443,-32729,32729,waveforms\frequency_sweep_full_scale\sine_75MHz_2p6GSPS_amp32729.txt,waveforms\frequency_sweep_full_scale\sine_75MHz_2p6GSPS_amp32729.json
100.0,100.0,0.0,640,32729,-0.01007890079643443,-32729,32729,waveforms\frequency_sweep_full_scale\sine_100MHz_2p6GSPS_amp32729.txt,waveforms\frequency_sweep_full_scale\sine_100MHz_2p6GSPS_amp32729.json
200.0,200.0,0.0,1280,32729,-0.01007890079643443,-31778,32729,waveforms\frequency_sweep_full_scale\sine_200MHz_2p6GSPS_amp32729.txt,waveforms\frequency_sweep_full_scale\sine_200MHz_2p6GSPS_amp32729.json
300.0,300.0,0.0,1920,32729,-0.01007890079643443,-32729,32729,waveforms\frequency_sweep_full_scale\sine_300MHz_2p6GSPS_amp32729.txt,waveforms\frequency_sweep_full_scale\sine_300MHz_2p6GSPS_amp32729.json
400.0,400.0,0.0,2560,32729,-0.01007890079643443,-31778,32729,waveforms\frequency_sweep_full_scale\sine_400MHz_2p6GSPS_amp32729.txt,waveforms\frequency_sweep_full_scale\sine_400MHz_2p6GSPS_amp32729.json
500.0,500.0,0.0,3200,32729,-0.01007890079643443,-32729,32729,waveforms\frequency_sweep_full_scale\sine_500MHz_2p6GSPS_amp32729.txt,waveforms\frequency_sweep_full_scale\sine_500MHz_2p6GSPS_amp32729.json
625.0,625.0,0.0,4000,32729,-0.01007890079643443,-32729,32729,waveforms\frequency_sweep_full_scale\sine_625MHz_2p6GSPS_amp32729.txt,waveforms\frequency_sweep_full_scale\sine_625MHz_2p6GSPS_amp32729.json
750.0,750.0,0.0,4800,32729,-0.01007890079643443,-32729,32729,waveforms\frequency_sweep_full_scale\sine_750MHz_2p6GSPS_amp32729.txt,waveforms\frequency_sweep_full_scale\sine_750MHz_2p6GSPS_amp32729.json
1000.0,1000.0,0.0,6400,32729,-0.01007890079643443,-31778,32729,waveforms\frequency_sweep_full_scale\sine_1000MHz_2p6GSPS_amp32729.txt,waveforms\frequency_sweep_full_scale\sine_1000MHz_2p6GSPS_amp32729.json
1200.0,1200.0,0.0,7680,32729,-0.01007890079643443,-31778,32729,waveforms\frequency_sweep_full_scale\sine_1200MHz_2p6GSPS_amp32729.txt,waveforms\frequency_sweep_full_scale\sine_1200MHz_2p6GSPS_amp32729.json
