stage,capture_phase,iteration,capture_group_index,capture_index,global_capture_index,raw_baseline_global_capture_index,accepted,rejection_reason,physical_adc_rate_hz,configured_dac_rate_hz,reference_rate_compensation,channel,canonical_phase,final_offset_correction_codes,final_gain_correction,active_polarity,final_delay_register,final_skew_samples,final_skew_ps,controller_iteration,analysis_iteration,cycles,rotation,events_used,align_n0,offset_a_codes,offset_b_codes,gain_a_codes,gain_b_codes,gain_ratio,skew_a_ps,skew_b_ps,skew_mismatch_ps,raw_a_sndr_db,raw_a_sfdr_db,raw_a_enob,raw_a_thd_db,raw_a_signal_hz,raw_a_worst_spur_hz,raw_b_sndr_db,raw_b_sfdr_db,raw_b_enob,raw_b_thd_db,raw_b_signal_hz,raw_b_worst_spur_hz,cal_a_sndr_db,cal_a_sfdr_db,cal_a_enob,cal_a_thd_db,cal_a_signal_hz,cal_a_worst_spur_hz,cal_b_sndr_db,cal_b_sfdr_db,cal_b_enob,cal_b_thd_db,cal_b_signal_hz,cal_b_worst_spur_hz,A_correlation,B_correlation,A_RMSE_codes,B_RMSE_codes,raw_ab_correlation,cal_ab_correlation,raw_ab_rmse_codes,cal_ab_rmse_codes,raw_ab_residual_dbc,cal_ab_residual_dbc,raw_offset_mismatch_codes,cal_offset_mismatch_codes,raw_gain_ratio_b_over_a,cal_gain_ratio_b_over_a,raw_gain_mismatch,cal_gain_mismatch,raw_skew_mismatch_ps,cal_skew_mismatch_ps,raw_parallel_avg_sndr_db,raw_parallel_avg_sfdr_db,raw_parallel_avg_enob,raw_parallel_avg_thd_db,raw_parallel_avg_signal_hz,raw_parallel_avg_worst_spur_hz,cal_parallel_avg_sndr_db,cal_parallel_avg_sfdr_db,cal_parallel_avg_enob,cal_parallel_avg_thd_db,cal_parallel_avg_signal_hz,cal_parallel_avg_worst_spur_hz,raw_offset_spur_dbc,raw_image_spur_dbc,cal_offset_spur_dbc,cal_image_spur_dbc,valid,rejection_reason
performance,performance,0,1,1,931,11,1,none,1300000000.000000,2600000000.000000,1.000000,0,1,4.739600,0.972992,-1.000000,34,-0.006271,-4.823817,0,1,800,0,3,0,4.739600,4.739600,0.972992,0.972992,1.000000,nan,nan,-4.823817,42.373398,50.503181,6.746412,-52.114613,299000000.000000,30875000.000000,41.955715,50.387867,6.677030,-48.726814,299000000.000000,84500000.000000,42.522335,51.266796,6.771152,-49.636734,299000000.000000,30875000.000000,43.205540,54.304905,6.884642,-48.976585,299000000.000000,409500000.000000,0.999076,0.998586,16.478064,25.388939,0.987675,0.999898,60.648640,16.747002,-15.875427,-27.147539,3.230411,6.128210,0.966793,0.989837,-0.033207,-0.010163,-50.164551,-4.823817,44.337002,51.527565,7.072592,-53.577560,299000000.000000,30875000.000000,45.266220,54.480312,7.226947,-51.552914,299000000.000000,29250000.000000,nan,nan,nan,nan,1,none
performance,performance,0,1,2,932,12,1,none,1300000000.000000,2600000000.000000,1.000000,0,1,4.739600,0.972992,-1.000000,34,-0.006271,-4.823817,0,2,1600,0,3,0,4.739600,4.739600,0.972992,0.972992,1.000000,nan,nan,-4.823817,41.683681,50.326420,6.631841,-49.681496,299000000.000000,81250000.000000,42.502491,51.240414,6.767856,-50.556953,299000000.000000,19500000.000000,43.128445,54.805199,6.871835,-50.441090,299000000.000000,583375000.000000,43.388355,54.607471,6.915009,-50.914082,299000000.000000,237250000.000000,0.999908,0.999851,20.249262,16.352205,0.993909,0.999844,42.452370,17.261736,-19.082010,-27.260201,4.111969,5.798919,0.992558,0.988054,-0.007442,-0.011946,-50.164551,-4.823817,43.943222,50.521679,7.007180,-52.133629,299000000.000000,43875000.000000,46.628307,58.346775,7.453207,-52.898838,299000000.000000,63375000.000000,nan,nan,nan,nan,1,none
performance,performance,0,1,3,933,13,1,none,1300000000.000000,2600000000.000000,1.000000,0,1,4.739600,0.972992,-1.000000,34,-0.006271,-4.823817,0,3,2400,0,3,0,4.739600,4.739600,0.972992,0.972992,1.000000,nan,nan,-4.823817,41.991173,50.640957,6.682920,-48.996178,299000000.000000,19500000.000000,42.629238,50.204365,6.788910,-51.403236,299000000.000000,34125000.000000,42.867661,52.629883,6.828516,-52.005024,299000000.000000,442000000.000000,42.889992,54.211197,6.832225,-50.358879,299000000.000000,235625000.000000,0.999804,0.999644,17.253696,29.549068,0.988149,0.999925,61.868946,17.426012,-16.035786,-27.066294,4.130343,7.236768,0.967188,0.992119,-0.032812,-0.007881,-50.164551,-4.823817,44.384209,52.341400,7.080434,-52.685596,299000000.000000,19500000.000000,45.349308,54.368614,7.240749,-52.791824,299000000.000000,60125000.000000,nan,nan,nan,nan,1,none
performance,performance,0,1,4,934,14,1,none,1300000000.000000,2600000000.000000,1.000000,0,1,4.739600,0.972992,-1.000000,34,-0.006271,-4.823817,0,4,3200,0,3,0,4.739600,4.739600,0.972992,0.972992,1.000000,nan,nan,-4.823817,43.271786,55.209614,6.895646,-50.279469,299000000.000000,110500000.000000,43.388088,54.255913,6.914965,-51.672798,299000000.000000,555750000.000000,43.426926,52.152340,6.921417,-52.400948,299000000.000000,52000000.000000,43.493862,52.734947,6.932536,-52.868687,299000000.000000,82875000.000000,0.998676,0.998176,23.620928,37.370770,0.994194,0.999912,43.126583,17.144623,-19.307770,-26.848383,3.449014,6.904769,0.993535,0.992226,-0.006465,-0.007774,-50.164551,-4.823817,45.928745,55.122475,7.337001,-53.163902,299000000.000000,40625000.000000,45.858925,54.228020,7.325403,-54.976448,299000000.000000,82875000.000000,nan,nan,nan,nan,1,none
performance,performance,0,1,5,935,15,1,none,1300000000.000000,2600000000.000000,1.000000,0,1,4.739600,0.972992,-1.000000,34,-0.006271,-4.823817,0,5,4000,0,3,0,4.739600,4.739600,0.972992,0.972992,1.000000,nan,nan,-4.823817,42.577309,49.614285,6.780284,-50.761257,299000000.000000,55250000.000000,41.693810,47.986900,6.633523,-48.733746,299000000.000000,86125000.000000,41.814964,50.311390,6.653649,-50.323948,299000000.000000,68250000.000000,42.027363,49.672421,6.688931,-50.284412,299000000.000000,43875000.000000,0.999793,0.999908,16.542477,22.887094,0.980508,0.999853,81.225586,16.865181,-13.811181,-27.358448,4.387401,5.426792,0.950984,0.987588,-0.049016,-0.012412,-50.164551,-4.823817,44.073910,50.297745,7.028889,-53.013580,299000000.000000,60125000.000000,44.032116,51.153870,7.021946,-53.473709,299000000.000000,66625000.000000,nan,nan,nan,nan,1,none
performance,performance,0,1,6,936,16,1,none,1300000000.000000,2600000000.000000,1.000000,0,1,4.739600,0.972992,-1.000000,34,-0.006271,-4.823817,0,6,4800,0,3,0,4.739600,4.739600,0.972992,0.972992,1.000000,nan,nan,-4.823817,42.918762,50.793900,6.837004,-49.560417,299000000.000000,24375000.000000,42.462090,52.091488,6.761145,-49.826424,299000000.000000,108875000.000000,42.655155,54.133537,6.793215,-50.856129,299000000.000000,107250000.000000,43.291447,42.418892,6.898911,-50.746166,299000000.000000,279500000.000000,0.999915,0.999849,19.704119,18.814363,0.985020,0.999848,68.737396,17.481770,-14.975848,-27.162498,4.769550,5.976545,0.959465,0.987205,-0.040535,-0.012795,-50.164551,-4.823817,44.777069,51.441883,7.145693,-52.063698,299000000.000000,24375000.000000,45.517803,55.200317,7.268738,-53.096466,299000000.000000,61750000.000000,nan,nan,nan,nan,1,none
performance,performance,0,1,7,937,17,1,none,1300000000.000000,2600000000.000000,1.000000,0,1,4.739600,0.972992,-1.000000,34,-0.006271,-4.823817,0,7,5600,0,3,0,4.739600,4.739600,0.972992,0.972992,1.000000,nan,nan,-4.823817,42.795048,51.453537,6.816453,-48.998737,299000000.000000,108875000.000000,41.839134,50.240791,6.657664,-49.140060,299000000.000000,24375000.000000,42.206451,51.246922,6.718680,-49.250938,299000000.000000,26000000.000000,42.079247,52.567249,6.697549,-49.446690,299000000.000000,86125000.000000,0.999799,0.999475,15.123739,24.282400,0.991239,0.999863,51.663815,16.900665,-17.428120,-27.320448,3.691529,5.684426,0.978555,0.988377,-0.021445,-0.011623,-50.164551,-4.823817,44.584026,52.525982,7.113626,-50.737728,299000000.000000,40625000.000000,44.522263,52.284466,7.103366,-51.197159,299000000.000000,34125000.000000,nan,nan,nan,nan,1,none
performance,performance,0,1,8,938,18,1,none,1300000000.000000,2600000000.000000,1.000000,0,1,4.739600,0.972992,-1.000000,34,-0.006271,-4.823817,0,8,6400,0,3,0,4.739600,4.739600,0.972992,0.972992,1.000000,nan,nan,-4.823817,41.813423,50.271664,6.653393,-49.575726,299000000.000000,60125000.000000,42.396175,48.886105,6.750196,-50.211632,299000000.000000,79625000.000000,42.141190,52.138039,6.707839,-51.114044,299000000.000000,47125000.000000,41.896664,48.609673,6.667220,-50.123428,299000000.000000,50375000.000000,0.999274,0.999564,15.403343,23.793968,0.994411,0.999910,41.504318,18.190950,-19.435545,-26.487745,5.416668,7.891563,0.995878,0.991276,-0.004122,-0.008724,-50.164551,-4.823817,44.262615,50.658989,7.060236,-53.425694,299000000.000000,61750000.000000,44.119015,50.608055,7.036382,-53.541065,299000000.000000,48750000.000000,nan,nan,nan,nan,1,none
performance,performance,0,1,9,939,19,1,none,1300000000.000000,2600000000.000000,1.000000,0,1,4.739600,0.972992,-1.000000,34,-0.006271,-4.823817,0,9,7200,0,3,0,4.739600,4.739600,0.972992,0.972992,1.000000,nan,nan,-4.823817,43.659351,53.332394,6.960025,-52.272850,299000000.000000,66625000.000000,43.325237,52.524082,6.904525,-52.980717,299000000.000000,27625000.000000,43.591042,53.288715,6.948678,-51.090076,299000000.000000,43875000.000000,42.921055,53.702133,6.837385,-51.621895,299000000.000000,74750000.000000,0.999177,0.998820,16.207211,27.499376,0.990110,0.999919,56.947987,17.510992,-16.874708,-26.808338,4.057834,7.263450,0.974642,0.991347,-0.025358,-0.008653,-50.164551,-4.823817,46.056850,54.440895,7.358281,-55.750187,299000000.000000,47125000.000000,45.498085,54.861012,7.265463,-53.280346,299000000.000000,55250000.000000,nan,nan,nan,nan,1,none
performance,performance,0,1,10,940,20,1,none,1300000000.000000,2600000000.000000,1.000000,0,1,4.739600,0.972992,-1.000000,34,-0.006271,-4.823817,0,10,8000,0,3,0,4.739600,4.739600,0.972992,0.972992,1.000000,nan,nan,-4.823817,42.132477,49.408161,6.706392,-50.253494,299000000.000000,50375000.000000,42.317547,50.193279,6.737134,-48.312874,299000000.000000,22750000.000000,43.571129,54.340195,6.945371,-50.317917,299000000.000000,99125000.000000,42.044327,52.318707,6.691749,-49.406017,299000000.000000,19500000.000000,0.999736,0.999573,15.303555,15.404172,0.987525,0.999930,61.211861,17.085051,-15.804770,-27.185795,4.884623,6.979900,0.966354,0.992739,-0.033646,-0.007261,-50.164551,-4.823817,44.246044,51.652187,7.057483,-51.071537,299000000.000000,22750000.000000,44.956524,55.156803,7.175503,-52.647205,299000000.000000,65000000.000000,nan,nan,nan,nan,1,none
performance,performance,0,1,11,941,21,1,none,1300000000.000000,2600000000.000000,1.000000,0,1,4.739600,0.972992,-1.000000,34,-0.006271,-4.823817,0,11,8800,0,3,0,4.739600,4.739600,0.972992,0.972992,1.000000,nan,nan,-4.823817,42.874542,52.599804,6.829659,-50.874722,299000000.000000,26000000.000000,41.750973,50.088360,6.643019,-48.730984,299000000.000000,45500000.000000,41.473988,49.749657,6.597008,-48.637890,299000000.000000,47125000.000000,42.855553,50.148106,6.826504,-50.978016,299000000.000000,69875000.000000,0.999911,0.999947,18.755333,14.411163,0.994317,0.999933,41.366596,17.042480,-19.371300,-27.331936,4.991048,6.971354,0.995125,0.993273,-0.004875,-0.006727,-50.164551,-4.823817,45.414551,52.223083,7.251587,-53.925957,299000000.000000,45500000.000000,43.868271,50.552021,6.994730,-51.610008,299000000.000000,48750000.000000,nan,nan,nan,nan,1,none
performance,performance,0,1,12,942,22,1,none,1300000000.000000,2600000000.000000,1.000000,0,1,4.739600,0.972992,-1.000000,34,-0.006271,-4.823817,0,12,9600,0,3,0,4.739600,4.739600,0.972992,0.972992,1.000000,nan,nan,-4.823817,43.089436,52.722107,6.865355,-49.681160,299000000.000000,24375000.000000,42.849442,52.864021,6.825489,-50.623734,299000000.000000,43875000.000000,43.193405,53.925751,6.882626,-51.218208,299000000.000000,180375000.000000,43.364334,52.735794,6.911019,-50.256603,299000000.000000,69875000.000000,0.999517,0.998974,15.342860,28.796513,0.994544,0.999836,42.036282,17.976192,-19.581354,-26.657761,3.729035,6.658774,0.996436,0.987979,-0.003564,-0.012021,-50.164551,-4.823817,45.494781,54.899937,7.264914,-53.019619,299000000.000000,43875000.000000,46.266964,55.157848,7.393184,-53.599163,299000000.000000,69875000.000000,nan,nan,nan,nan,1,none
performance,performance,0,1,13,943,23,1,none,1300000000.000000,2600000000.000000,1.000000,0,1,4.739600,0.972992,-1.000000,34,-0.006271,-4.823817,0,13,10400,0,3,0,4.739600,4.739600,0.972992,0.972992,1.000000,nan,nan,-4.823817,42.977360,51.814617,6.846738,-51.021763,299000000.000000,56875000.000000,42.645035,53.681801,6.791534,-50.291298,299000000.000000,42250000.000000,42.492401,53.954224,6.766180,-51.372456,299000000.000000,139750000.000000,42.197849,50.845020,6.717251,-49.429615,299000000.000000,52000000.000000,0.999638,0.999762,14.560941,24.666269,0.988091,0.999939,62.604912,16.751343,-16.033079,-27.319185,2.918820,6.742514,0.967817,0.993067,-0.032183,-0.006933,-50.164551,-4.823817,45.229187,54.238117,7.220796,-53.630489,299000000.000000,56875000.000000,44.103451,55.877708,7.033796,-52.096138,299000000.000000,139750000.000000,nan,nan,nan,nan,1,none
performance,performance,0,1,14,944,24,1,none,1300000000.000000,2600000000.000000,1.000000,0,1,4.739600,0.972992,-1.000000,34,-0.006271,-4.823817,0,14,11200,0,3,0,4.739600,4.739600,0.972992,0.972992,1.000000,nan,nan,-4.823817,42.929379,54.987331,6.838768,-50.306816,299000000.000000,635375000.000000,42.854836,50.472843,6.826385,-51.774094,299000000.000000,126750000.000000,42.605328,52.982719,6.784938,-50.154907,299000000.000000,537875000.000000,42.685673,53.776829,6.798285,-48.501663,299000000.000000,92625000.000000,0.999863,0.999579,15.596220,20.449898,0.991898,0.999846,52.109035,17.948574,-17.773331,-26.835947,4.850846,6.531230,0.981416,0.987160,-0.018584,-0.012840,-50.164551,-4.823817,45.746204,56.079174,7.306679,-53.273014,299000000.000000,81250000.000000,45.826603,55.617176,7.320034,-52.544579,299000000.000000,63375000.000000,nan,nan,nan,nan,1,none
performance,performance,0,1,15,945,25,1,none,1300000000.000000,2600000000.000000,1.000000,0,1,4.739600,0.972992,-1.000000,34,-0.006271,-4.823817,0,15,12000,0,3,0,4.739600,4.739600,0.972992,0.972992,1.000000,nan,nan,-4.823817,42.337730,50.123772,6.740487,-50.159893,299000000.000000,22750000.000000,41.626419,52.273682,6.622329,-50.602364,299000000.000000,82875000.000000,42.743538,50.538567,6.807897,-49.997341,299000000.000000,68250000.000000,44.205257,53.947998,7.050707,-50.672703,299000000.000000,30875000.000000,0.999842,0.999940,15.542253,21.325735,0.993577,0.999902,45.613827,17.463638,-18.845953,-27.075212,3.827566,6.839524,0.989697,0.989733,-0.010303,-0.010267,-50.164551,-4.823817,43.925312,53.054077,7.004205,-52.391914,299000000.000000,82875000.000000,45.802921,53.669952,7.316100,-53.300941,299000000.000000,68250000.000000,nan,nan,nan,nan,1,none
performance,performance,0,1,16,946,26,1,none,1300000000.000000,2600000000.000000,1.000000,0,1,4.739600,0.972992,-1.000000,34,-0.006271,-4.823817,0,16,12800,0,3,0,4.739600,4.739600,0.972992,0.972992,1.000000,nan,nan,-4.823817,42.889923,53.846428,6.832213,-51.114037,299000000.000000,81250000.000000,42.664223,51.661259,6.794722,-50.061367,299000000.000000,60125000.000000,42.188484,50.390800,6.715695,-50.816586,299000000.000000,87750000.000000,42.206291,50.848045,6.718653,-49.922573,299000000.000000,21125000.000000,0.999908,0.999793,22.400915,14.876342,0.992640,0.999915,47.555752,17.675854,-18.231527,-27.029312,3.823349,7.237933,0.985612,0.990419,-0.014388,-0.009581,-50.164551,-4.823817,45.336338,53.181293,7.238595,-53.199677,299000000.000000,60125000.000000,44.457016,52.336105,7.092528,-52.280457,299000000.000000,19500000.000000,nan,nan,nan,nan,1,none
performance,performance,0,1,17,947,27,1,none,1300000000.000000,2600000000.000000,1.000000,0,1,4.739600,0.972992,-1.000000,34,-0.006271,-4.823817,0,17,13600,0,3,0,4.739600,4.739600,0.972992,0.972992,1.000000,nan,nan,-4.823817,42.585041,49.959812,6.781569,-49.155148,299000000.000000,65000000.000000,42.234287,50.012398,6.723304,-50.532150,299000000.000000,56875000.000000,42.949314,53.217400,6.842079,-50.967121,299000000.000000,66625000.000000,42.781677,51.961998,6.814232,-50.962700,299000000.000000,27625000.000000,0.997985,0.996947,26.862112,39.886810,0.986072,0.999839,66.031044,18.549702,-15.319758,-25.985201,4.251381,7.450256,0.963017,0.987346,-0.036983,-0.012654,-50.164551,-4.823817,44.289818,50.125591,7.064754,-51.927395,299000000.000000,60125000.000000,45.686733,52.832287,7.296800,-53.485390,299000000.000000,34125000.000000,nan,nan,nan,nan,1,none
performance,performance,0,1,18,948,28,1,none,1300000000.000000,2600000000.000000,1.000000,0,1,4.739600,0.972992,-1.000000,34,-0.006271,-4.823817,0,18,14400,0,3,0,4.739600,4.739600,0.972992,0.972992,1.000000,nan,nan,-4.823817,41.960655,51.019341,6.677850,-48.705303,299000000.000000,92625000.000000,42.121662,50.643364,6.704596,-48.840004,299000000.000000,104000000.000000,43.278591,51.911201,6.896776,-53.151474,299000000.000000,21125000.000000,43.191830,52.833080,6.882364,-51.440201,299000000.000000,32500000.000000,0.999787,0.999944,17.083454,26.693754,0.994316,0.999853,42.647194,17.831997,-19.408722,-26.839388,3.279876,6.589173,0.995221,0.987883,-0.004779,-0.012117,-50.164551,-4.823817,43.552555,50.969772,6.942285,-50.494106,299000000.000000,91000000.000000,45.715782,52.925049,7.301625,-55.380470,299000000.000000,22750000.000000,nan,nan,nan,nan,1,none
performance,performance,0,1,19,949,29,1,none,1300000000.000000,2600000000.000000,1.000000,0,1,4.739600,0.972992,-1.000000,34,-0.006271,-4.823817,0,19,15200,0,3,0,4.739600,4.739600,0.972992,0.972992,1.000000,nan,nan,-4.823817,43.068493,52.788006,6.861876,-49.583328,299000000.000000,251875000.000000,43.723179,52.644859,6.970628,-51.461002,299000000.000000,165750000.000000,43.356609,53.333748,6.909736,-52.792255,299000000.000000,42250000.000000,43.073826,51.654369,6.862762,-49.610924,299000000.000000,73125000.000000,0.999281,0.999489,15.487267,16.495914,0.990580,0.999934,55.168934,16.506380,-17.076096,-27.331106,5.716501,6.429788,0.976577,0.992726,-0.023423,-0.007274,-50.164551,-4.823817,45.815231,55.190098,7.318145,-53.193035,299000000.000000,27625000.000000,45.679127,52.752808,7.295537,-52.775425,299000000.000000,66625000.000000,nan,nan,nan,nan,1,none
performance,performance,0,1,20,950,30,1,none,1300000000.000000,2600000000.000000,1.000000,0,1,4.739600,0.972992,-1.000000,34,-0.006271,-4.823817,0,20,16000,0,3,0,4.739600,4.739600,0.972992,0.972992,1.000000,nan,nan,-4.823817,41.951946,48.687489,6.676404,-50.531780,299000000.000000,63375000.000000,42.391579,51.113651,6.749432,-48.752575,299000000.000000,97500000.000000,43.380802,53.490154,6.913755,-50.965405,299000000.000000,146250000.000000,43.473648,52.971252,6.929178,-50.617496,299000000.000000,56875000.000000,0.999862,0.999592,19.150187,30.590054,0.984423,0.999864,69.797157,17.954445,-14.800163,-26.839392,4.447322,6.775737,0.957857,0.987615,-0.042143,-0.012385,-50.164551,-4.823817,44.006832,50.388588,7.017746,-51.345043,299000000.000000,65000000.000000,45.924713,56.656158,7.336331,-52.444622,299000000.000000,56875000.000000,nan,nan,nan,nan,1,none
performance,performance,0,1,21,951,31,1,none,1300000000.000000,2600000000.000000,1.000000,0,1,4.739600,0.972992,-1.000000,34,-0.006271,-4.823817,0,21,16800,0,3,0,4.739600,4.739600,0.972992,0.972992,1.000000,nan,nan,-4.823817,43.688457,54.333870,6.964860,-51.119957,299000000.000000,22750000.000000,42.720444,52.674553,6.804061,-50.192131,299000000.000000,29250000.000000,43.156975,51.789948,6.876574,-51.885166,299000000.000000,71500000.000000,42.246479,51.190327,6.725329,-48.654716,299000000.000000,102375000.000000,0.999944,0.999947,20.837282,29.810156,0.985312,0.999924,68.435211,15.943175,-15.070988,-27.952314,4.470616,5.628661,0.960476,0.992296,-0.039524,-0.007704,-50.164551,-4.823817,45.700893,54.532379,7.299152,-53.164612,299000000.000000,22750000.000000,44.863792,55.147728,7.160099,-52.413403,299000000.000000,102375000.000000,nan,nan,nan,nan,1,none
performance,performance,0,1,22,952,32,1,none,1300000000.000000,2600000000.000000,1.000000,0,1,4.739600,0.972992,-1.000000,34,-0.006271,-4.823817,0,22,17600,0,3,0,4.739600,4.739600,0.972992,0.972992,1.000000,nan,nan,-4.823817,42.908432,50.198009,6.835288,-52.189495,299000000.000000,35750000.000000,42.240849,49.649113,6.724394,-50.514210,299000000.000000,55250000.000000,43.404350,53.272327,6.917666,-51.530613,299000000.000000,56875000.000000,43.433208,51.846298,6.922460,-50.360947,299000000.000000,40625000.000000,0.999939,0.999811,18.575155,20.147646,0.994096,0.999887,42.705154,16.447109,-19.215904,-27.686480,4.517929,5.459662,0.994003,0.989078,-0.005997,-0.010922,-50.164551,-4.823817,44.617683,51.202881,7.119217,-53.216236,299000000.000000,35750000.000000,45.483791,52.987648,7.263089,-53.768307,299000000.000000,39000000.000000,nan,nan,nan,nan,1,none
performance,performance,0,1,23,953,33,1,none,1300000000.000000,2600000000.000000,1.000000,0,1,4.739600,0.972992,-1.000000,34,-0.006271,-4.823817,0,23,18400,0,3,0,4.739600,4.739600,0.972992,0.972992,1.000000,nan,nan,-4.823817,42.359493,52.394440,6.744102,-50.165607,299000000.000000,89375000.000000,42.299400,49.410168,6.734120,-50.009983,299000000.000000,39000000.000000,42.039795,49.621220,6.690996,-49.952129,299000000.000000,27625000.000000,42.415066,49.235146,6.753334,-50.148602,299000000.000000,32500000.000000,0.998345,0.997423,24.442701,38.282475,0.993225,0.999843,47.312828,18.023750,-18.586275,-26.310467,5.115883,6.832710,0.988416,0.987105,-0.011584,-0.012895,-50.164551,-4.823817,44.541851,51.149834,7.106620,-53.645351,299000000.000000,61750000.000000,44.023518,49.963772,7.020518,-52.747509,299000000.000000,29250000.000000,nan,nan,nan,nan,1,none
performance,performance,0,1,24,954,34,1,none,1300000000.000000,2600000000.000000,1.000000,0,1,4.739600,0.972992,-1.000000,34,-0.006271,-4.823817,0,24,19200,0,3,0,4.739600,4.739600,0.972992,0.972992,1.000000,nan,nan,-4.823817,42.773918,51.097496,6.812943,-50.286137,299000000.000000,58500000.000000,42.681957,51.680889,6.797668,-50.286541,299000000.000000,56875000.000000,43.181652,53.680344,6.880673,-48.919846,299000000.000000,593125000.000000,43.384331,52.167408,6.914341,-49.282326,299000000.000000,100750000.000000,0.999915,0.999962,16.532227,18.839317,0.993406,0.999919,46.010334,17.941122,-18.732174,-26.887732,3.754559,7.659692,0.989395,0.991572,-0.010605,-0.008428,-50.164551,-4.823817,44.446182,52.033287,7.090728,-52.012268,299000000.000000,58500000.000000,45.766140,52.510021,7.309990,-51.907688,299000000.000000,32500000.000000,nan,nan,nan,nan,1,none
performance,performance,0,1,25,955,35,1,none,1300000000.000000,2600000000.000000,1.000000,0,1,4.739600,0.972992,-1.000000,34,-0.006271,-4.823817,0,25,20000,0,3,0,4.739600,4.739600,0.972992,0.972992,1.000000,nan,nan,-4.823817,43.494793,52.046535,6.932690,-51.937023,299000000.000000,21125000.000000,43.073612,55.467644,6.862727,-51.290855,299000000.000000,331500000.000000,42.809982,52.545761,6.818934,-51.414921,299000000.000000,34125000.000000,43.486435,51.614574,6.931302,-51.039494,299000000.000000,60125000.000000,0.999875,0.999917,19.360559,28.065865,0.982511,0.999892,76.538918,17.666834,-14.281034,-27.025652,5.438985,6.903235,0.954291,0.989375,-0.045709,-0.010625,-50.164551,-4.823817,45.828220,54.092957,7.320302,-54.385410,299000000.000000,22750000.000000,45.598980,54.047844,7.282223,-54.260784,299000000.000000,60125000.000000,nan,nan,nan,nan,1,none
performance,performance,0,1,26,956,36,1,none,1300000000.000000,2600000000.000000,1.000000,0,1,4.739600,0.972992,-1.000000,34,-0.006271,-4.823817,0,26,20800,0,3,0,4.739600,4.739600,0.972992,0.972992,1.000000,nan,nan,-4.823817,42.755600,53.254124,6.809901,-50.136303,299000000.000000,27625000.000000,42.988869,52.691818,6.848650,-51.517498,299000000.000000,42250000.000000,43.554543,52.883842,6.942616,-53.433117,299000000.000000,43875000.000000,43.225372,53.553131,6.887936,-50.675377,299000000.000000,632125000.000000,0.999910,0.999659,17.548645,27.599007,0.987502,0.999847,63.056213,18.695223,-15.816206,-26.506939,3.726816,7.394756,0.966913,0.987331,-0.033087,-0.012669,-50.164551,-4.823817,45.367989,53.775551,7.243852,-52.729980,299000000.000000,42250000.000000,45.892860,54.160645,7.331040,-55.439079,299000000.000000,43875000.000000,nan,nan,nan,nan,1,none
performance,performance,0,1,27,957,37,1,none,1300000000.000000,2600000000.000000,1.000000,0,1,4.739600,0.972992,-1.000000,34,-0.006271,-4.823817,0,27,21600,0,3,0,4.739600,4.739600,0.972992,0.972992,1.000000,nan,nan,-4.823817,41.869633,48.872448,6.662730,-49.193657,299000000.000000,68250000.000000,42.461002,50.604374,6.760964,-52.184006,299000000.000000,66625000.000000,43.006935,53.463505,6.851651,-50.690987,299000000.000000,144625000.000000,43.373817,54.872353,6.912595,-50.262112,299000000.000000,123500000.000000,0.999904,0.999904,20.261003,17.150831,0.986519,0.999936,67.684555,16.892935,-15.464602,-27.458960,3.225805,6.810879,0.963188,0.993008,-0.036812,-0.006992,-50.164551,-4.823817,44.152962,50.376080,7.042020,-52.691536,299000000.000000,68250000.000000,45.379417,55.609276,7.245751,-53.701248,299000000.000000,123500000.000000,nan,nan,nan,nan,1,none
performance,performance,0,1,28,958,38,1,none,1300000000.000000,2600000000.000000,1.000000,0,1,4.739600,0.972992,-1.000000,34,-0.006271,-4.823817,0,28,22400,0,3,0,4.739600,4.739600,0.972992,0.972992,1.000000,nan,nan,-4.823817,42.534439,50.886211,6.773163,-49.411106,299000000.000000,58500000.000000,43.015785,51.102875,6.853121,-51.269428,299000000.000000,29250000.000000,42.974659,51.335316,6.846289,-50.265057,299000000.000000,43875000.000000,42.767780,51.321564,6.811924,-48.636578,299000000.000000,39000000.000000,0.999914,0.999822,17.926708,22.884747,0.991318,0.999922,51.074631,16.304590,-17.449110,-27.756077,5.042967,5.961950,0.978835,0.991953,-0.021165,-0.008047,-50.164551,-4.823817,45.144325,52.968235,7.206699,-53.933670,299000000.000000,29250000.000000,45.199657,54.141075,7.215890,-51.340202,299000000.000000,95875000.000000,nan,nan,nan,nan,1,none
performance,performance,0,1,29,959,39,1,none,1300000000.000000,2600000000.000000,1.000000,0,1,4.739600,0.972992,-1.000000,34,-0.006271,-4.823817,0,29,23200,0,3,0,4.739600,4.739600,0.972992,0.972992,1.000000,nan,nan,-4.823817,42.486214,50.244732,6.765152,-50.293404,299000000.000000,63375000.000000,41.484131,49.796913,6.598693,-49.289494,299000000.000000,61750000.000000,43.565315,53.800785,6.944405,-50.510109,299000000.000000,185250000.000000,43.146095,53.424305,6.874767,-50.957355,299000000.000000,118625000.000000,0.999817,0.999916,13.904346,17.232851,0.981468,0.999928,74.807945,14.993957,-14.023873,-28.370125,4.893682,4.713843,0.952135,0.992744,-0.047865,-0.007256,-50.164551,-4.823817,43.238232,50.597164,6.890072,-51.405605,299000000.000000,63375000.000000,45.768974,56.199860,7.310461,-53.854679,299000000.000000,133250000.000000,nan,nan,nan,nan,1,none
performance,performance,0,1,30,960,40,1,none,1300000000.000000,2600000000.000000,1.000000,0,1,4.739600,0.972992,-1.000000,34,-0.006271,-4.823817,0,30,24000,0,3,0,4.739600,4.739600,0.972992,0.972992,1.000000,nan,nan,-4.823817,43.202805,53.154095,6.884187,-50.432026,299000000.000000,60125000.000000,43.587158,54.663975,6.948033,-51.204033,299000000.000000,45500000.000000,42.189354,52.012524,6.715840,-49.634953,299000000.000000,221000000.000000,43.444260,53.131004,6.924296,-50.402714,299000000.000000,97500000.000000,0.998323,0.997502,23.774162,30.689959,0.987325,0.999873,64.295914,17.269854,-15.752619,-26.697456,3.362411,6.452954,0.966161,0.988985,-0.033839,-0.011015,-50.164551,-4.823817,46.015919,55.048668,7.351482,-53.049992,299000000.000000,74750000.000000,45.223854,55.103111,7.219910,-53.365322,299000000.000000,37375000.000000,nan,nan,nan,nan,1,none
