iteration,cycles,rotation,events_used,align_n0,offset_a_codes,offset_b_codes,gain_a_codes,gain_b_codes,gain_ratio,tone_ratio,skew_a_ps,skew_b_ps,skew_mismatch_ps,skew_phase_ps,skew_diff_route_ps,skew_centroid_ps,skew_source,raw_a_sndr_db,raw_a_sfdr_db,raw_a_enob,raw_b_sndr_db,raw_b_sfdr_db,raw_b_enob,cal_a_sndr_db,cal_a_sfdr_db,cal_a_enob,cal_b_sndr_db,cal_b_sfdr_db,cal_b_enob,raw_difference_dbc,cal_difference_dbc,cal_dc_difference_codes,raw_sndr_db,raw_sfdr_db,raw_enob,cal_sndr_db,cal_sfdr_db,cal_enob,raw_offset_spur_dbc,raw_image_spur_dbc,cal_offset_spur_dbc,cal_image_spur_dbc,swapped,align_margin,frame_sha1,rejected,offset_error_a,offset_error_b,gain_error,gain_source,skew_error_ps,skew_batch_n,offset_a_state,offset_b_state,gain_corr_a,gain_corr_b,skew_cmd_ps,skew_batch_used,skew_batch_mean_ps,skew_batch_se_ps,skew_batch_error_ps,skew_action,skew_step_codes,skew_code,skew_error
0,0,5,8,537,13.625359616797258,-22.90117085430036,500.08823339365097,510.49401781869585,1.020807896947365,1.020976881706749,0.0,45.00718329387806,45.00718329387806,45.00718329387806,-48.46412344191165,-4.544929917944529,phase,55.06967052491,59.472071292482845,8.855426997493357,53.516590846722465,57.852618119556034,8.597440339987122,55.06967052491,59.472071292482845,8.855426997493357,53.516590846722465,57.852618119556034,8.597440339987122,-24.33833927003741,-24.33833927003741,37.75093657333756,55.06967052491,59.472071292482845,8.855426997493357,55.06967052491,59.472071292482845,8.855426997493357,nan,-24.33833927003741,nan,-24.33833927003741,False,8.045338972557147,40f73c2f100ed7de,,13.625359616797258,-22.90117085430036,0.02097688170674905,tone,45.00718329387806,1,4.76887586587904,-8.015409799005125,1.003670954298681,0.9964044687353307,0.0,,,,,,,,
1,1020,4,8,1585,9.41276940189583,-14.925817029109762,501.80077014299945,508.4647024122569,1.0132800359540268,1.0136000033109918,0.0,44.98138979477318,44.98138979477318,44.98138979477318,-46.571867393572,1.4542323156354962,phase,54.80430236768068,59.419476430448945,8.811345908252605,53.54817685902215,57.89442673114892,8.60268718588408,54.80430236768072,59.41947643044888,8.811345908252612,53.54817685902215,57.89442673114895,8.60268718588408,-24.34293610423125,-24.68462080947209,24.226063855121005,54.80430236768068,59.419476430448945,8.811345908252605,54.80430236768072,59.41947643044888,8.811345908252612,nan,-24.34293610423125,nan,-24.68462080947209,False,9.08848017909395,7d64aa61784240eb,,9.41276940189583,-14.925817029109762,0.01360000331099176,tone,44.98138979477318,2,8.051295543915417,-13.258296723046056,1.0060596917514626,0.9940648444208241,0.0,,,,,,,,
2,2040,2,8,2623,5.796890151202577,-9.676573522820942,502.7382427191471,507.5859577793879,1.0096426224391069,1.0088223868665014,0.0,44.993572470865416,44.993572470865416,44.993572470865416,-45.73728578542034,-5.504934939432306,phase,54.809385716488464,59.64371912479693,8.812190318353567,53.409576750438575,57.93318932638818,8.579663912032986,54.80938571648849,59.64371912479696,8.81219031835357,53.40957675043868,57.93318932638825,8.579663912033004,-24.343761376126615,-24.846262500884087,16.436513317819045,54.809385716488464,59.64371912479693,8.812190318353567,54.80938571648849,59.64371912479696,8.81219031835357,nan,-24.343761376126615,nan,-24.846262500884087,False,7.753287400623117,0bbe48be4115bf2e,,5.796890151202577,-9.676573522820942,0.008822386866501386,tone,44.993572470865416,3,10.067986570855124,-16.66531866129858,1.0076129651184618,0.9925435118950421,0.0,,,,,,,,
3,3060,5,7,849,3.964291833230175,-6.328819421536042,503.62583578182443,506.58258304120767,1.0058709205312972,1.0057082535207529,0.0,44.990221143143934,44.990221143143934,44.990221143143934,-45.348318503380206,1.0112762944695184,phase,54.720034835707374,58.815501331185594,8.797347979353384,53.695051723676734,58.02925050531492,8.627085003933013,54.72003483570732,58.81550133118555,8.797347979353376,53.69505172367667,58.02925050531486,8.627085003933002,-24.33695131120391,-24.91085432635346,9.528057026235343,54.720034835707374,58.815501331185594,8.797347979353384,54.72003483570732,58.81550133118555,8.797347979353376,nan,-24.33695131120391,nan,-24.91085432635346,False,7.190935487085522,a326ffdb4ddb4c7b,,3.964291833230175,-6.328819421536042,0.005708253520752882,tone,44.990221143143934,4,11.44500551529421,-18.897046309498503,1.0086195144132082,0.9915576437311115,0.0,,,,,,,,
4,4080,3,7,4766,2.846549654969029,-3.657058873107299,504.38086462890675,506.1248646295882,1.0034577045304138,1.0037141321823466,0.0,44.99333490139214,44.99333490139214,44.99333490139214,-45.174185805141015,-9.719809146863359,phase,50.271710623329696,54.32966223267599,8.058423691583007,51.08119338619431,55.34227909978355,8.192889266809686,50.27171062332965,54.32966223267593,8.058423691583,51.081193386194286,55.34227909978354,8.192889266809683,-24.342100756989602,-24.952141578607645,5.889835021165121,50.271710623329696,54.32966223267599,8.058423691583007,50.27171062332965,54.32966223267593,8.058423691583,nan,-24.342100756989602,nan,-24.952141578607645,False,7.417502340901483,7e2296fda9f27f46,,2.846549654969029,-3.657058873107299,0.003714132182346619,tone,44.99333490139214,5,12.43278372600906,-20.187914887518012,1.0092750899978977,0.9909155427518571,0.0,5,44.99314032081055,0.004147446010809518,44.99314032081055,move-1:OK,-1,23,
5,5100,3,7,5800,1.0748466811839488,-2.994392800000133,504.6710045557845,505.45633031514495,1.0015561142848928,1.0024441366863144,0.0,52.386573514778846,52.386573514778846,52.386573514778846,-52.48666887491844,-5.677703901524248,phase,50.29706216923498,54.54340252119774,8.062634911833053,51.16193509191155,55.91810081961274,8.206301510284312,50.297062169235,54.543402521197734,8.062634911833056,51.16193509191156,55.91810081961272,8.206301510284312,-23.147954667877624,-23.63866386619643,5.086711110349141,50.29706216923498,54.54340252119774,8.062634911833053,50.297062169235,54.543402521197734,8.062634911833056,nan,-23.147954667877624,nan,-23.63866386619643,False,6.9574651488886134,f5ddfe73f2e0a90c,,1.0748466811839488,-2.994392800000133,0.00244413668631438,tone,52.386573514778846,1,12.805522875268322,-21.2455605039038,1.009706781095856,0.9904927378643551,0.0,,,,,,,,
6,6144,0,7,6829,1.4757634665336896,-1.4475678407485755,504.66665091462875,505.5365972429244,1.001723803874734,1.0015534943284754,0.0,52.39216161011671,52.39216161011671,52.39216161011671,-52.44752357950697,-2.199470333392056,phase,54.936947478265374,60.03315833699937,8.833379979778302,53.46277644640356,57.78783763237257,8.588501070831157,54.93694747826537,60.033158336999335,8.833379979778302,53.462776446403495,57.787837632372465,8.588501070831146,-23.157305220922716,-23.65357844024796,3.038090765977076,54.936947478265374,60.03315833699937,8.833379979778302,54.93694747826537,60.033158336999335,8.833379979778302,nan,-23.157305220922716,nan,-23.65357844024796,False,6.806786362527404,efd0bf7f537aa29f,,1.4757634665336896,-1.4475678407485755,0.0015534943284754021,tone,52.39216161011671,2,13.317074568252105,-21.757072325135734,1.0099812815034808,0.9902238786866957,0.0,,,,,,,,
7,7140,3,7,3842,0.9374312899206763,-1.3743661414026143,504.8505390224657,505.50119188810464,1.001288802953244,1.0010470708937618,0.0,52.39016934762518,52.39016934762518,52.39016934762518,-52.424026584902954,0.7338119040753647,phase,54.674457589991164,58.891947277375834,8.789777008304181,53.19608064024849,58.31194602584154,8.544199441901743,54.67445758999119,58.89194727737597,8.789777008304185,53.196080640248425,58.311946025841486,8.544199441901732,-23.154204975314855,-23.65438353746419,2.7785353549292724,54.674457589991164,58.891947277375834,8.789777008304181,54.67445758999119,58.89194727737597,8.789777008304185,nan,-23.154204975314855,nan,-23.65438353746419,False,6.967212394563512,2d46850474f22c09,,0.9374312899206763,-1.3743661414026143,0.00104707089376177,tone,52.39016934762518,3,13.641933016107513,-22.242849491132667,1.0101663478540244,0.9900426224195632,0.0,,,,,,,,
8,8160,2,8,636,0.293915591653942,-0.6090886904551278,505.27036224614363,505.5137743838205,1.000481746320118,1.0006637853441651,0.0,52.38064610482977,52.38064610482977,52.38064610482977,-52.400729732097915,-6.6803597012893725,phase,54.80755842430278,58.890530820830264,8.811886781445645,53.41780592497678,57.47539932585266,8.581030884547639,54.80755842430284,58.89053082083037,8.811886781445656,53.41780592497676,57.47539932585266,8.581030884547635,-23.15461768773507,-23.656477248457488,1.194746446880531,54.80755842430278,58.890530820830264,8.811886781445645,54.80755842430284,58.89053082083037,8.811886781445656,nan,-23.15461768773507,nan,-23.656477248457488,False,6.985301263734767,8acc68b14b5aede9,,0.293915591653942,-0.6090886904551278,0.0006637853441651131,tone,52.38064610482977,4,13.74376818147153,-22.458174606265892,1.0102836912369773,0.9899276929460628,0.0,,,,,,,,
9,9180,3,8,1707,0.14040913705040714,-0.5009540499353118,504.9895890362983,505.6830770387109,1.0013732718801907,1.000436604945946,0.0,52.41023674493464,52.41023674493464,52.41023674493464,-52.42298817753534,-3.3255851449135543,phase,54.744348516745035,59.0117131841372,8.801386796801502,53.24291780911986,57.577708741957146,8.551979702511606,54.74434851674505,59.01171318413721,8.801386796801504,53.24291780911988,57.577708741957196,8.551979702511609,-23.149715077659177,-23.653202643285354,-0.25979703398396514,54.744348516745035,59.0117131841372,8.801386796801502,54.74434851674505,59.01171318413721,8.801386796801504,nan,-23.149715077659177,nan,-23.653202643285354,False,9.154357811262015,4c0509786421c23d,,0.14040913705040714,-0.5009540499353118,0.0004366049459461063,tone,52.41023674493464,5,13.792411150168245,-22.635292509650895,1.0103608828368478,0.9898520896726237,0.0,5,52.39195746445703,0.0049714429635083586,52.39195746445703,abort:direction,,,direction: error moved +7.40 ps after a -7.4 ps expected move
10,10200,6,7,2794,0.0027082135631546767,-0.5482586618390146,505.1946421825171,505.2327841985982,1.0000754996448822,1.0002533941757263,0.0,52.38057435513094,52.38057435513094,52.38057435513094,-52.38760547277811,-1.9400056552526097,phase,54.751970273207675,58.84359046123219,8.802652869303602,53.35589289677864,57.627499126741796,8.570746328368546,54.751970273207675,58.843590461232196,8.802652869303602,53.35589289677866,57.627499126741895,8.57074632836855,-23.157289905636297,-23.65965597459607,0.755493742553444,54.751970273207675,58.84359046123219,8.802652869303602,54.751970273207675,58.843590461232196,8.802652869303602,nan,-23.157289905636297,nan,-23.65965597459607,False,6.956067753247221,18b161cc7a731c83,,0.0027082135631546767,-0.5482586618390146,0.00025339417572634026,tone,52.38057435513094,1,13.793349304805075,-22.82915029269313,1.0104056862603892,0.9898082068102735,0.0,,,,,,,,
11,11264,0,8,7901,0.2957618386583362,-0.3464693382351555,505.62430521692255,505.3142705953731,0.9993868280888585,1.0001735158017693,0.0,52.41486221152096,52.41486221152096,52.41486221152096,-52.41958968948782,-4.454493801649034,phase,54.842568268456716,59.6686810559534,8.817702370175535,53.397697849346464,58.00995793131902,8.577690672648915,54.8425682684566,59.668681055953314,8.817702370175516,53.397697849346514,58.009957931319114,8.577690672648924,-23.148117480650555,-23.653393556503826,0.4546358151788361,54.842568268456716,59.6686810559534,8.817702370175535,54.8425682684566,59.668681055953314,8.817702370175516,nan,-23.148117480650555,nan,-23.653393556503826,False,7.303716295542326,1b2c4d740bd52b76,,0.2957618386583362,-0.3464693382351555,0.00017351580176927506,tone,52.41486221152096,2,13.895799879794952,-22.951663187158903,1.010436367497123,0.9897781562357176,0.0,,,,,,,,
12,12288,0,8,5462,0.2657884391193548,-0.153740245382411,505.31322747025257,505.2246752959225,0.9998247578541068,1.0001230455216696,0.0,52.38898294575891,52.38898294575891,52.38898294575891,-52.392293819751124,-5.598301385448898,phase,54.691515059280455,58.898954425335674,8.792610474963531,53.33788198162475,57.5974432424144,8.567754481997467,54.69151505928042,58.89895442533565,8.792610474963526,53.33788198162469,57.59744324241444,8.567754481997458,-23.149593971037895,-23.65622382172998,0.13846461352837203,54.691515059280455,58.898954425335674,8.792610474963531,54.69151505928042,58.89895442533565,8.792610474963526,nan,-23.149593971037895,nan,-23.65622382172998,False,7.427377026670989,e507e895daad94fd,,0.2657884391193548,-0.153740245382411,0.00012304552166964022,tone,52.38898294575891,3,13.987865007975365,-23.00602798147654,1.010458125189365,0.9897568459981719,0.0,,,,,,,,
13,13312,0,8,5998,-0.06162036272899307,-0.1149201485797966,505.05667427457405,505.1147394687885,1.000114967680207,1.0001069500358097,0.0,52.382933466170044,52.382933466170044,52.382933466170044,-52.3858130401334,0.4153934206822914,phase,54.86556502593305,59.9826796778778,8.821522429556985,53.45663811310666,57.65826596724211,8.58748141413732,54.86556502593317,59.98267967787798,8.821522429557007,53.45663811310666,57.65826596724214,8.58748141413732,-23.153812841521603,-23.66118747960482,-0.011257227652841095,54.86556502593305,59.9826796778778,8.821522429556985,54.86556502593317,59.98267967787798,8.821522429557007,nan,-23.153812841521603,nan,-23.66118747960482,False,7.318401271961941,7da6aae85694bda0,,-0.06162036272899307,-0.1149201485797966,0.00010695003580973861,tone,52.382933466170044,4,13.966521098299637,-23.046666298014138,1.0104770371825826,0.9897383234363891,0.0,,,,,,,,
14,14280,4,8,7052,0.018138767096975705,0.19835466114703637,505.0720501651764,505.13062228062614,1.0001159678414804,1.0000701112432326,0.0,52.406765550084764,52.406765550084764,52.406765550084764,-52.40863932707862,-4.678639052377011,phase,54.834339571896784,58.962635362087816,8.816335477059267,53.30815033849669,57.57756372885818,8.562815670846627,54.83433957189682,58.96263536208786,8.816335477059273,53.308150338496745,57.57756372885832,8.562815670846636,-23.14068284785574,-23.647020579950077,0.17962520787457947,54.834339571896784,58.962635362087816,8.816335477059267,54.83433957189682,58.96263536208786,8.816335477059273,nan,-23.14068284785574,nan,-23.647020579950077,False,7.02417933064431,87b2b797177bfadc,,0.018138767096975705,0.19835466114703637,7.011124323264006e-05,tone,52.406765550084764,5,13.972803842241689,-22.976522372334447,1.0104894351978162,0.9897261807254718,0.0,5,52.39482370573312,0.00679222212260382,52.39482370573312,aborted,,,direction: error moved +7.40 ps after a -7.4 ps expected move
15,15300,2,7,8130,0.13165184497822713,-0.14790693307679054,505.2901621280886,505.1059882451793,0.9996355086706347,1.0000170288211756,0.0,52.36647749619342,52.36647749619342,52.36647749619342,-52.36690764131357,0.04150067055820072,phase,54.98878991994249,59.16228046326874,8.841991681053571,53.462799362327445,57.76781599322285,8.588504877463032,54.98878991994256,59.16228046326877,8.841991681053583,53.46279936232748,57.76781599322284,8.588504877463038,-23.155941510767907,-23.66087920797169,-0.7335129404207974,54.98878991994249,59.16228046326874,8.841991681053571,54.98878991994256,59.16228046326877,8.841991681053583,nan,-23.155941510767907,nan,-23.66087920797169,False,6.4095504479425,1b6f57ac5f09e2d2,,0.13165184497822713,-0.14790693307679054,1.7028821175602005e-05,tone,52.36647749619342,1,14.01840367152972,-23.02882716893883,1.0104924465004974,0.989723231348421,0.0,,,,,,,,
16,16320,4,8,894,0.25661001259921834,-0.15864850777918438,505.0652845575203,505.313318273972,1.0004910923875296,0.9999983275197006,0.0,52.40956398728899,52.40956398728899,52.40956398728899,-52.40956220940652,-4.075477096682297,phase,54.711696163033004,59.35113258483923,8.79596281777957,53.37950684893129,57.56649460630602,8.574668911782608,54.71169616303304,59.351132584839206,8.795962817779575,53.379506848931314,57.56649460630599,8.574668911782611,-23.156263098730562,-23.65965793000235,0.36392994980215754,54.711696163033004,59.35113258483923,8.79596281777957,54.71169616303304,59.351132584839206,8.795962817779575,nan,-23.156263098730562,nan,-23.65965793000235,False,7.7655540929692775,894e125e70490799,,0.25661001259921834,-0.15864850777918438,-1.6724802993639543e-06,tone,52.40956398728899,2,14.107284597577971,-23.08493070977121,1.0104921507454732,0.9897235210251116,0.0,,,,,,,,
17,17340,1,8,1936,-0.23500786405838314,0.27607703709908454,505.38806037670224,505.14233927212865,0.9995137971712461,1.0000138863362236,0.0,52.390886848809096,52.390886848809096,52.390886848809096,-52.39123291504731,-3.5430634293066334,phase,54.84776765450094,58.63989912067156,8.818566055564942,53.54108185001617,57.323847350913596,8.601508612959497,54.847767654500956,58.63989912067165,8.818566055564943,53.541081850016205,57.323847350913624,8.601508612959503,-23.152121091016397,-23.656202323181176,-1.055093143464786,54.84776765450094,58.63989912067156,8.818566055564942,54.847767654500956,58.63989912067165,8.818566055564943,nan,-23.152121091016397,nan,-23.656202323181176,False,8.732515472747453,54edee807f6cb83a,,-0.23500786405838314,0.27607703709908454,1.3886336223567497e-05,tone,52.390886848809096,3,14.02588589264023,-22.98730045148999,1.0104946063513804,0.989721115922633,0.0,,,,,,,,
18,18360,4,8,3010,0.10828277983079149,0.002675076611271976,504.93975104238035,505.38734685934355,1.000886434106325,1.0000337609808756,0.0,52.38814230704059,52.38814230704059,52.38814230704059,-52.38903187361237,-6.395720908683755,phase,54.872626599951744,59.488067432386885,8.822695448496969,53.49714033241661,57.91056236323393,8.594209357544289,54.87262659995183,59.48806743238706,8.822695448496983,53.49714033241668,57.910562363233986,8.5942093575443,-23.156864952712425,-23.662079815755433,-0.395884849633271,54.872626599951744,59.488067432386885,8.822695448496969,54.87262659995183,59.48806743238706,8.822695448496983,nan,-23.156864952712425,nan,-23.662079815755433,False,6.260283692355095,0ebf20a694bdf880,,0.10828277983079149,0.002675076611271976,3.376098087559676e-05,tone,52.38814230704059,4,14.063391261498774,-22.986354450845077,1.0105005765269695,0.9897152686778001,0.0,,,,,,,,
19,19380,5,7,4087,0.11327073342050592,-0.17865616157034134,505.23786980145144,505.6426529464552,1.0008011734060291,1.0000053860373734,0.0,52.37712244001965,52.37712244001965,52.37712244001965,-52.37735512833865,-9.449526943783145,phase,54.84228967460355,59.04403478375997,8.817656092126837,53.410215173616834,57.45991659276443,8.579769962394824,54.8422896746036,59.04403478376003,8.817656092126844,53.410215173616805,57.4599165927644,8.579769962394819,-23.156901048245707,-23.662967695076812,-0.7049795146224788,54.84228967460355,59.04403478375997,8.817656092126837,54.8422896746036,59.04403478376003,8.817656092126844,nan,-23.156901048245707,nan,-23.662967695076812,False,8.129659220777375,bba82350893fe52e,,0.11327073342050592,-0.17865616157034134,5.386037373433794e-06,tone,52.37712244001965,5,14.10262405128444,-23.04953389096138,1.010501528980897,0.9897143358202249,0.0,5,52.38643861587035,0.007220490199318061,52.38643861587035,aborted,,,direction: error moved +7.40 ps after a -7.4 ps expected move
20,20480,0,8,5113,-0.31117204724479325,-0.1540750590602803,504.9074813749464,505.12391079373623,1.0004286516377228,0.9999980136285127,0.0,52.40007212792053,52.40007212792053,52.40007212792053,-52.40000740748661,0.678021373473187,phase,54.64717127258825,58.96458189899342,8.78524439743991,53.346453072797146,57.55123870360677,8.569178251295208,54.64717127258829,58.96458189899334,8.785244397439916,53.34645307279715,57.55123870360677,8.56917825129521,-23.15370565875707,-23.660399496143146,-0.22886368200740215,54.64717127258825,58.96458189899342,8.78524439743991,54.64717127258829,58.96458189899334,8.785244397439916,nan,-23.15370565875707,nan,-23.660399496143146,False,7.387245641259264,3d43da3e39237977,,-0.31117204724479325,-0.1540750590602803,-1.986371487294747e-06,tone,52.40007212792053,1,13.994845672516904,-23.10402059355765,1.0105011777153976,0.9897146798604672,0.0,,,,,,,,
21,21504,0,8,6155,0.09502140757883648,0.17818018689206294,504.7904553559394,505.2004955149125,1.0008122977655827,0.9999683376769851,0.0,52.41493860295996,52.41493860295996,52.41493860295996,-52.414217727724086,0.11194184562003129,phase,54.79653996709341,58.89345924783578,8.810056472939106,53.47805790314369,57.5785106578241,8.591039518794634,54.796539967093466,58.89345924783581,8.810056472939115,53.478057903143736,57.57851065782404,8.591039518794641,-23.152692610905508,-23.657139890937803,-0.3388537744618514,54.79653996709341,58.89345924783578,8.810056472939106,54.796539967093466,58.89345924783581,8.810056472939115,nan,-23.152692610905508,nan,-23.657139890937803,False,7.880689241546548,2a150d2b355f64b4,,0.09502140757883648,0.17818018689206294,-3.166232301488048e-05,tone,52.41493860295996,2,14.027757551677484,-23.04100943824063,1.0104955786228258,0.9897201639506366,0.0,,,,,,,,
22,22440,1,7,7214,-0.05508430517465042,0.009332225365157057,505.25599496867216,505.2514459489805,0.9999909966042225,0.9999768297120204,0.0,52.39319628595773,52.39319628595773,52.39319628595773,-52.392591407396864,-4.431238386656352,phase,54.7349511577012,59.23239673471075,8.79982577370452,53.41293623838855,58.31276320817626,8.580221966509727,54.73495115770114,59.23239673471066,8.799825773704509,53.412936238388625,58.312763208176364,8.58022196650974,-23.15189139274933,-23.657023446026017,0.679898687706034,54.7349511577012,59.23239673471075,8.79982577370452,54.73495115770114,59.23239673471066,8.799825773704509,nan,-23.15189139274933,nan,-23.657023446026017,False,7.3741452132729055,21f1fb7627c1a221,,-0.05508430517465042,0.009332225365157057,-2.317028797960141e-05,tone,52.39319628595773,3,14.008678292728717,-23.037709233802268,1.010491481264953,0.9897241771613369,0.0,,,,,,,,
23,23460,7,7,3212,0.034271469459910886,-0.04196649984469213,505.2669320740969,505.09369717198956,0.9996571418173039,1.0000159604286811,0.0,52.40919597005763,52.40919597005763,52.40919597005763,-52.4095970266417,-3.6614948756986423,phase,50.22855085010767,54.29871436853475,8.05125429403782,51.298180080370855,55.50435292724464,8.228933568167918,50.22855085010765,54.29871436853475,8.051254294037816,51.29818008037087,55.50435292724462,8.22893356816792,-23.149120448558847,-23.65240595605328,-0.39821432669977774,50.22855085010767,54.29871436853475,8.05125429403782,50.22855085010765,54.29871436853475,8.051254294037816,nan,-23.149120448558847,nan,-23.65240595605328,False,6.622347322919578,87dbf5fcd81a9357,,0.034271469459910886,-0.04196649984469213,1.596042868112768e-05,tone,52.40919597005763,4,14.020548768168998,-23.05255000993423,1.0104943036434666,0.9897214128315817,0.0,,,,,,,,
24,24480,6,7,998,-0.32943468628648925,0.16424087697677558,505.1860005017565,505.43742407807406,1.0004976851616392,1.0000212606124952,0.0,52.38029659488651,52.38029659488651,52.38029659488651,-52.38080647928335,-10.932062818616883,phase,50.429909895401444,54.644312984648316,8.084702640432134,51.246736425948214,55.48748778967335,8.220388110622627,50.42990989540142,54.644312984648295,8.08470264043213,51.24673642594825,55.4874877896733,8.220388110622634,-23.158075552184243,-23.663668423685333,-0.7499168652027883,50.429909895401444,54.644312984648316,8.084702640432134,50.42990989540142,54.644312984648295,8.08470264043213,nan,-23.158075552184243,nan,-23.663668423685333,False,8.207896927087464,87f48b732dbfdebe,,-0.32943468628648925,0.16424087697677558,2.1260612495188624e-05,tone,52.38029659488651,5,13.906444077242455,-22.994468709280735,1.0104980632958347,0.9897177305452679,0.0,5,52.39953991635647,0.0060876483110192964,52.39953991635647,aborted,,,direction: error moved +7.40 ps after a -7.4 ps expected move
25,25500,4,7,2046,0.043491952822472785,-0.2804354846409716,505.5519760647521,505.1964037002676,0.999296665068442,0.9999883149827241,0.0,52.38342600356259,52.38342600356259,52.38342600356259,-52.38312688707301,-5.930154566560038,phase,50.4080249155123,54.346983601830146,8.081067261713008,51.360668728643226,55.352388932290836,8.23931374229954,50.4080249155123,54.346983601830196,8.081067261713008,51.360668728643226,55.35238893229081,8.23931374229954,-23.1567111964709,-23.661638240640816,-0.3005702280246272,50.4080249155123,54.346983601830146,8.081067261713008,50.4080249155123,54.346983601830196,8.081067261713008,nan,-23.1567111964709,nan,-23.661638240640816,False,8.872209142418328,cbafa3998f1c6b4a,,0.043491952822472785,-0.2804354846409716,-1.1685017275886445e-05,tone,52.38342600356259,1,13.921508117482391,-23.093640843511636,1.0104959969505525,0.9897197544209534,0.0,,,,,,,,
26,26520,7,8,8190,-0.03712341153039159,0.20438072391309087,505.3377969134981,505.30011253041897,0.9999254273412571,0.9999894984439295,0.0,52.37914492868345,52.37914492868345,52.37914492868345,-52.37887035402241,-1.1845933234948365,phase,54.81845658491206,59.058086243878655,8.81369710712825,53.01807814718845,57.67394635902467,8.514630921459876,54.81845658491185,59.05808624387846,8.813697107128215,53.018078147188405,57.67394635902468,8.514630921459869,-23.161986141567304,-23.666230875080426,0.3974460110068492,54.81845658491206,59.058086243878655,8.81369710712825,54.81845658491185,59.05808624387846,8.813697107128215,nan,-23.161986141567304,nan,-23.666230875080426,False,6.821402752751859,7d97e6e300501eda,,-0.03712341153039159,0.20438072391309087,-1.0501556070519058e-05,tone,52.37914492868345,2,13.908649883432135,-23.021364572324714,1.0104941398889875,0.9897215733196163,0.0,,,,,,,,
27,27648,0,8,4182,-0.13592509606769643,0.3321444413516872,505.2504181772998,505.1974281139685,0.9998951211885733,1.0000063716423542,0.0,52.39275175665057,52.39275175665057,52.39275175665057,-52.392918076707765,-3.074374501073917,phase,54.73572729378033,58.97067801545441,8.79995469996351,53.3967951840923,58.216270141299546,8.577540728254535,54.735727293780315,58.97067801545446,8.799954699963509,53.3967951840923,58.216270141299475,8.577540728254535,-23.154861241018068,-23.65918131153331,0.21758463744144763,54.73572729378033,58.97067801545441,8.79995469996351,54.735727293780315,58.97067801545446,8.799954699963509,nan,-23.154861241018068,nan,-23.65918131153331,False,7.4204394238431775,6a1983ae3fe66a05,,-0.13592509606769643,0.3321444413516872,6.371642354174867e-06,tone,52.39275175665057,3,13.861570161001563,-22.903906736093887,1.010495266627758,0.9897204697500661,0.0,,,,,,,,
28,28560,4,8,5245,0.2712568115338196,-0.19367845090316393,505.4553320084577,505.16793460853347,0.9994314089065354,1.0000084347012916,0.0,52.386770909653045,52.386770909653045,52.386770909653045,-52.3869888346877,-4.679710008853332,phase,54.775432384383286,58.957672116134574,8.806550229964001,53.498674912670204,57.72850903953062,8.594464271207675,54.77543238438339,58.95767211613468,8.806550229964019,53.49867491267023,57.728509039530636,8.59446427120768,-23.160843665370216,-23.668267267331423,1.082610308863659,54.775432384383286,58.957672116134574,8.806550229964001,54.77543238438339,58.95767211613468,8.806550229964019,nan,-23.160843665370216,nan,-23.668267267331423,False,7.023120411495106,729c4e0cac74c80a,,0.2712568115338196,-0.19367845090316393,8.43470129163748e-06,tone,52.386770909653045,4,13.955523974712806,-22.972398254545784,1.0104967581922608,0.9897190088629965,0.0,,,,,,,,
29,29580,1,7,6316,-0.031199403195479675,-0.393826143188077,505.2473079230013,505.3341953927124,1.0001719701784622,1.0000389580148783,0.0,52.399078953809244,52.399078953809244,52.399078953809244,-52.40011257364505,-8.321938663586028,phase,50.39116353001816,54.442367580679885,8.078266367112652,51.1974927118296,55.347850184858956,8.212208091666048,50.39116353001816,54.442367580679885,8.078266367112652,51.197492711829625,55.34785018485899,8.212208091666051,-23.155740031061303,-23.663680580089746,0.3959355315591928,50.39116353001816,54.442367580679885,8.078266367112652,50.39116353001816,54.442367580679885,8.078266367112652,nan,-23.155740031061303,nan,-23.663680580089746,False,7.045126057742068,486dc9ea62cfd5ea,,-0.031199403195479675,-0.393826143188077,3.895801487829864e-05,tone,52.399078953809244,5,13.944717615335708,-23.111669248516264,1.0105036474081155,0.9897122615654801,0.0,5,52.38823451047178,0.003506364409743259,52.38823451047178,aborted,,,direction: error moved +7.40 ps after a -7.4 ps expected move
30,30600,5,7,7354,0.014934054697230081,-0.06725519762016166,505.3634752519017,505.14111762460175,0.999560004554763,0.9999894066914337,0.0,52.42157724717363,52.42157724717363,52.42157724717363,-52.42121535878006,-4.245608811947167,phase,54.65847427038737,58.92255862958827,8.787121971825146,53.349199179753086,57.261384939397985,8.569634415241378,54.65847427038726,58.92255862958813,8.787121971825128,53.34919917975313,57.261384939398,8.569634415241385,-23.150459930655856,-23.655760606134116,-0.8854595476160512,54.65847427038737,58.92255862958827,8.787121971825146,54.65847427038726,58.92255862958813,8.787121971825128,nan,-23.150459930655856,nan,-23.655760606134116,False,7.760186543212077,af11f18754fcf097,,0.014934054697230081,-0.06725519762016166,-1.059330856634233e-05,tone,52.42157724717363,1,13.949890203438123,-23.13545325128271,1.0105017741071503,0.9897140963422077,0.0,,,,,,,,
31,31620,7,7,66,-0.503659230751143,0.214044757299591,505.59403665674404,505.06709983584403,0.9989577867168205,0.9999337950037459,0.0,52.40306040731469,52.40306040731469,52.40306040731469,-52.40136853426461,-3.0188722500435774,phase,54.78262367027989,59.11696770504908,8.807744795727558,53.48375494771773,57.65298538679637,8.59198587171391,54.782623670279946,59.11696770504916,8.807744795727567,53.48375494771766,57.652985386796296,8.591985871713897,-23.15099474485207,-23.65423089800307,0.2664112313620173,54.78262367027989,59.11696770504908,8.807744795727558,54.782623670279946,59.11696770504916,8.807744795727567,nan,-23.15099474485207,nan,-23.65423089800307,False,6.612619523302949,fa03d1b33b5be767,,-0.503659230751143,0.214044757299591,-6.620499625409337e-05,tone,52.40306040731469,2,13.775441493619027,-23.05975900247719,1.0104900665605705,0.9897255638045683,0.0,,,,,,,,
32,32640,1,7,1110,0.5981407356648633,-0.09078005674740885,504.9037106183741,505.29898873766246,1.0007828782220758,1.000015967382803,0.0,52.41482024807647,52.41482024807647,52.41482024807647,-52.41540266518772,-6.62262044831125,phase,54.807487436835984,58.810349713324214,8.81187498950764,53.429730585839735,57.545030967736466,8.583011725222548,54.807487436835885,58.81034971332425,8.811874989507624,53.429730585839735,57.54503096773646,8.583011725222548,-23.146041998580632,-23.651218133338325,1.1132846513097876,54.807487436835984,58.810349713324214,8.81187498950764,54.807487436835885,58.81034971332425,8.811874989507624,nan,-23.146041998580632,nan,-23.651218133338325,False,8.555723710114053,76416e15e17d51aa,,0.5981407356648633,-0.09078005674740885,1.596738280307264e-05,tone,52.41482024807647,3,13.982617461409854,-23.09186186111151,1.01049289016487,0.989722798266511,0.0,,,,,,,,
33,33660,6,7,2160,-0.03816457833555936,-0.12716599679881346,504.9142293712692,504.97597317060394,1.0001222857185301,1.000031260821379,0.0,52.410058066777395,52.410058066777395,52.410058066777395,-52.41087584129222,-6.890011229508002,phase,50.26494813360049,54.9249488782387,8.057300354418688,51.33012102790345,55.394130638966566,8.23423937340589,50.2649481336005,54.92494887823875,8.057300354418688,51.3301210279035,55.39413063896666,8.234239373405899,-23.148042896780122,-23.654842251900853,0.21906808695713664,50.26494813360049,54.9249488782387,8.057300354418688,50.2649481336005,54.92494887823875,8.057300354418688,nan,-23.148042896780122,nan,-23.654842251900853,False,8.792973411642219,52d6d0a3e6f2321a,,-0.03816457833555936,-0.12716599679881346,3.126082137905328e-05,tone,52.410058066777395,4,13.969398563436938,-23.136832128501066,1.0104984182114753,0.9897173840149329,0.0,,,,,,,,
34,34680,6,8,3235,-0.043591461660544936,0.02935402824145872,505.0705047446755,505.1255147756785,1.0001089155483962,1.0000051571536432,0.0,52.413171442252576,52.413171442252576,52.413171442252576,-52.41330259512009,-5.228235491179918,phase,54.8594964521337,59.05591145249575,8.820514360819551,53.32895553375053,57.678063532776974,8.566271683347265,54.8594964521337,59.055911452495884,8.820514360819551,53.32895553375047,57.67806353277692,8.566271683347255,-23.15091978179948,-23.656866819347265,0.4940531490532649,54.8594964521337,59.05591145249575,8.820514360819551,54.8594964521337,59.055911452495884,8.820514360819551,nan,-23.15091978179948,nan,-23.656866819347265,False,6.636700344890463,2234dc93f4e97271,,-0.043591461660544936,0.02935402824145872,5.157153643242651e-06,tone,52.413171442252576,5,13.954300062235724,-23.12645147837766,1.0104993301882053,0.9897164907977322,0.0,5,52.41253748231895,0.003027315026497142,52.41253748231895,aborted,,,direction: error moved +7.40 ps after a -7.4 ps expected move
35,35700,1,8,4265,0.15823405411099856,0.39101123088788414,505.05911129214786,505.118269273104,1.0001171308063421,1.000011315824684,0.0,52.39318668457605,52.39318668457605,52.39318668457605,-52.39348479343437,0.2533252536315226,phase,54.89607833304788,59.11339266910113,8.826591085223901,53.19565164692862,57.13250799685595,8.544128180552928,54.89607833304791,59.113392669101174,8.826591085223907,53.19565164692857,57.132507996855864,8.544128180552919,-23.147633246034083,-23.65411744589529,0.28448085572318504,54.89607833304788,59.11339266910113,8.826591085223901,54.89607833304791,59.113392669101174,8.826591085223907,nan,-23.147633246034083,nan,-23.65411744589529,False,7.545678045502342,c800d0472e25ce6b,,0.15823405411099856,0.39101123088788414,1.1315824683943987e-05,tone,52.39318668457605,1,14.009106549765542,-22.988175586156796,1.0105013312490263,0.989714530914708,0.0,,,,,,,,
36,36720,3,8,5340,0.20780634184826852,-0.08667328130628249,505.09409520908497,504.82437387737804,0.9994659978521521,0.9999937273735789,0.0,52.41331250879579,52.41331250879579,52.41331250879579,-52.413106835646815,-6.936187565434929,phase,54.62694183038547,59.113948806071086,8.781884024980975,53.47557036468868,57.50456766980199,8.590626306426692,54.626941830385434,59.11394880607109,8.78188402498097,53.475570364688735,57.50456766980197,8.590626306426701,-23.145596996440325,-23.649976485350482,-0.3129576375383252,54.62694183038547,59.113948806071086,8.781884024980975,54.626941830385434,59.11394880607109,8.78188402498097,nan,-23.145596996440325,nan,-23.649976485350482,False,6.997138366875321,2e8821eaf50bb5cd,,0.20780634184826852,-0.08667328130628249,-6.272626421055527e-06,tone,52.41331250879579,2,14.081082921688768,-23.01882649357468,1.01050022201199,0.989715617340688,0.0,,,,,,,,
37,37888,0,8,6396,0.07954562135636063,0.09002543808153024,505.42433714526106,505.1007858698511,0.9993598423114379,1.0000039365487994,0.0,52.420880968446895,52.420880968446895,52.420880968446895,-52.42093927088055,-1.710938098146751,phase,54.77367338008304,59.98353910454499,8.806258036558646,53.316027440451485,58.259348071761785,8.564124159543438,54.77367338008304,59.98353910454492,8.806258036558646,53.316027440451506,58.259348071761835,8.564124159543441,-23.147882627957152,-23.652995147914844,-0.28640117758751416,54.77367338008304,59.98353910454499,8.806258036558646,54.77367338008304,59.98353910454492,8.806258036558646,nan,-23.147882627957152,nan,-23.652995147914844,False,7.3804059896996845,5653f276b280c795,,0.07954562135636063,0.09002543808153024,3.936548799376993e-06,tone,52.420880968446895,3,14.108634590523925,-22.986990173346452,1.0105009181415914,0.9897149355322026,0.0,,,,,,,,
38,38760,1,7,7475,-0.14781276119962466,0.20586139840438974,505.0460874332242,505.2579270104112,1.0004194460316753,0.9999835689525872,0.0,52.399787769931066,52.399787769931066,52.399787769931066,-52.399309437784495,1.4319381359789292,phase,54.75181716036313,58.79598607870253,8.80262743527627,53.27621296932017,57.25548348059338,8.557510460019962,54.75181716036306,58.7959860787025,8.802627435276257,53.27621296932014,57.25548348059335,8.557510460019959,-23.15086504660091,-23.656900526270064,0.5781666878841332,54.75181716036313,58.79598607870253,8.80262743527627,54.75181716036306,58.7959860787025,8.802627435276257,nan,-23.15086504660091,nan,-23.656900526270064,False,7.91898373283619,fb100197c471f2a1,,-0.14781276119962466,0.20586139840438974,-1.6431047412779343e-05,tone,52.399787769931066,4,14.057437738060878,-22.914189928695407,1.0104980125136045,0.9897177814382442,0.0,,,,,,,,
39,39780,2,8,232,-0.041999032629309846,0.19180696222724597,505.0785740701389,505.3697815920201,1.00057655885011,1.0000020456921777,0.0,52.436103028892305,52.436103028892305,52.436103028892305,-52.43618585771137,-2.0436093940508964,phase,54.80525647521216,59.57171932296986,8.811504397875776,53.37646457570259,57.35990439927977,8.574163550781162,54.80525647521213,59.571719322969855,8.81150439787577,53.376464575702585,57.35990439927974,8.574163550781162,-23.150314267570245,-23.656193520106783,-0.21666034037630055,54.80525647521216,59.57171932296986,8.811504397875776,54.80525647521213,59.571719322969855,8.81150439787577,nan,-23.150314267570245,nan,-23.656193520106783,False,7.650461867631027,c388754ccd0d3897,,-0.041999032629309846,0.19180696222724597,2.045692177654601e-06,tone,52.436103028892305,5,14.042890790676298,-22.846360050280996,1.0104983742679836,0.9897174271238324,0.0,5,52.41265419212842,0.007623942042900645,52.41265419212842,aborted,,,direction: error moved +7.40 ps after a -7.4 ps expected move
