stage,capture_phase,iteration,capture_group_index,capture_index,global_capture_index,accepted,rejection_reason,physical_adc_rate_hz,configured_dac_rate_hz,reference_rate_compensation,channel,canonical_phase,delay_register_active,offset_correction_active_codes,gain_correction_active,active_polarity,primary_valid,primary_rejection_reason,raw_phase_difference_rad,polarity_hypothesis,applied_phase_adjustment_rad,corrected_phase_difference_rad,measured_skew_samples,measured_skew_ps,tone_A_frequency_hz,tone_B_frequency_hz,tone_A_amplitude,tone_B_amplitude,tone_A_correlation,tone_B_correlation,tone_A_rmse,tone_B_rmse,dither_A_valid,dither_B_valid,dither_skew_valid,dither_skew_samples,dither_skew_ps,tone_dither_disagreement_samples,tone_dither_disagreement_ps,original_capture_phase,original_iteration,label_source
skew,closed_loop_initial_baseline,0,1,1,531,1,none,1300000000.0,2600000000.0,1.0,1,1,24,4.735985,1.00494,1.0,1,none,3.049046,-1,-3.141593,-0.092547,-0.09604,-73.877268,199375017.6145,199375017.6145,530.677959,523.773705,0.999761,0.999748,8.202296,8.302882,1,1,0,,,,,closed_loop_initial_baseline,0,firmware
skew,closed_loop_initial_baseline,0,1,2,532,1,none,1300000000.0,2600000000.0,1.0,1,1,24,4.735985,1.00494,1.0,1,none,3.039939,-1,-3.141593,-0.101653,-0.105491,-81.146827,199375017.6145,199375017.6145,531.691743,522.539654,0.999752,0.999735,8.373571,8.513461,1,1,0,,,,,closed_loop_initial_baseline,0,firmware
skew,closed_loop_initial_baseline,0,1,3,533,1,none,1300000000.0,2600000000.0,1.0,1,1,24,4.735985,1.00494,1.0,1,none,3.088917,-1,-3.141593,-0.052676,-0.054664,-42.049558,199375017.6145,199375017.6145,521.736385,528.548787,0.999741,0.999742,8.399216,8.499922,1,1,0,,,,,closed_loop_initial_baseline,0,firmware
skew,closed_loop_initial_baseline,0,1,4,534,1,none,1300000000.0,2600000000.0,1.0,1,1,24,4.735985,1.00494,1.0,1,none,3.040511,-1,-3.141593,-0.101082,-0.104898,-80.690496,199375017.6145,199375017.6145,531.975773,522.641983,0.999723,0.999728,8.851629,8.618941,1,1,0,,,,,closed_loop_initial_baseline,0,firmware
skew,closed_loop_initial_baseline,0,1,5,535,1,none,1300000000.0,2600000000.0,1.0,1,1,24,4.735985,1.00494,1.0,1,none,3.053239,-1,-3.141593,-0.088353,-0.091689,-70.529633,199375017.6145,199375017.6145,530.059912,524.149877,0.999757,0.999749,8.261833,8.30643,1,1,0,,,,,closed_loop_initial_baseline,0,firmware
skew,closed_loop_initial_baseline,0,1,6,536,1,none,1300000000.0,2600000000.0,1.0,1,1,24,4.735985,1.00494,1.0,1,none,3.079511,-1,-3.141593,-0.062082,-0.064425,-49.557985,199375017.6145,199375017.6145,525.116925,527.215376,0.999758,0.999764,8.171321,8.098076,1,1,0,,,,,closed_loop_initial_baseline,0,firmware
skew,closed_loop_initial_baseline,0,1,7,537,1,none,1300000000.0,2600000000.0,1.0,1,1,24,4.735985,1.00494,1.0,1,none,3.081387,-1,-3.141593,-0.060206,-0.062478,-48.060369,199375017.6145,199375017.6145,524.290604,527.373642,0.999767,0.999763,8.002444,8.117348,1,1,0,,,,,closed_loop_initial_baseline,0,firmware
skew,closed_loop_initial_baseline,0,1,8,538,1,none,1300000000.0,2600000000.0,1.0,1,1,24,4.735985,1.00494,1.0,1,none,3.081568,-1,-3.141593,-0.060025,-0.062291,-47.915935,199375017.6145,199375017.6145,524.419368,527.630076,0.999753,0.999755,8.240284,8.264519,1,1,0,,,,,closed_loop_initial_baseline,0,firmware
skew,closed_loop_initial_baseline,0,1,9,539,1,none,1300000000.0,2600000000.0,1.0,1,1,24,4.735985,1.00494,1.0,1,none,3.08786,-1,-3.141593,-0.053733,-0.055761,-42.893256,199375017.6145,199375017.6145,522.129884,528.624473,0.99975,0.999749,8.255817,8.3798,1,1,0,,,,,closed_loop_initial_baseline,0,firmware
skew,closed_loop_initial_baseline,0,1,10,540,1,none,1300000000.0,2600000000.0,1.0,1,1,24,4.735985,1.00494,1.0,1,none,3.051861,-1,-3.141593,-0.089731,-0.093119,-71.629786,199375017.6145,199375017.6145,530.247269,524.048073,0.999761,0.999752,8.200952,8.26548,1,1,0,,,,,closed_loop_initial_baseline,0,firmware
skew,actuator_characterization_baseline,0,2,1,541,1,none,1300000000.0,2600000000.0,1.0,1,1,24,4.735985,1.00494,1.0,1,none,3.041599,-1,-3.141593,-0.099993,-0.103768,-79.82167,199375017.6145,199375017.6145,531.685094,522.804541,0.999767,0.999766,8.122685,7.999616,1,1,0,,,,,calibration,1,repair: fresh baseline
skew,actuator_characterization_baseline,0,2,2,542,1,none,1300000000.0,2600000000.0,1.0,1,1,24,4.735985,1.00494,1.0,1,none,3.08823,-1,-3.141593,-0.053363,-0.055377,-42.598077,199375017.6145,199375017.6145,521.876652,528.306636,0.999773,0.999773,7.857208,7.956743,1,1,0,,,,,calibration,1,repair: fresh baseline
skew,actuator_characterization_baseline,0,2,3,543,1,none,1300000000.0,2600000000.0,1.0,1,1,24,4.735985,1.00494,1.0,1,none,3.05738,-1,-3.141593,-0.084212,-0.087391,-67.224088,199375017.6145,199375017.6145,529.645191,524.727714,0.999766,0.999762,8.109965,8.092194,1,1,0,,,,,calibration,1,repair: fresh baseline
skew,actuator_characterization_baseline,0,2,4,544,1,none,1300000000.0,2600000000.0,1.0,1,1,24,4.735985,1.00494,1.0,1,none,3.066866,-1,-3.141593,-0.074727,-0.077547,-59.65191,199375017.6145,199375017.6145,527.96231,525.796524,0.999729,0.999712,8.693754,8.918767,1,1,0,,,,,calibration,1,repair: fresh baseline
skew,actuator_characterization_baseline,0,2,5,545,1,none,1300000000.0,2600000000.0,1.0,1,1,24,4.735985,1.00494,1.0,1,none,3.058576,-1,-3.141593,-0.083016,-0.08615,-66.269413,199375017.6145,199375017.6145,529.15766,524.680344,0.999782,0.999765,7.802507,8.035553,1,1,0,,,,,calibration,1,repair: fresh baseline
skew,actuator_characterization_baseline,0,2,6,546,1,none,1300000000.0,2600000000.0,1.0,1,1,24,4.735985,1.00494,1.0,1,none,3.083121,-1,-3.141593,-0.058471,-0.060679,-46.675977,199375017.6145,199375017.6145,523.819867,527.875095,0.999757,0.999757,8.168659,8.235947,1,1,0,,,,,calibration,1,repair: fresh baseline
skew,actuator_characterization_baseline,0,2,7,547,1,none,1300000000.0,2600000000.0,1.0,1,1,24,4.735985,1.00494,1.0,1,none,3.078335,-1,-3.141593,-0.063258,-0.065646,-50.49684,199375017.6145,199375017.6145,525.508813,527.404775,0.999774,0.999769,7.899386,8.02121,1,1,0,,,,,calibration,1,repair: fresh baseline
skew,actuator_characterization_baseline,0,2,8,548,1,none,1300000000.0,2600000000.0,1.0,1,1,24,4.735985,1.00494,1.0,1,none,3.089444,-1,-3.141593,-0.052149,-0.054118,-41.628991,199375017.6145,199375017.6145,520.921283,528.674329,0.999764,0.999767,8.004545,8.083272,1,1,0,,,,,calibration,1,repair: fresh baseline
skew,actuator_characterization_baseline,0,2,9,549,1,none,1300000000.0,2600000000.0,1.0,1,1,24,4.735985,1.00494,1.0,1,none,3.081582,-1,-3.141593,-0.06001,-0.062276,-47.904412,199375017.6145,199375017.6145,524.309555,527.428025,0.999764,0.999766,8.052422,8.067699,1,1,0,,,,,calibration,1,repair: fresh baseline
skew,actuator_characterization_baseline,0,2,10,550,1,none,1300000000.0,2600000000.0,1.0,1,1,24,4.735985,1.00494,1.0,1,none,3.040861,-1,-3.141593,-0.100731,-0.104534,-80.410594,199375017.6145,199375017.6145,531.78157,522.668372,0.99975,0.999732,8.400479,8.563264,1,1,0,,,,,calibration,1,repair: fresh baseline
skew,actuator_characterization_after,0,3,1,551,1,none,1300000000.0,2600000000.0,1.0,1,1,25,4.735985,1.00494,1.0,1,none,3.095863,-1,-3.141593,-0.04573,-0.047456,-36.504755,199375017.6145,199375017.6145,523.940041,528.722455,0.999756,0.999763,8.182003,8.133639,0,0,0,,,,,actuator_characterization_after,0,firmware
skew,actuator_characterization_after,0,3,2,552,1,none,1300000000.0,2600000000.0,1.0,1,1,25,4.735985,1.00494,1.0,1,none,3.095302,-1,-3.141593,-0.046291,-0.048038,-36.952502,199375017.6145,199375017.6145,524.201464,528.883889,0.999769,0.999763,7.967366,8.147685,1,1,0,,,,,actuator_characterization_after,0,firmware
skew,actuator_characterization_after,0,3,3,553,1,none,1300000000.0,2600000000.0,1.0,1,1,25,4.735985,1.00494,1.0,1,none,3.091985,-1,-3.141593,-0.049608,-0.05148,-39.600241,199375017.6145,199375017.6145,525.310275,528.459919,0.999775,0.999775,7.884329,7.925193,1,1,0,,,,,actuator_characterization_after,0,firmware
skew,actuator_characterization_after,0,3,4,554,1,none,1300000000.0,2600000000.0,1.0,1,1,25,4.735985,1.00494,1.0,1,none,3.068569,-1,-3.141593,-0.073023,-0.07578,-58.292272,199375017.6145,199375017.6145,530.200358,525.887438,0.999731,0.999707,8.706522,9.011217,1,1,0,,,,,actuator_characterization_after,0,firmware
skew,actuator_characterization_after,0,3,5,555,1,none,1300000000.0,2600000000.0,1.0,1,1,25,4.735985,1.00494,1.0,1,none,3.091467,-1,-3.141593,-0.050126,-0.052018,-40.014156,199375017.6145,199375017.6145,525.419771,528.64723,0.99972,0.999715,8.783983,8.919477,1,1,1,-0.054961,-42.2779,0.002943,2.263744,actuator_characterization_after,0,firmware
skew,actuator_characterization_after,0,3,6,556,1,none,1300000000.0,2600000000.0,1.0,1,1,25,4.735985,1.00494,1.0,1,none,3.058984,-1,-3.141593,-0.082609,-0.085727,-65.944127,199375017.6145,199375017.6145,531.761241,524.515916,0.999773,0.999772,8.01537,7.925113,1,1,0,,,,,actuator_characterization_after,0,firmware
skew,actuator_characterization_after,0,3,7,557,1,none,1300000000.0,2600000000.0,1.0,1,1,25,4.735985,1.00494,1.0,1,none,3.057546,-1,-3.141593,-0.084047,-0.087219,-67.091858,199375017.6145,199375017.6145,531.881574,524.759941,0.999749,0.999755,8.434366,8.219022,1,1,0,,,,,actuator_characterization_after,0,firmware
skew,actuator_characterization_after,0,3,8,558,1,none,1300000000.0,2600000000.0,1.0,1,1,25,4.735985,1.00494,1.0,1,none,3.088856,-1,-3.141593,-0.052737,-0.054728,-42.098364,199375017.6145,199375017.6145,526.350542,528.018426,0.999743,0.999742,8.436052,8.490106,1,1,0,,,,,actuator_characterization_after,0,firmware
skew,actuator_characterization_after,0,3,9,559,1,none,1300000000.0,2600000000.0,1.0,1,1,25,4.735985,1.00494,1.0,1,none,3.051327,-1,-3.141593,-0.090266,-0.093674,-72.05669,199375017.6145,199375017.6145,532.684477,524.078198,0.999755,0.999763,8.338578,8.079276,1,1,0,,,,,actuator_characterization_after,0,firmware
skew,actuator_characterization_after,0,3,10,560,1,none,1300000000.0,2600000000.0,1.0,1,1,25,4.735985,1.00494,1.0,1,none,3.056707,-1,-3.141593,-0.084886,-0.08809,-67.76159,199375017.6145,199375017.6145,532.127545,524.439689,0.999751,0.999748,8.396365,8.327355,1,1,1,-0.098341,-75.647205,0.010251,7.885614,actuator_characterization_after,0,firmware
skew,actuator_characterization_baseline,0,4,1,561,1,none,1300000000.0,2600000000.0,1.0,1,1,24,4.735985,1.00494,1.0,1,none,3.08996,-1,-3.141593,-0.051633,-0.053582,-41.216879,199375017.6145,199375017.6145,521.01545,528.586988,0.999748,0.999772,8.271143,7.973038,1,1,0,,,,,calibration,2,repair: fresh baseline
skew,actuator_characterization_baseline,0,4,2,562,1,none,1300000000.0,2600000000.0,1.0,1,1,24,4.735985,1.00494,1.0,1,none,3.089261,-1,-3.141593,-0.052332,-0.054307,-41.774804,199375017.6145,199375017.6145,521.298504,528.716616,0.999715,0.999743,8.804219,8.475523,1,1,0,,,,,calibration,2,repair: fresh baseline
skew,actuator_characterization_baseline,0,4,3,563,1,none,1300000000.0,2600000000.0,1.0,1,1,24,4.735985,1.00494,1.0,1,none,3.08909,-1,-3.141593,-0.052503,-0.054485,-41.911154,199375017.6145,199375017.6145,521.320442,528.720197,0.999759,0.99977,8.098146,8.016972,1,1,0,,,,,calibration,2,repair: fresh baseline
skew,actuator_characterization_baseline,0,4,4,564,1,none,1300000000.0,2600000000.0,1.0,1,1,24,4.735985,1.00494,1.0,1,none,3.047769,-1,-3.141593,-0.093823,-0.097365,-74.896149,199375017.6145,199375017.6145,530.580488,523.907354,0.999747,0.999748,8.446981,8.3223,1,1,0,,,,,calibration,2,repair: fresh baseline
skew,actuator_characterization_baseline,0,4,5,565,1,none,1300000000.0,2600000000.0,1.0,1,1,24,4.735985,1.00494,1.0,1,none,3.082593,-1,-3.141593,-0.059,-0.061227,-47.097976,199375017.6145,199375017.6145,523.646194,527.660089,0.999664,0.999686,9.600744,9.344666,1,1,0,,,,,calibration,2,repair: fresh baseline
skew,actuator_characterization_baseline,0,4,6,566,1,none,1300000000.0,2600000000.0,1.0,1,1,24,4.735985,1.00494,1.0,1,none,3.086953,-1,-3.141593,-0.05464,-0.056702,-43.617304,199375017.6145,199375017.6145,522.449437,528.36601,0.99977,0.99977,7.929308,8.021401,1,1,0,,,,,calibration,2,repair: fresh baseline
skew,actuator_characterization_baseline,0,4,7,567,1,none,1300000000.0,2600000000.0,1.0,1,1,24,4.735985,1.00494,1.0,1,none,3.088694,-1,-3.141593,-0.052899,-0.054896,-42.227713,199375017.6145,199375017.6145,521.642107,528.356773,0.999746,0.99974,8.309789,8.517967,1,1,0,,,,,calibration,2,repair: fresh baseline
skew,actuator_characterization_baseline,0,4,8,568,1,none,1300000000.0,2600000000.0,1.0,1,1,24,4.735985,1.00494,1.0,1,none,3.045238,-1,-3.141593,-0.096355,-0.099992,-76.917125,199375017.6145,199375017.6145,530.944451,523.145785,0.99975,0.999755,8.392258,8.190347,1,1,0,,,,,calibration,2,repair: fresh baseline
skew,actuator_characterization_baseline,0,4,9,569,1,none,1300000000.0,2600000000.0,1.0,1,1,24,4.735985,1.00494,1.0,1,none,3.084133,-1,-3.141593,-0.05746,-0.059629,-45.868621,199375017.6145,199375017.6145,523.584083,527.768711,0.999668,0.99968,9.531144,9.437133,1,1,0,,,,,calibration,2,repair: fresh baseline
skew,actuator_characterization_baseline,0,4,10,570,1,none,1300000000.0,2600000000.0,1.0,1,1,24,4.735985,1.00494,1.0,1,none,3.087557,-1,-3.141593,-0.054035,-0.056075,-43.134816,199375017.6145,199375017.6145,522.195983,528.108347,0.999689,0.999701,9.203784,9.127527,0,0,0,,,,,calibration,2,repair: fresh baseline
skew,actuator_characterization_repeat,0,5,1,571,1,none,1300000000.0,2600000000.0,1.0,1,1,25,4.735985,1.00494,1.0,1,none,3.077372,-1,-3.141593,-0.064221,-0.066645,-51.265665,199375017.6145,199375017.6145,528.85308,526.815166,0.999751,0.999753,8.34688,8.292157,1,1,0,,,,,actuator_characterization_repeat,0,firmware
skew,actuator_characterization_repeat,0,5,2,572,1,none,1300000000.0,2600000000.0,1.0,1,1,25,4.735985,1.00494,1.0,1,none,3.055789,-1,-3.141593,-0.085803,-0.089042,-68.494221,199375017.6145,199375017.6145,531.882964,524.241791,0.999734,0.999722,8.682785,8.741143,1,1,0,,,,,actuator_characterization_repeat,0,firmware
skew,actuator_characterization_repeat,0,5,3,573,1,none,1300000000.0,2600000000.0,1.0,1,1,25,4.735985,1.00494,1.0,1,none,3.09728,-1,-3.141593,-0.044313,-0.045986,-35.37353,199375017.6145,199375017.6145,522.810242,528.842621,0.999758,0.999765,8.141927,8.10591,1,1,0,,,,,actuator_characterization_repeat,0,firmware
skew,actuator_characterization_repeat,0,5,4,574,1,none,1300000000.0,2600000000.0,1.0,1,1,25,4.735985,1.00494,1.0,1,none,3.066838,-1,-3.141593,-0.074754,-0.077576,-59.674123,199375017.6145,199375017.6145,530.820429,525.636151,0.999768,0.999757,8.077699,8.194928,1,1,0,,,,,actuator_characterization_repeat,0,firmware
skew,actuator_characterization_repeat,0,5,5,575,1,none,1300000000.0,2600000000.0,1.0,1,1,25,4.735985,1.00494,1.0,1,none,3.080108,-1,-3.141593,-0.061485,-0.063806,-49.081367,199375017.6145,199375017.6145,528.157147,527.208222,0.999779,0.999778,7.855178,7.852273,1,1,0,,,,,actuator_characterization_repeat,0,firmware
skew,actuator_characterization_repeat,0,5,6,576,1,none,1300000000.0,2600000000.0,1.0,1,1,25,4.735985,1.00494,1.0,1,none,3.097747,-1,-3.141593,-0.043846,-0.045501,-35.000847,199375017.6145,199375017.6145,522.557332,529.335204,0.999758,0.999761,8.142494,8.194095,0,0,0,,,,,actuator_characterization_repeat,0,firmware
skew,actuator_characterization_repeat,0,5,7,577,1,none,1300000000.0,2600000000.0,1.0,1,1,25,4.735985,1.00494,1.0,1,none,3.091325,-1,-3.141593,-0.050267,-0.052165,-40.126829,199375017.6145,199375017.6145,525.16069,528.515776,0.999709,0.999706,8.96663,9.071692,1,1,0,,,,,actuator_characterization_repeat,0,firmware
skew,actuator_characterization_repeat,0,5,8,578,1,none,1300000000.0,2600000000.0,1.0,1,1,25,4.735985,1.00494,1.0,1,none,3.053207,-1,-3.141593,-0.088385,-0.091722,-70.555399,199375017.6145,199375017.6145,532.817029,524.239251,0.999733,0.999706,8.71297,8.997874,1,1,0,,,,,actuator_characterization_repeat,0,firmware
skew,actuator_characterization_repeat,0,5,9,579,1,none,1300000000.0,2600000000.0,1.0,1,1,25,4.735985,1.00494,1.0,1,none,3.078846,-1,-3.141593,-0.062746,-0.065115,-50.088501,199375017.6145,199375017.6145,528.431542,526.926417,0.999754,0.999742,8.287587,8.470766,1,1,0,,,,,actuator_characterization_repeat,0,firmware
skew,actuator_characterization_repeat,0,5,10,580,1,none,1300000000.0,2600000000.0,1.0,1,1,25,4.735985,1.00494,1.0,1,none,3.055422,-1,-3.141593,-0.086171,-0.089424,-68.787774,199375017.6145,199375017.6145,531.990003,524.532018,0.999737,0.999715,8.638537,8.857694,1,1,0,,,,,actuator_characterization_repeat,0,firmware
skew,actuator_characterization_baseline,0,6,1,581,1,none,1300000000.0,2600000000.0,1.0,1,1,24,4.735985,1.00494,1.0,1,none,3.086795,-1,-3.141593,-0.054798,-0.056866,-43.74345,199375017.6145,199375017.6145,522.686604,528.083969,0.99977,0.999759,7.934281,8.204556,1,1,0,,,,,calibration,3,repair: fresh baseline
skew,actuator_characterization_baseline,0,6,2,582,1,none,1300000000.0,2600000000.0,1.0,1,1,24,4.735985,1.00494,1.0,1,none,3.086435,-1,-3.141593,-0.055157,-0.05724,-44.030511,199375017.6145,199375017.6145,522.680184,528.196263,0.999747,0.999767,8.30444,8.052193,1,1,0,,,,,calibration,3,repair: fresh baseline
skew,actuator_characterization_baseline,0,6,3,583,1,none,1300000000.0,2600000000.0,1.0,1,1,24,4.735985,1.00494,1.0,1,none,3.063976,-1,-3.141593,-0.077617,-0.080547,-61.959267,199375017.6145,199375017.6145,528.166713,525.601932,0.999743,0.999733,8.473217,8.594789,1,1,0,,,,,calibration,3,repair: fresh baseline
skew,actuator_characterization_baseline,0,6,4,584,1,none,1300000000.0,2600000000.0,1.0,1,1,24,4.735985,1.00494,1.0,1,none,3.08784,-1,-3.141593,-0.053753,-0.055782,-42.909026,199375017.6145,199375017.6145,521.954186,528.411418,0.999761,0.999766,8.081179,8.078925,1,1,0,,,,,calibration,3,repair: fresh baseline
skew,actuator_characterization_baseline,0,6,5,585,1,none,1300000000.0,2600000000.0,1.0,1,1,24,4.735985,1.00494,1.0,1,none,3.087019,-1,-3.141593,-0.054574,-0.056634,-43.564449,199375017.6145,199375017.6145,522.408835,528.265464,0.999767,0.999769,7.980426,8.033694,1,1,0,,,,,calibration,3,repair: fresh baseline
skew,actuator_characterization_baseline,0,6,6,586,1,none,1300000000.0,2600000000.0,1.0,1,1,24,4.735985,1.00494,1.0,1,none,3.083358,-1,-3.141593,-0.058235,-0.060433,-46.487307,199375017.6145,199375017.6145,523.54087,527.887053,0.999693,0.999701,9.174061,9.125984,1,1,0,,,,,calibration,3,repair: fresh baseline
skew,actuator_characterization_baseline,0,6,7,587,1,none,1300000000.0,2600000000.0,1.0,1,1,24,4.735985,1.00494,1.0,1,none,3.088914,-1,-3.141593,-0.052679,-0.054668,-42.052,199375017.6145,199375017.6145,521.519489,528.310075,0.999749,0.999764,8.264174,8.1211,1,1,0,,,,,calibration,3,repair: fresh baseline
skew,actuator_characterization_baseline,0,6,8,588,1,none,1300000000.0,2600000000.0,1.0,1,1,24,4.735985,1.00494,1.0,1,none,3.072919,-1,-3.141593,-0.068673,-0.071266,-54.819927,199375017.6145,199375017.6145,526.838091,526.260371,0.999782,0.999763,7.772556,8.096399,1,1,0,,,,,calibration,3,repair: fresh baseline
skew,actuator_characterization_baseline,0,6,9,589,1,none,1300000000.0,2600000000.0,1.0,1,1,24,4.735985,1.00494,1.0,1,none,3.066338,-1,-3.141593,-0.075254,-0.078095,-60.073248,199375017.6145,199375017.6145,528.123519,525.966617,0.999767,0.999765,8.057747,8.059099,1,1,0,,,,,calibration,3,repair: fresh baseline
skew,actuator_characterization_baseline,0,6,10,590,1,none,1300000000.0,2600000000.0,1.0,1,1,24,4.735985,1.00494,1.0,1,none,3.069353,-1,-3.141593,-0.07224,-0.074967,-57.666952,199375017.6145,199375017.6145,527.441726,525.855019,0.999725,0.99974,8.74238,8.476498,1,1,0,,,,,calibration,3,repair: fresh baseline
skew,actuator_characterization_after,0,7,1,591,1,none,1300000000.0,2600000000.0,1.0,1,1,26,4.735985,1.00494,1.0,1,none,3.104935,-1,-3.141593,-0.036658,-0.038042,-29.262797,199375017.6145,199375017.6145,524.385675,529.376041,0.999748,0.999756,8.319865,8.274332,1,1,0,,,,,actuator_characterization_after,0,firmware
skew,actuator_characterization_after,0,7,2,592,1,none,1300000000.0,2600000000.0,1.0,1,1,26,4.735985,1.00494,1.0,1,none,3.080011,-1,-3.141593,-0.061581,-0.063906,-49.15846,199375017.6145,199375017.6145,530.883082,526.908015,0.999773,0.999765,8.004833,8.08181,1,1,0,,,,,actuator_characterization_after,0,firmware
skew,actuator_characterization_after,0,7,3,593,1,none,1300000000.0,2600000000.0,1.0,1,1,26,4.735985,1.00494,1.0,1,none,3.06165,-1,-3.141593,-0.079943,-0.082961,-63.815928,199375017.6145,199375017.6145,533.424824,524.758539,0.999716,0.999676,9.000778,9.443402,1,1,0,,,,,actuator_characterization_after,0,firmware
skew,actuator_characterization_after,0,7,4,594,1,none,1300000000.0,2600000000.0,1.0,1,1,26,4.735985,1.00494,1.0,1,none,3.102719,-1,-3.141593,-0.038873,-0.040341,-31.031483,199375017.6145,199375017.6145,525.240322,529.01313,0.999757,0.999757,8.198772,8.250016,1,1,0,,,,,actuator_characterization_after,0,firmware
skew,actuator_characterization_after,0,7,5,595,1,none,1300000000.0,2600000000.0,1.0,1,1,26,4.735985,1.00494,1.0,1,none,3.061851,-1,-3.141593,-0.079742,-0.082752,-63.655396,199375017.6145,199375017.6145,533.292502,524.927566,0.999761,0.999767,8.251405,8.024739,1,1,1,-0.083882,-64.524449,0.00113,0.869053,actuator_characterization_after,0,firmware
skew,actuator_characterization_after,0,7,6,596,1,none,1300000000.0,2600000000.0,1.0,1,1,26,4.735985,1.00494,1.0,1,none,3.062793,-1,-3.141593,-0.0788,-0.081775,-62.90347,199375017.6145,199375017.6145,533.543379,525.186542,0.999672,0.999645,9.6694,9.903841,1,1,0,,,,,actuator_characterization_after,0,firmware
skew,actuator_characterization_after,0,7,7,597,1,none,1300000000.0,2600000000.0,1.0,1,1,26,4.735985,1.00494,1.0,1,none,3.06063,-1,-3.141593,-0.080963,-0.084019,-64.630191,199375017.6145,199375017.6145,533.539125,524.832353,0.999752,0.999745,8.414851,8.392917,1,1,0,,,,,actuator_characterization_after,0,firmware
skew,actuator_characterization_after,0,7,8,598,1,none,1300000000.0,2600000000.0,1.0,1,1,26,4.735985,1.00494,1.0,1,none,3.100309,-1,-3.141593,-0.041284,-0.042843,-32.955769,199375017.6145,199375017.6145,526.103391,528.830501,0.999757,0.999766,8.201147,8.092403,1,1,0,,,,,actuator_characterization_after,0,firmware
skew,actuator_characterization_after,0,7,9,599,1,none,1300000000.0,2600000000.0,1.0,1,1,26,4.735985,1.00494,1.0,1,none,3.103934,-1,-3.141593,-0.037658,-0.03908,-30.061596,199375017.6145,199375017.6145,524.775969,529.444447,0.99971,0.999728,8.940796,8.740709,1,1,0,,,,,actuator_characterization_after,0,firmware
skew,actuator_characterization_after,0,7,10,600,1,none,1300000000.0,2600000000.0,1.0,1,1,26,4.735985,1.00494,1.0,1,none,3.104772,-1,-3.141593,-0.03682,-0.03821,-29.39261,199375017.6145,199375017.6145,524.523975,529.51641,0.999766,0.999781,8.026003,7.848499,1,1,0,,,,,actuator_characterization_after,0,firmware
skew,actuator_characterization_baseline,0,8,1,601,1,none,1300000000.0,2600000000.0,1.0,1,1,24,4.735985,1.00494,1.0,1,none,3.047695,-1,-3.141593,-0.093897,-0.097442,-74.955336,199375017.6145,199375017.6145,531.098159,523.705593,0.999755,0.999752,8.312574,8.237976,1,1,0,,,,,calibration,4,repair: fresh baseline
skew,actuator_characterization_baseline,0,8,2,602,1,none,1300000000.0,2600000000.0,1.0,1,1,24,4.735985,1.00494,1.0,1,none,3.089505,-1,-3.141593,-0.052088,-0.054054,-41.580055,199375017.6145,199375017.6145,521.076173,528.697025,0.999762,0.999759,8.038124,8.219273,1,1,0,,,,,calibration,4,repair: fresh baseline
skew,actuator_characterization_baseline,0,8,3,603,1,none,1300000000.0,2600000000.0,1.0,1,1,24,4.735985,1.00494,1.0,1,none,3.063781,-1,-3.141593,-0.077811,-0.080749,-62.114321,199375017.6145,199375017.6145,528.532485,525.556216,0.999721,0.999716,8.826979,8.847992,1,1,0,,,,,calibration,4,repair: fresh baseline
skew,actuator_characterization_baseline,0,8,4,604,1,none,1300000000.0,2600000000.0,1.0,1,1,24,4.735985,1.00494,1.0,1,none,3.056051,-1,-3.141593,-0.085542,-0.088771,-68.285643,199375017.6145,199375017.6145,529.790821,524.482122,0.999783,0.999755,7.802874,8.20472,1,1,0,,,,,calibration,4,repair: fresh baseline
skew,actuator_characterization_baseline,0,8,5,605,1,none,1300000000.0,2600000000.0,1.0,1,1,24,4.735985,1.00494,1.0,1,none,3.058561,-1,-3.141593,-0.083032,-0.086166,-66.281545,199375017.6145,199375017.6145,529.171855,524.982209,0.999746,0.999756,8.436762,8.198343,1,1,0,,,,,calibration,4,repair: fresh baseline
skew,actuator_characterization_baseline,0,8,6,606,1,none,1300000000.0,2600000000.0,1.0,1,1,24,4.735985,1.00494,1.0,1,none,3.072505,-1,-3.141593,-0.069087,-0.071695,-55.15024,199375017.6145,199375017.6145,526.753066,526.549994,0.999709,0.9997,8.975779,9.113037,1,1,0,,,,,calibration,4,repair: fresh baseline
skew,actuator_characterization_baseline,0,8,7,607,1,none,1300000000.0,2600000000.0,1.0,1,1,24,4.735985,1.00494,1.0,1,none,3.041305,-1,-3.141593,-0.100287,-0.104073,-80.05623,199375017.6145,199375017.6145,531.654078,523.016295,0.999751,0.999741,8.3957,8.421584,1,1,0,,,,,calibration,4,repair: fresh baseline
skew,actuator_characterization_baseline,0,8,8,608,1,none,1300000000.0,2600000000.0,1.0,1,1,24,4.735985,1.00494,1.0,1,none,3.089695,-1,-3.141593,-0.051897,-0.053856,-41.428001,199375017.6145,199375017.6145,521.354437,528.718875,0.999757,0.99977,8.130553,8.007442,1,1,0,,,,,calibration,4,repair: fresh baseline
skew,actuator_characterization_baseline,0,8,9,609,1,none,1300000000.0,2600000000.0,1.0,1,1,24,4.735985,1.00494,1.0,1,none,3.042348,-1,-3.141593,-0.099244,-0.102991,-79.2237,199375017.6145,199375017.6145,531.77737,523.008019,0.999781,0.999775,7.883745,7.848529,1,1,0,,,,,calibration,4,repair: fresh baseline
skew,actuator_characterization_baseline,0,8,10,610,1,none,1300000000.0,2600000000.0,1.0,1,1,24,4.735985,1.00494,1.0,1,none,3.072794,-1,-3.141593,-0.068798,-0.071396,-54.919629,199375017.6145,199375017.6145,526.485951,526.758699,0.999785,0.999764,7.715335,8.092431,1,1,0,,,,,calibration,4,repair: fresh baseline
skew,actuator_characterization_repeat,0,9,1,611,1,none,1300000000.0,2600000000.0,1.0,1,1,26,4.735985,1.00494,1.0,1,none,3.097727,-1,-3.141593,-0.043866,-0.045522,-35.016766,199375017.6145,199375017.6145,526.875391,528.493101,0.999758,0.99975,8.196724,8.358546,1,1,0,,,,,actuator_characterization_repeat,0,firmware
skew,actuator_characterization_repeat,0,9,2,612,1,none,1300000000.0,2600000000.0,1.0,1,1,26,4.735985,1.00494,1.0,1,none,3.100026,-1,-3.141593,-0.041566,-0.043136,-33.181214,199375017.6145,199375017.6145,526.092122,529.053194,0.999728,0.999731,8.669325,8.678903,1,1,0,,,,,actuator_characterization_repeat,0,firmware
skew,actuator_characterization_repeat,0,9,3,613,1,none,1300000000.0,2600000000.0,1.0,1,1,26,4.735985,1.00494,1.0,1,none,3.064402,-1,-3.141593,-0.07719,-0.080104,-61.618631,199375017.6145,199375017.6145,533.229496,525.277928,0.99974,0.999722,8.606082,8.763826,1,1,0,,,,,actuator_characterization_repeat,0,firmware
skew,actuator_characterization_repeat,0,9,4,614,1,none,1300000000.0,2600000000.0,1.0,1,1,26,4.735985,1.00494,1.0,1,none,3.094935,-1,-3.141593,-0.046658,-0.048419,-37.24528,199375017.6145,199375017.6145,527.829799,528.533608,0.999726,0.999732,8.735723,8.649455,1,1,0,,,,,actuator_characterization_repeat,0,firmware
skew,actuator_characterization_repeat,0,9,5,615,1,none,1300000000.0,2600000000.0,1.0,1,1,26,4.735985,1.00494,1.0,1,none,3.104487,-1,-3.141593,-0.037106,-0.038507,-29.620514,199375017.6145,199375017.6145,524.28954,529.597681,0.999699,0.999687,9.096521,9.365739,1,1,0,,,,,actuator_characterization_repeat,0,firmware
skew,actuator_characterization_repeat,0,9,6,616,1,none,1300000000.0,2600000000.0,1.0,1,1,26,4.735985,1.00494,1.0,1,none,3.102066,-1,-3.141593,-0.039527,-0.041019,-31.553271,199375017.6145,199375017.6145,525.491729,528.901214,0.999723,0.999722,8.744901,8.821128,1,1,0,,,,,actuator_characterization_repeat,0,firmware
skew,actuator_characterization_repeat,0,9,7,617,1,none,1300000000.0,2600000000.0,1.0,1,1,26,4.735985,1.00494,1.0,1,none,3.098516,-1,-3.141593,-0.043077,-0.044703,-34.386982,199375017.6145,199375017.6145,526.605179,528.657665,0.999756,0.999751,8.239803,8.343826,1,1,0,,,,,actuator_characterization_repeat,0,firmware
skew,actuator_characterization_repeat,0,9,8,618,1,none,1300000000.0,2600000000.0,1.0,1,1,26,4.735985,1.00494,1.0,1,none,3.059696,-1,-3.141593,-0.081897,-0.084989,-65.375939,199375017.6145,199375017.6145,533.754364,524.61007,0.999777,0.999758,7.964557,8.163571,1,1,0,,,,,actuator_characterization_repeat,0,firmware
skew,actuator_characterization_repeat,0,9,9,619,1,none,1300000000.0,2600000000.0,1.0,1,1,26,4.735985,1.00494,1.0,1,none,3.077936,-1,-3.141593,-0.063657,-0.06606,-50.815488,199375017.6145,199375017.6145,531.374661,526.644713,0.999761,0.999758,8.212491,8.190875,1,1,0,,,,,actuator_characterization_repeat,0,firmware
skew,actuator_characterization_repeat,0,9,10,620,1,none,1300000000.0,2600000000.0,1.0,1,1,26,4.735985,1.00494,1.0,1,none,3.060734,-1,-3.141593,-0.080859,-0.083911,-64.547154,199375017.6145,199375017.6145,533.869396,524.814565,0.999749,0.999746,8.465026,8.370582,1,1,0,,,,,actuator_characterization_repeat,0,firmware
skew,actuator_characterization_baseline,0,10,1,621,1,none,1300000000.0,2600000000.0,1.0,1,1,24,4.735985,1.00494,1.0,1,none,3.040105,-1,-3.141593,-0.101488,-0.105319,-81.014562,199375017.6145,199375017.6145,531.763087,522.583265,0.999735,0.999731,8.655259,8.567087,1,1,0,,,,,calibration,5,repair: fresh baseline
skew,actuator_characterization_baseline,0,10,2,622,1,none,1300000000.0,2600000000.0,1.0,1,1,24,4.735985,1.00494,1.0,1,none,3.084233,-1,-3.141593,-0.05736,-0.059525,-45.788458,199375017.6145,199375017.6145,523.521391,527.912844,0.999666,0.999668,9.564737,9.618519,1,1,0,,,,,calibration,5,repair: fresh baseline
skew,actuator_characterization_baseline,0,10,3,623,1,none,1300000000.0,2600000000.0,1.0,1,1,24,4.735985,1.00494,1.0,1,none,3.089292,-1,-3.141593,-0.052301,-0.054275,-41.750062,199375017.6145,199375017.6145,521.299093,528.842609,0.9997,0.999708,9.043019,9.042964,1,1,0,,,,,calibration,5,repair: fresh baseline
skew,actuator_characterization_baseline,0,10,4,624,1,none,1300000000.0,2600000000.0,1.0,1,1,24,4.735985,1.00494,1.0,1,none,3.085722,-1,-3.141593,-0.05587,-0.057979,-44.599591,199375017.6145,199375017.6145,523.332389,528.137998,0.999725,0.99973,8.684398,8.686014,1,1,0,,,,,calibration,5,repair: fresh baseline
skew,actuator_characterization_baseline,0,10,5,625,1,none,1300000000.0,2600000000.0,1.0,1,1,24,4.735985,1.00494,1.0,1,none,3.088164,-1,-3.141593,-0.053429,-0.055446,-42.650544,199375017.6145,199375017.6145,521.897798,528.295681,0.999771,0.999763,7.89434,8.135032,1,1,0,,,,,calibration,5,repair: fresh baseline
skew,actuator_characterization_baseline,0,10,6,626,1,none,1300000000.0,2600000000.0,1.0,1,1,24,4.735985,1.00494,1.0,1,none,3.086637,-1,-3.141593,-0.054955,-0.05703,-43.869242,199375017.6145,199375017.6145,522.626099,528.403126,0.999732,0.999743,8.552745,8.474126,1,1,0,,,,,calibration,5,repair: fresh baseline
skew,actuator_characterization_baseline,0,10,7,627,1,none,1300000000.0,2600000000.0,1.0,1,1,24,4.735985,1.00494,1.0,1,none,3.089075,-1,-3.141593,-0.052518,-0.0545,-41.923287,199375017.6145,199375017.6145,521.3982,528.446303,0.999768,0.999769,7.939812,8.033694,1,1,0,,,,,calibration,5,repair: fresh baseline
skew,actuator_characterization_baseline,0,10,8,628,1,none,1300000000.0,2600000000.0,1.0,1,1,24,4.735985,1.00494,1.0,1,none,3.051443,-1,-3.141593,-0.09015,-0.093553,-71.963875,199375017.6145,199375017.6145,530.445978,524.016497,0.999744,0.999742,8.479812,8.418664,1,1,0,,,,,calibration,5,repair: fresh baseline
skew,actuator_characterization_baseline,0,10,9,629,1,none,1300000000.0,2600000000.0,1.0,1,1,24,4.735985,1.00494,1.0,1,none,3.041465,-1,-3.141593,-0.100128,-0.103908,-79.929195,199375017.6145,199375017.6145,531.923254,522.755195,0.999779,0.999767,7.917305,7.977705,1,1,0,,,,,calibration,5,repair: fresh baseline
skew,actuator_characterization_baseline,0,10,10,630,1,none,1300000000.0,2600000000.0,1.0,1,1,24,4.735985,1.00494,1.0,1,none,3.088937,-1,-3.141593,-0.052655,-0.054643,-42.03305,199375017.6145,199375017.6145,521.933367,528.45528,0.999715,0.999731,8.806161,8.662562,1,1,0,,,,,calibration,5,repair: fresh baseline
skew,actuator_characterization_after,0,11,1,631,1,none,1300000000.0,2600000000.0,1.0,1,1,28,4.735985,1.00494,1.0,1,none,3.115879,-1,-3.141593,-0.025713,-0.026684,-20.526185,199375017.6145,199375017.6145,527.301836,529.428239,0.999762,0.999762,8.131873,8.169658,1,1,0,,,,,actuator_characterization_after,0,firmware
skew,actuator_characterization_after,0,11,2,632,1,none,1300000000.0,2600000000.0,1.0,1,1,28,4.735985,1.00494,1.0,1,none,3.112473,-1,-3.141593,-0.02912,-0.030219,-23.245666,199375017.6145,199375017.6145,528.355069,529.447017,0.999733,0.999721,8.630706,8.83227,1,1,0,,,,,actuator_characterization_after,0,firmware
skew,actuator_characterization_after,0,11,3,633,1,none,1300000000.0,2600000000.0,1.0,1,1,28,4.735985,1.00494,1.0,1,none,3.115903,-1,-3.141593,-0.02569,-0.02666,-20.507349,199375017.6145,199375017.6145,527.28613,529.556626,0.999743,0.999755,8.452788,8.282008,1,1,0,,,,,actuator_characterization_after,0,firmware
skew,actuator_characterization_after,0,11,4,634,1,none,1300000000.0,2600000000.0,1.0,1,1,28,4.735985,1.00494,1.0,1,none,3.085602,-1,-3.141593,-0.05599,-0.058104,-44.695248,199375017.6145,199375017.6145,534.220479,527.333278,0.999769,0.999756,8.124266,8.241836,1,1,0,,,,,actuator_characterization_after,0,firmware
skew,actuator_characterization_after,0,11,5,635,1,none,1300000000.0,2600000000.0,1.0,1,1,28,4.735985,1.00494,1.0,1,none,3.116068,-1,-3.141593,-0.025524,-0.026488,-20.375393,199375017.6145,199375017.6145,527.501269,529.550392,0.999647,0.999627,9.906235,10.22712,1,1,0,,,,,actuator_characterization_after,0,firmware
skew,actuator_characterization_after,0,11,6,636,1,none,1300000000.0,2600000000.0,1.0,1,1,28,4.735985,1.00494,1.0,1,none,3.092926,-1,-3.141593,-0.048667,-0.050504,-38.84941,199375017.6145,199375017.6145,533.17037,528.112024,0.999704,0.999678,9.177219,9.484442,1,1,0,,,,,actuator_characterization_after,0,firmware
skew,actuator_characterization_after,0,11,7,637,1,none,1300000000.0,2600000000.0,1.0,1,1,28,4.735985,1.00494,1.0,1,none,3.114819,-1,-3.141593,-0.026774,-0.027784,-21.372515,199375017.6145,199375017.6145,527.488918,529.506576,0.999763,0.999768,8.112538,8.056788,1,1,0,,,,,actuator_characterization_after,0,firmware
skew,actuator_characterization_after,0,11,8,638,1,none,1300000000.0,2600000000.0,1.0,1,1,28,4.735985,1.00494,1.0,1,none,3.110463,-1,-3.141593,-0.03113,-0.032305,-24.850182,199375017.6145,199375017.6145,529.250333,529.245815,0.999771,0.999749,8.006871,8.393073,1,1,0,,,,,actuator_characterization_after,0,firmware
skew,actuator_characterization_after,0,11,9,639,1,none,1300000000.0,2600000000.0,1.0,1,1,28,4.735985,1.00494,1.0,1,none,3.079624,-1,-3.141593,-0.061969,-0.064308,-49.467588,199375017.6145,199375017.6145,535.111164,526.454562,0.999767,0.999753,8.170113,8.271364,1,1,0,,,,,actuator_characterization_after,0,firmware
skew,actuator_characterization_after,0,11,10,640,1,none,1300000000.0,2600000000.0,1.0,1,1,28,4.735985,1.00494,1.0,1,none,3.096674,-1,-3.141593,-0.044919,-0.046614,-35.857195,199375017.6145,199375017.6145,532.648555,528.314628,0.999768,0.99978,8.101276,7.839752,1,1,0,,,,,actuator_characterization_after,0,firmware
skew,actuator_characterization_baseline,0,12,1,641,1,none,1300000000.0,2600000000.0,1.0,1,1,24,4.735985,1.00494,1.0,1,none,3.074984,-1,-3.141593,-0.066609,-0.069123,-53.171657,199375017.6145,199375017.6145,526.077136,526.690204,0.999653,0.999627,9.800522,10.168521,1,1,0,,,,,calibration,6,repair: fresh baseline
skew,actuator_characterization_baseline,0,12,2,642,1,none,1300000000.0,2600000000.0,1.0,1,1,24,4.735985,1.00494,1.0,1,none,3.08868,-1,-3.141593,-0.052912,-0.05491,-42.238169,199375017.6145,199375017.6145,521.386782,528.672659,0.999763,0.99977,8.04053,8.020162,1,1,0,,,,,calibration,6,repair: fresh baseline
skew,actuator_characterization_baseline,0,12,3,643,1,none,1300000000.0,2600000000.0,1.0,1,1,24,4.735985,1.00494,1.0,1,none,3.048888,-1,-3.141593,-0.092705,-0.096204,-74.003442,199375017.6145,199375017.6145,530.798974,523.785001,0.99977,0.99976,8.059828,8.126237,1,1,0,,,,,calibration,6,repair: fresh baseline
skew,actuator_characterization_baseline,0,12,4,644,1,none,1300000000.0,2600000000.0,1.0,1,1,24,4.735985,1.00494,1.0,1,none,3.088162,-1,-3.141593,-0.05343,-0.055447,-42.651916,199375017.6145,199375017.6145,521.886037,528.379727,0.999728,0.999726,8.608785,8.743315,1,1,0,,,,,calibration,6,repair: fresh baseline
skew,actuator_characterization_baseline,0,12,5,645,1,none,1300000000.0,2600000000.0,1.0,1,1,24,4.735985,1.00494,1.0,1,none,3.045229,-1,-3.141593,-0.096364,-0.100002,-76.924424,199375017.6145,199375017.6145,531.307527,522.929406,0.999775,0.999771,7.974032,7.919938,1,1,0,,,,,calibration,6,repair: fresh baseline
skew,actuator_characterization_baseline,0,12,6,646,1,none,1300000000.0,2600000000.0,1.0,1,1,24,4.735985,1.00494,1.0,1,none,3.06387,-1,-3.141593,-0.077722,-0.080656,-62.043229,199375017.6145,199375017.6145,528.329834,525.392457,0.99978,0.999786,7.825745,7.677193,1,1,0,,,,,calibration,6,repair: fresh baseline
skew,actuator_characterization_baseline,0,12,7,647,1,none,1300000000.0,2600000000.0,1.0,1,1,24,4.735985,1.00494,1.0,1,none,3.053509,-1,-3.141593,-0.088084,-0.091409,-70.314788,199375017.6145,199375017.6145,530.284213,524.351859,0.99976,0.999742,8.210851,8.415256,1,1,0,,,,,calibration,6,repair: fresh baseline
skew,actuator_characterization_baseline,0,12,8,648,1,none,1300000000.0,2600000000.0,1.0,1,1,24,4.735985,1.00494,1.0,1,none,3.043455,-1,-3.141593,-0.098138,-0.101842,-78.340324,199375017.6145,199375017.6145,531.492933,523.014321,0.999743,0.999725,8.521938,8.667091,1,1,0,,,,,calibration,6,repair: fresh baseline
skew,actuator_characterization_baseline,0,12,9,649,1,none,1300000000.0,2600000000.0,1.0,1,1,24,4.735985,1.00494,1.0,1,none,3.050537,-1,-3.141593,-0.091056,-0.094493,-72.687101,199375017.6145,199375017.6145,530.541166,523.758373,0.999741,0.999713,8.540372,8.866057,1,1,0,,,,,calibration,6,repair: fresh baseline
skew,actuator_characterization_baseline,0,12,10,650,1,none,1300000000.0,2600000000.0,1.0,1,1,24,4.735985,1.00494,1.0,1,none,3.080728,-1,-3.141593,-0.060865,-0.063163,-48.586719,199375017.6145,199375017.6145,524.469464,527.489145,0.999729,0.999757,8.629072,8.216835,1,1,0,,,,,calibration,6,repair: fresh baseline
skew,actuator_characterization_repeat,0,13,1,651,1,none,1300000000.0,2600000000.0,1.0,1,1,28,4.735985,1.00494,1.0,1,none,3.115551,-1,-3.141593,-0.026041,-0.027024,-20.787984,199375017.6145,199375017.6145,527.428055,529.309568,0.999722,0.999713,8.801462,8.97566,1,1,0,,,,,actuator_characterization_repeat,0,firmware
skew,actuator_characterization_repeat,0,13,2,652,1,none,1300000000.0,2600000000.0,1.0,1,1,28,4.735985,1.00494,1.0,1,none,3.093201,-1,-3.141593,-0.048392,-0.050218,-38.629549,199375017.6145,199375017.6145,533.109738,528.020486,0.999773,0.999771,8.026904,7.994894,1,1,0,,,,,actuator_characterization_repeat,0,firmware
skew,actuator_characterization_repeat,0,13,3,653,1,none,1300000000.0,2600000000.0,1.0,1,1,28,4.735985,1.00494,1.0,1,none,3.08261,-1,-3.141593,-0.058983,-0.061209,-47.083961,199375017.6145,199375017.6145,534.421077,526.928121,0.999751,0.999759,8.439047,8.194147,1,1,0,,,,,actuator_characterization_repeat,0,firmware
skew,actuator_characterization_repeat,0,13,4,654,1,none,1300000000.0,2600000000.0,1.0,1,1,28,4.735985,1.00494,1.0,1,none,3.115483,-1,-3.141593,-0.02611,-0.027095,-20.842533,199375017.6145,199375017.6145,527.268801,529.57151,0.999777,0.999769,7.879186,8.054114,1,1,0,,,,,actuator_characterization_repeat,0,firmware
skew,actuator_characterization_repeat,0,13,5,655,1,none,1300000000.0,2600000000.0,1.0,1,1,28,4.735985,1.00494,1.0,1,none,3.08228,-1,-3.141593,-0.059313,-0.061552,-47.347491,199375017.6145,199375017.6145,534.430208,526.790233,0.999724,0.999732,8.879327,8.628967,1,1,0,,,,,actuator_characterization_repeat,0,firmware
skew,actuator_characterization_repeat,0,13,6,656,1,none,1300000000.0,2600000000.0,1.0,1,1,28,4.735985,1.00494,1.0,1,none,3.115298,-1,-3.141593,-0.026294,-0.027287,-20.990054,199375017.6145,199375017.6145,527.591502,529.451023,0.999758,0.999761,8.211501,8.187285,1,1,0,,,,,actuator_characterization_repeat,0,firmware
skew,actuator_characterization_repeat,0,13,7,657,1,none,1300000000.0,2600000000.0,1.0,1,1,28,4.735985,1.00494,1.0,1,none,3.106413,-1,-3.141593,-0.03518,-0.036508,-28.083111,199375017.6145,199375017.6145,530.270091,528.942667,0.999743,0.999739,8.501975,8.546715,1,1,0,,,,,actuator_characterization_repeat,0,firmware
skew,actuator_characterization_repeat,0,13,8,658,1,none,1300000000.0,2600000000.0,1.0,1,1,28,4.735985,1.00494,1.0,1,none,3.080588,-1,-3.141593,-0.061005,-0.063308,-48.698297,199375017.6145,199375017.6145,534.995635,526.769949,0.999768,0.999785,8.160075,7.737435,1,1,0,,,,,actuator_characterization_repeat,0,firmware
skew,actuator_characterization_repeat,0,13,9,659,1,none,1300000000.0,2600000000.0,1.0,1,1,28,4.735985,1.00494,1.0,1,none,3.0816,-1,-3.141593,-0.059992,-0.062257,-47.890115,199375017.6145,199375017.6145,534.871281,526.500307,0.999726,0.999704,8.857665,9.056028,1,1,0,,,,,actuator_characterization_repeat,0,firmware
skew,actuator_characterization_repeat,0,13,10,660,1,none,1300000000.0,2600000000.0,1.0,1,1,28,4.735985,1.00494,1.0,1,none,3.115274,-1,-3.141593,-0.026319,-0.027312,-21.009294,199375017.6145,199375017.6145,527.184632,529.338709,0.999753,0.999756,8.289114,8.272218,1,1,0,,,,,actuator_characterization_repeat,0,firmware
skew,actuator_characterization_baseline,0,14,1,661,1,none,1300000000.0,2600000000.0,1.0,1,1,24,4.735985,1.00494,1.0,1,none,3.088395,-1,-3.141593,-0.053197,-0.055205,-42.465683,199375017.6145,199375017.6145,522.078472,528.331022,0.99976,0.999767,8.101391,8.069533,1,1,0,,,,,calibration,7,repair: fresh baseline
skew,actuator_characterization_baseline,0,14,2,662,1,none,1300000000.0,2600000000.0,1.0,1,1,24,4.735985,1.00494,1.0,1,none,3.070641,-1,-3.141593,-0.070951,-0.07363,-56.638394,199375017.6145,199375017.6145,527.114721,526.259914,0.999769,0.999773,8.014,7.933033,1,1,0,,,,,calibration,7,repair: fresh baseline
skew,actuator_characterization_baseline,0,14,3,663,1,none,1300000000.0,2600000000.0,1.0,1,1,24,4.735985,1.00494,1.0,1,none,3.064645,-1,-3.141593,-0.076947,-0.079852,-61.424646,199375017.6145,199375017.6145,528.24976,525.322936,0.999732,0.99972,8.640188,8.787217,1,1,0,,,,,calibration,7,repair: fresh baseline
skew,actuator_characterization_baseline,0,14,4,664,1,none,1300000000.0,2600000000.0,1.0,1,1,24,4.735985,1.00494,1.0,1,none,3.044366,-1,-3.141593,-0.097226,-0.100897,-77.612899,199375017.6145,199375017.6145,531.426339,523.206023,0.999766,0.999774,8.136864,7.878788,1,1,0,,,,,calibration,7,repair: fresh baseline
skew,actuator_characterization_baseline,0,14,5,665,1,none,1300000000.0,2600000000.0,1.0,1,1,24,4.735985,1.00494,1.0,1,none,3.088135,-1,-3.141593,-0.053458,-0.055476,-42.673654,199375017.6145,199375017.6145,521.780311,528.476004,0.999674,0.999679,9.422433,9.467685,1,1,0,,,,,calibration,7,repair: fresh baseline
skew,actuator_characterization_baseline,0,14,6,666,1,none,1300000000.0,2600000000.0,1.0,1,1,24,4.735985,1.00494,1.0,1,none,3.074826,-1,-3.141593,-0.066766,-0.069287,-53.297367,199375017.6145,199375017.6145,526.189184,526.569601,0.999765,0.999757,8.066956,8.2149,1,1,0,,,,,calibration,7,repair: fresh baseline
skew,actuator_characterization_baseline,0,14,7,667,1,none,1300000000.0,2600000000.0,1.0,1,1,24,4.735985,1.00494,1.0,1,none,3.086041,-1,-3.141593,-0.055552,-0.057649,-44.345495,199375017.6145,199375017.6145,522.760896,528.278703,0.999762,0.999764,8.068715,8.117822,1,1,0,,,,,calibration,7,repair: fresh baseline
skew,actuator_characterization_baseline,0,14,8,668,1,none,1300000000.0,2600000000.0,1.0,1,1,24,4.735985,1.00494,1.0,1,none,3.086695,-1,-3.141593,-0.054898,-0.05697,-43.823142,199375017.6145,199375017.6145,522.462969,527.865753,0.999764,0.99974,8.038574,8.524358,1,1,0,,,,,calibration,7,repair: fresh baseline
skew,actuator_characterization_baseline,0,14,9,669,1,none,1300000000.0,2600000000.0,1.0,1,1,24,4.735985,1.00494,1.0,1,none,3.081632,-1,-3.141593,-0.059961,-0.062225,-47.865003,199375017.6145,199375017.6145,524.810928,527.593666,0.999699,0.999697,9.107581,9.191914,1,1,0,,,,,calibration,7,repair: fresh baseline
skew,actuator_characterization_baseline,0,14,10,670,1,none,1300000000.0,2600000000.0,1.0,1,1,24,4.735985,1.00494,1.0,1,none,3.066794,-1,-3.141593,-0.074798,-0.077622,-59.709202,199375017.6145,199375017.6145,527.883399,525.60367,0.999721,0.999718,8.824642,8.822923,1,1,0,,,,,calibration,7,repair: fresh baseline
skew,actuator_characterization_after,0,15,1,671,1,none,1300000000.0,2600000000.0,1.0,1,1,32,4.735985,1.00494,1.0,1,none,3.123643,-1,-3.141593,-0.01795,-0.018627,-14.328733,199375017.6145,199375017.6145,534.748568,529.351248,0.999757,0.999744,8.335392,8.482876,1,1,0,,,,,actuator_characterization_after,0,firmware
skew,actuator_characterization_after,0,15,2,672,1,none,1300000000.0,2600000000.0,1.0,1,1,32,4.735985,1.00494,1.0,1,none,3.129771,-1,-3.141593,-0.011821,-0.012267,-9.436531,199375017.6145,199375017.6145,532.69347,528.503868,0.99976,0.999748,8.254135,8.394761,1,1,0,,,,,actuator_characterization_after,0,firmware
skew,actuator_characterization_after,0,15,3,673,1,none,1300000000.0,2600000000.0,1.0,1,1,32,4.735985,1.00494,1.0,1,none,3.118099,-1,-3.141593,-0.023494,-0.024381,-18.754328,199375017.6145,199375017.6145,536.271592,529.315289,0.999766,0.99976,8.213067,8.210424,1,1,0,,,,,actuator_characterization_after,0,firmware
skew,actuator_characterization_after,0,15,4,674,1,none,1300000000.0,2600000000.0,1.0,1,1,32,4.735985,1.00494,1.0,1,none,3.114099,-1,-3.141593,-0.027494,-0.028532,-21.947443,199375017.6145,199375017.6145,536.822142,528.679334,0.999769,0.999776,8.157181,7.916301,1,1,0,,,,,actuator_characterization_after,0,firmware
skew,actuator_characterization_after,0,15,5,675,1,none,1300000000.0,2600000000.0,1.0,1,1,32,4.735985,1.00494,1.0,1,none,3.114022,-1,-3.141593,-0.027571,-0.028611,-22.008796,199375017.6145,199375017.6145,536.961168,528.720017,0.999772,0.999777,8.120912,7.908187,1,1,0,,,,,actuator_characterization_after,0,firmware
skew,actuator_characterization_after,0,15,6,676,1,none,1300000000.0,2600000000.0,1.0,1,1,32,4.735985,1.00494,1.0,1,none,3.126197,-1,-3.141593,-0.015395,-0.015977,-12.289676,199375017.6145,199375017.6145,534.186094,529.281803,0.999632,0.999613,10.260838,10.427902,1,1,0,,,,,actuator_characterization_after,0,firmware
skew,actuator_characterization_after,0,15,7,677,1,none,1300000000.0,2600000000.0,1.0,1,1,32,4.735985,1.00494,1.0,1,none,3.121509,-1,-3.141593,-0.020083,-0.020841,-16.031779,199375017.6145,199375017.6145,535.783788,529.517301,0.999764,0.999758,8.234549,8.23937,1,1,0,,,,,actuator_characterization_after,0,firmware
skew,actuator_characterization_after,0,15,8,678,1,none,1300000000.0,2600000000.0,1.0,1,1,32,4.735985,1.00494,1.0,1,none,3.116383,-1,-3.141593,-0.025209,-0.026161,-20.12396,199375017.6145,199375017.6145,536.856309,529.350932,0.999758,0.999763,8.361717,8.14831,1,1,0,,,,,actuator_characterization_after,0,firmware
skew,actuator_characterization_after,0,15,9,679,1,none,1300000000.0,2600000000.0,1.0,1,1,32,4.735985,1.00494,1.0,1,none,3.118501,-1,-3.141593,-0.023091,-0.023963,-18.433151,199375017.6145,199375017.6145,536.526245,529.370395,0.999758,0.999766,8.34189,8.099274,1,1,0,,,,,actuator_characterization_after,0,firmware
skew,actuator_characterization_after,0,15,10,680,1,none,1300000000.0,2600000000.0,1.0,1,1,32,4.735985,1.00494,1.0,1,none,3.121051,-1,-3.141593,-0.020541,-0.021317,-16.397373,199375017.6145,199375017.6145,535.780773,529.687857,0.999773,0.999747,8.077208,8.425334,1,1,0,,,,,actuator_characterization_after,0,firmware
skew,actuator_characterization_baseline,0,16,1,681,1,none,1300000000.0,2600000000.0,1.0,1,1,24,4.735985,1.00494,1.0,1,none,3.086546,-1,-3.141593,-0.055046,-0.057124,-43.941695,199375017.6145,199375017.6145,522.371291,528.27921,0.999746,0.999728,8.326174,8.711193,1,1,0,,,,,calibration,8,repair: fresh baseline
skew,actuator_characterization_baseline,0,16,2,682,1,none,1300000000.0,2600000000.0,1.0,1,1,24,4.735985,1.00494,1.0,1,none,3.063488,-1,-3.141593,-0.078104,-0.081053,-62.348352,199375017.6145,199375017.6145,528.252036,525.536874,0.999758,0.999748,8.229415,8.350832,1,1,0,,,,,calibration,8,repair: fresh baseline
skew,actuator_characterization_baseline,0,16,3,683,1,none,1300000000.0,2600000000.0,1.0,1,1,24,4.735985,1.00494,1.0,1,none,3.088496,-1,-3.141593,-0.053097,-0.055101,-42.385384,199375017.6145,199375017.6145,521.867686,528.548579,0.999743,0.999733,8.364722,8.644631,1,1,0,,,,,calibration,8,repair: fresh baseline
skew,actuator_characterization_baseline,0,16,4,684,1,none,1300000000.0,2600000000.0,1.0,1,1,24,4.735985,1.00494,1.0,1,none,3.088717,-1,-3.141593,-0.052875,-0.054871,-42.208713,199375017.6145,199375017.6145,521.884358,528.52528,0.999716,0.999707,8.79702,9.047718,1,1,0,,,,,calibration,8,repair: fresh baseline
skew,actuator_characterization_baseline,0,16,5,685,1,none,1300000000.0,2600000000.0,1.0,1,1,24,4.735985,1.00494,1.0,1,none,3.086261,-1,-3.141593,-0.055331,-0.05742,-44.169189,199375017.6145,199375017.6145,522.449355,528.295108,0.99975,0.999756,8.257934,8.248827,1,1,0,,,,,calibration,8,repair: fresh baseline
skew,actuator_characterization_baseline,0,16,6,686,1,none,1300000000.0,2600000000.0,1.0,1,1,24,4.735985,1.00494,1.0,1,none,3.043063,-1,-3.141593,-0.09853,-0.102249,-78.653149,199375017.6145,199375017.6145,531.486239,523.042981,0.99973,0.999738,8.743995,8.469316,1,1,0,,,,,calibration,8,repair: fresh baseline
skew,actuator_characterization_baseline,0,16,7,687,1,none,1300000000.0,2600000000.0,1.0,1,1,24,4.735985,1.00494,1.0,1,none,3.074045,-1,-3.141593,-0.067547,-0.070097,-53.921078,199375017.6145,199375017.6145,526.385024,526.701469,0.999749,0.999751,8.334077,8.314145,1,1,0,,,,,calibration,8,repair: fresh baseline
skew,actuator_characterization_baseline,0,16,8,688,1,none,1300000000.0,2600000000.0,1.0,1,1,24,4.735985,1.00494,1.0,1,none,3.088075,-1,-3.141593,-0.053518,-0.055538,-42.72162,199375017.6145,199375017.6145,522.415781,528.588042,0.999766,0.999774,7.99651,7.951624,1,1,0,,,,,calibration,8,repair: fresh baseline
skew,actuator_characterization_baseline,0,16,9,689,1,none,1300000000.0,2600000000.0,1.0,1,1,24,4.735985,1.00494,1.0,1,none,3.061917,-1,-3.141593,-0.079676,-0.082683,-63.602683,199375017.6145,199375017.6145,528.742215,525.445986,0.999751,0.999757,8.350758,8.191925,1,1,0,,,,,calibration,8,repair: fresh baseline
skew,actuator_characterization_baseline,0,16,10,690,1,none,1300000000.0,2600000000.0,1.0,1,1,24,4.735985,1.00494,1.0,1,none,3.084307,-1,-3.141593,-0.057285,-0.059448,-45.72919,199375017.6145,199375017.6145,523.360627,527.62176,0.999596,0.999623,10.510233,10.243507,1,1,0,,,,,calibration,8,repair: fresh baseline
