iteration,gain_ratio,offset_mismatch_lsb,skew_mismatch_ps,cal_sndr_db,cal_image_spur_dbc
0,1.06889,-2.826,-41.317,37.39,-24.7
1,0.96192,-1.595,-42.169,29.66,-25.4
2,0.99978,0.307,-45.678,37.4,-24.8
3,1.01219,-4.535,-46.503,37.24,-23.9
4,0.97433,-0.564,-42.944,37.01,-25.5
5,1.04773,-1.228,-40.718,36.84,-25.4
6,1.01048,-1.114,-45.216,37.07,-24.8
7,1.00237,1.482,-43.188,37.34,-25.1
8,1.00649,-0.246,-39.674,36.53,-26.0
9,1.02948,-0.544,-42.1,37.25,-25.6
10,0.97107,-1.442,-45.96,36.81,-24.6
11,0.98845,1.91,-42.697,37.58,-25.4
12,0.98364,0.844,-46.871,38.15,-24.3
13,0.97753,0.957,-46.389,37.72,-24.7
14,1.01044,-0.336,-43.239,37.06,-24.8
15,1.01139,-0.188,-40.797,37.37,-25.8
16,1.00811,-0.651,-39.858,37.17,-25.9
17,1.04269,0.11,-46.39,37.15,-24.6
18,0.97732,0.28,-46.026,36.93,-23.9
19,0.99043,1.823,-46.806,37.25,-24.3
20,0.97148,-1.733,-33.081,36.83,-27.6
21,0.98016,-1.472,-32.142,36.92,-27.7
22,1.00799,1.75,-33.377,37.17,-27.4
23,1.04291,0.659,-31.789,36.84,-27.7
24,1.02272,-1.17,-37.455,36.89,-26.6
25,1.022,0.272,-32.307,36.53,-27.5
26,0.95894,0.393,-38.359,37.79,-26.1
27,0.98348,1.99,-40.297,37.1,-25.5
28,0.98341,0.436,-38.608,37.34,-26.1
29,1.00211,-0.776,-38.69,37.2,-26.3
30,1.03596,0.175,-36.391,37.04,-26.6
31,1.00024,-0.237,-32.24,37.23,-27.7
32,1.00137,-0.421,-32.181,37.54,-27.9
33,0.99771,0.065,-33.872,37.17,-27.4
34,0.98146,-1.491,-36.752,37.34,-26.6
35,0.99208,-0.303,-34.06,37.29,-27.4
36,1.03212,0.158,-32.363,36.85,-27.9
37,0.93163,1.188,-40.058,36.83,-25.3
38,1.00714,0.797,-36.761,29.07,-25.5
39,1.0261,1.204,-40.892,37.22,-25.9
40,1.04223,-0.158,-25.848,37.46,-29.8
41,0.99972,-0.57,-26.694,36.85,-29.3
42,0.95636,-1.162,-29.169,37.22,-28.6
43,1.04125,-1.18,-28.692,36.79,-28.6
44,0.99822,0.925,-26.831,36.64,-28.7
45,1.00799,-0.944,-31.394,36.52,-28.2
46,0.97597,-1.063,-31.266,37.31,-28.1
47,0.99663,-0.938,-31.088,37.67,-28.2
48,1.01322,-1.228,-31.201,36.82,-28.1
49,1.028,0.686,-27.13,36.44,-28.8
50,0.99881,1.238,-34.541,37.07,-25.7
51,0.98544,-0.63,-30.505,36.93,-28.0
52,0.98714,1.461,-34.903,37.54,-26.1
53,1.00979,2.218,-34.129,37.3,-26.5
54,1.00036,-0.46,-31.288,37.16,-28.1
55,1.00821,-0.864,-30.289,37.17,-27.7
56,0.92399,2.07,-33.336,36.98,-26.2
57,1.0118,-1.187,-26.306,37.35,-28.7
58,0.9601,-0.89,-28.103,36.9,-28.1
59,1.02897,0.022,-26.654,36.83,-27.2
60,1.04109,-0.754,-21.696,37.47,-30.6
61,1.01607,-1.391,-25.71,37.55,-29.5
62,0.95153,1.001,-21.179,37.27,-31.3
63,1.0518,0.842,-21.257,37.38,-30.6
64,1.00572,-0.117,-21.017,36.58,-31.3
65,0.9908,0.084,-23.696,37.38,-30.5
66,1.0078,0.135,-22.013,37.08,-31.1
67,1.01625,-0.232,-25.117,36.98,-30.0
68,1.0207,-0.494,-25.398,37.0,-29.8
69,1.00371,0.387,-21.399,36.54,-29.7
70,1.00342,-0.722,-23.404,37.53,-29.6
71,1.00558,1.545,-24.18,37.5,-29.1
72,0.99792,-0.12,-22.745,36.64,-28.9
73,0.99212,-0.236,-24.324,36.85,-28.7
74,0.99831,-0.795,-24.287,36.91,-29.1
75,0.97784,0.034,-22.775,37.59,-29.7
76,0.95134,-0.897,-24.678,37.41,-29.9
77,1.06854,-0.419,-20.638,37.2,-32.2
78,0.96639,1.091,-24.18,36.84,-27.9
79,0.93542,-0.284,-24.672,29.87,-29.5
80,0.96155,0.996,-22.656,29.7,-30.8
81,1.07946,-1.944,-18.843,36.66,-28.4
82,0.98455,-0.274,-17.195,37.3,-33.2
83,1.00281,-0.33,-18.788,37.69,-32.1
84,1.03768,1.691,-25.269,37.68,-29.7
85,0.98851,1.623,-20.72,37.36,-30.4
86,0.99716,-0.484,-18.957,37.31,-32.4
87,0.98737,0.815,-16.337,36.84,-33.6
88,0.98609,0.416,-24.74,37.45,-29.7
89,0.9833,-1.102,-19.156,37.41,-31.7
90,1.06153,-0.947,-18.957,37.11,-32.1
91,1.02945,-0.965,-18.577,36.25,-32.6
92,0.97194,-0.171,-19.608,36.86,-30.4
93,1.01647,-0.311,-16.126,37.13,-33.1
94,0.9757,0.174,-19.611,37.59,-31.4
95,1.0028,1.133,-26.709,37.13,-28.4
96,1.01734,-0.646,-19.281,37.27,-32.0
97,0.98567,1.722,-20.034,37.74,-29.8
98,1.02048,-0.598,-19.001,37.56,-32.3
99,1.01764,-1.848,-17.961,37.53,-31.9
100,0.97179,-0.09,-19.357,37.12,-27.6
101,0.95897,-0.236,-16.955,37.21,-30.2
102,1.03343,-0.025,-12.836,37.31,-36.2
103,0.97074,-0.196,-13.378,37.57,-33.8
104,1.02091,0.114,-16.221,30.13,-32.9
105,0.97674,0.787,-18.506,36.81,-30.8
106,0.97116,-0.304,-14.853,37.41,-34.6
107,1.00387,0.092,-18.567,37.96,-32.7
108,0.98893,0.568,-21.689,37.23,-31.3
109,1.01057,0.147,-15.007,37.87,-32.4
110,1.05908,-1.509,-13.491,29.42,-34.0
111,1.00251,0.216,-12.855,37.94,-33.8
112,1.00921,-1.139,-12.918,37.19,-34.1
113,1.00025,-0.547,-15.145,37.34,-32.4
114,0.96042,0.75,-14.99,37.03,-33.1
115,1.00022,1.164,-20.201,37.1,-31.0
116,1.03822,-0.29,-15.248,37.26,-34.0
117,1.03573,-0.797,-15.146,37.44,-32.6
118,0.96584,-0.69,-14.073,37.26,-30.3
119,0.96018,2.221,-21.347,36.68,-28.7
120,1.00481,0.232,-15.199,37.22,-33.2
121,0.98094,0.099,-11.323,36.99,-35.4
122,1.01181,0.307,-15.933,37.49,-33.5
123,1.02625,-2.306,-11.522,37.08,-37.4
124,1.0457,-1.494,-11.521,37.04,-34.6
125,0.96412,-0.706,-10.503,37.38,-29.8
126,0.97443,0.032,-10.736,37.11,-34.6
127,1.04614,0.846,-10.942,37.01,-37.3
128,0.98611,-0.394,-11.449,38.22,-32.2
129,1.01342,0.589,-17.067,37.89,-29.2
130,0.994,0.363,-9.911,29.92,-31.8
131,0.97915,0.167,-11.619,37.45,-31.0
132,1.00363,-0.499,-9.839,37.18,-34.6
133,0.97993,0.965,-12.033,37.01,-32.6
134,1.05157,-1.08,-12.149,37.17,-35.8
135,0.964,-0.038,-11.306,37.83,-30.3
136,0.98703,0.326,-10.244,37.42,-34.9
137,1.02615,-1.009,-11.048,37.01,-37.2
138,0.97019,1.005,-10.84,37.25,-34.0
139,1.01967,0.648,-11.558,37.98,-35.9
140,1.0178,-0.599,-8.004,37.66,-33.8
141,0.96876,1.42,-8.113,37.11,-32.4
142,0.98865,-0.226,-13.668,37.26,-32.2
143,0.99583,-0.558,-8.973,37.33,-37.8
144,1.00686,-0.802,-8.515,36.82,-39.0
145,1.01561,-0.781,-7.715,36.86,-37.9
146,0.99611,-0.064,-9.501,37.44,-35.4
147,1.00093,3.588,-13.497,37.63,-31.8
148,0.99767,0.738,-11.526,38.19,-33.0
149,0.97634,-1.629,-9.127,37.34,-35.5
150,0.98666,-1.793,-8.61,37.37,-38.6
151,0.98078,0.946,-8.046,37.5,-39.4
152,0.99676,0.116,-10.493,37.4,-36.4
153,1.03329,0.745,-8.742,37.52,-36.2
154,0.9983,0.171,-8.194,37.08,-39.2
155,0.99294,-0.478,-11.196,37.9,-36.8
156,0.98506,0.034,-12.673,38.22,-35.5
157,1.03675,-0.563,-8.574,37.44,-38.7
158,1.04035,-0.464,-10.649,37.25,-35.3
159,0.9595,1.569,-8.167,37.27,-32.3
160,1.02603,1.055,-9.128,37.61,-37.1
161,1.06693,-1.176,-8.923,37.12,-35.1
162,0.97228,1.042,-12.939,37.58,-26.6
163,0.98056,-0.415,-8.133,36.98,-30.4
164,0.96358,1.266,-14.088,37.22,-29.9
165,1.01635,-0.903,-8.624,36.81,-37.2
166,0.98918,-0.832,-7.927,37.79,-35.3
167,1.00393,0.049,-9.193,37.09,-35.0
168,0.99107,-0.438,-8.375,36.98,-37.0
169,1.00406,-0.667,-8.199,37.67,-36.8
170,1.01527,1.099,-9.247,37.18,-35.0
171,0.97224,0.253,-9.45,36.94,-34.8
172,1.00798,-0.987,-13.332,37.33,-34.3
173,1.0059,-0.27,-9.517,37.54,-35.6
174,0.98973,-0.757,-9.305,29.4,-36.8
175,1.00289,1.08,-9.063,37.54,-37.0
176,1.05197,-0.361,-7.645,37.17,-39.2
177,1.02268,0.915,-13.653,37.02,-29.0
178,1.01015,-0.434,-7.775,37.03,-29.6
179,0.96627,-0.878,-10.445,37.12,-27.7
180,0.98853,0.047,-7.769,30.02,-32.1
181,0.99726,-0.124,-7.516,37.14,-33.3
182,1.00184,1.445,-14.444,36.53,-29.9
183,0.97631,1.65,-12.505,37.18,-30.4
184,1.01105,-1.434,-7.789,37.46,-36.3
185,0.96622,-2.312,-7.445,37.02,-34.9
186,1.03538,1.493,-9.046,37.14,-39.0
187,0.97044,0.216,-8.116,37.24,-35.7
188,0.99144,-1.135,-7.433,37.14,-39.6
189,1.00016,0.337,-13.216,38.27,-34.6
190,1.00692,-0.169,-7.944,37.1,-39.4
191,0.98961,0.369,-8.345,37.89,-37.7
192,0.99355,2.48,-7.944,36.74,-40.3
193,1.00722,-0.884,-10.383,37.16,-37.6
194,1.04138,-0.351,-12.313,37.48,-35.8
195,0.9833,-0.304,-13.897,37.34,-31.2
196,1.01264,-1.064,-7.804,37.13,-37.7
197,0.94527,-0.532,-7.198,37.15,-35.8
198,1.0374,0.173,-8.311,37.14,-37.7
199,1.0149,0.578,-11.164,38.21,-34.9
200,0.97948,0.693,-11.137,36.97,-33.1
201,0.97285,1.451,-7.562,36.92,-38.7
202,1.03999,-1.429,-7.955,37.24,-38.6
203,1.0654,0.049,-8.013,37.93,-37.2
204,0.98564,-1.359,-8.218,37.53,-29.6
205,0.97226,0.66,-7.587,29.99,-31.7
206,1.02765,1.059,-14.173,37.61,-30.7
207,0.98624,0.413,-7.478,37.36,-31.0
208,0.98538,0.04,-13.984,37.06,-29.5
209,0.98213,-2.209,-9.269,37.42,-32.9
210,1.00034,2.396,-13.906,37.45,-32.7
211,0.95843,0.34,-8.78,37.06,-37.2
212,1.01879,0.795,-12.309,36.88,-36.2
213,0.98344,-0.313,-12.896,37.45,-35.5
214,1.02251,-0.58,-9.039,37.74,-37.3
215,0.99261,-0.071,-8.669,37.1,-38.7
216,1.01348,0.374,-9.158,37.85,-38.6
217,1.00949,0.434,-7.765,36.94,-38.7
218,1.02457,0.024,-7.344,37.49,-37.9
219,0.94449,-1.044,-7.78,37.3,-34.7
220,0.97559,0.087,-7.823,37.24,-40.5
221,1.02682,-1.015,-8.436,37.18,-35.7
222,1.00019,1.14,-7.629,36.99,-40.9
223,1.02652,-1.599,-8.249,37.37,-39.9
224,0.9896,0.382,-8.042,37.22,-38.2
225,0.9677,-0.175,-8.704,37.27,-39.3
226,1.03406,0.519,-12.873,38.39,-36.0
227,0.99306,-0.686,-8.464,36.95,-38.4
228,0.99148,0.574,-7.938,37.51,-39.8
229,1.01366,-0.238,-7.255,37.46,-40.9
230,1.01264,-0.605,-8.754,37.74,-39.0
231,0.96216,0.795,-11.444,38.17,-35.2
232,1.03544,2.214,-7.97,37.23,-38.8
233,1.04209,0.931,-7.442,29.27,-39.2
234,1.03952,0.761,-8.232,37.15,-33.1
235,0.98243,-1.283,-9.497,37.85,-28.3
236,1.00446,-0.558,-9.171,37.34,-31.0
237,0.96126,-0.303,-8.835,37.35,-30.1
238,1.0262,-1.451,-9.243,37.51,-34.9
239,0.9856,-0.89,-7.438,37.7,-31.7
240,1.06766,-1.394,-7.944,36.41,-33.2
241,0.99061,-0.338,-7.501,36.87,-27.1
242,0.96681,1.379,-7.659,37.68,-28.4
