iteration,cycles,rotation,events_used,align_n0,offset_a_codes,offset_b_codes,gain_a_codes,gain_b_codes,gain_ratio,skew_a_ps,skew_b_ps,skew_mismatch_ps,skew_phase_ps,skew_diff_route_ps,skew_centroid_ps,skew_source,raw_a_sndr_db,raw_a_sfdr_db,raw_a_enob,raw_b_sndr_db,raw_b_sfdr_db,raw_b_enob,cal_a_sndr_db,cal_a_sfdr_db,cal_a_enob,cal_b_sndr_db,cal_b_sfdr_db,cal_b_enob,raw_difference_dbc,cal_difference_dbc,cal_dc_difference_codes,raw_sndr_db,raw_sfdr_db,raw_enob,cal_sndr_db,cal_sfdr_db,cal_enob,raw_offset_spur_dbc,raw_image_spur_dbc,cal_offset_spur_dbc,cal_image_spur_dbc,swapped,align_margin,frame_sha1,rejected,offset_error_a,offset_error_b,gain_error,skew_error_ps,skew_batch_n,offset_a_state,offset_b_state,gain_corr_a,gain_corr_b,skew_cmd_ps,skew_batch_used,skew_batch_mean_ps,skew_batch_se_ps,skew_batch_error_ps,skew_action,skew_step_codes,skew_code
0,0,0,8,2447,-6.219132055786755,-8.016488856181923,16.7608523596924,17.021648566182645,1.0155598415219875,0.0,-42.11232215106329,-42.11232215106329,-42.11232215106329,-43.52941360229691,-278.96377198838326,phase,37.00829386247278,40.81442161628508,5.85519831602538,37.40047264029165,41.600247687894026,5.920344292407252,37.00829386247278,40.81442161628508,5.85519831602538,37.40047264029165,41.600247687894026,5.920344292407252,-25.251529422595077,-25.251529422595077,2.2872549019607833,37.00829386247278,40.81442161628508,5.85519831602538,37.00829386247278,40.81442161628508,5.85519831602538,nan,-25.251529422595077,nan,-25.251529422595077,False,6.712689876281157,9d7ff0b2dc6235fb,,-6.219132055786755,-8.016488856181923,0.015559841521987527,-42.11232215106329,1,-2.176696219525364,-2.805771099663673,1.0027229722663478,0.9973187475961367,0.0,,,,,,,
1,1020,0,7,360,3.759464397431703,-0.8536022722921068,16.731106138925085,17.285890989045875,1.033158886538295,0.0,-44.01708300172082,-44.01708300172082,-44.01708300172082,-47.89722762614496,609.1038101318456,phase,37.111865845609465,42.268229518053474,5.872402964386955,37.193401024734015,42.634319787300925,5.885947014075419,37.11186584560946,42.26822951805347,5.8724029643869535,37.193401024734,42.63431978730091,5.885947014075416,-24.1122920654496,-24.461631856877545,5.034789408787353,37.111865845609465,42.268229518053474,5.872402964386955,37.11186584560946,42.26822951805347,5.8724029643869535,nan,-24.1122920654496,nan,-24.461631856877545,False,6.725214471568865,3dd0c04490aae433,,3.759464397431703,-0.8536022722921068,0.03315888653829502,-44.01708300172082,2,-0.8644568717750023,-3.105335101666391,1.008541578288024,0.9917172409601629,0.0,,,,,,,
2,2040,0,7,4000,-7.3117128379376926,-8.612847313527357,17.093216570078173,16.510876932457222,0.9659315357508346,0.0,-48.29702784847876,-48.29702784847876,-48.29702784847876,-49.556196326454646,87.40137720722284,phase,36.81167729711032,41.42292599634133,5.822537756995071,37.2116852799791,41.9802036593412,5.8889842657772595,36.81167729711032,41.42292599634135,5.822537756995071,37.21168527997909,41.980203659341186,5.888984265777259,-23.316614680322502,-24.098670605094433,1.1039298358828749,36.81167729711032,41.42292599634133,5.822537756995071,36.81167729711032,41.42292599634135,5.822537756995071,nan,-23.316614680322502,nan,-24.098670605094433,False,6.8691189866810625,58aced10eabe5605,,-7.3117128379376926,-8.612847313527357,-0.03406846424916543,-48.29702784847876,3,-3.401882743321324,-6.145008544084305,1.002528672314876,0.9978383782982942,0.0,,,,,,,
3,3060,0,8,8208,1.0979529648723485,0.5669641877626848,16.996709633268274,17.363146779130588,1.0215592990507452,0.0,-44.664032507532724,-44.664032507532724,-44.664032507532724,-44.91189802928663,222.24758749557805,phase,37.06555124234252,40.535264889689756,5.864709508694772,36.86112774014461,40.42741560187065,5.830752116303092,37.06555124234252,40.53526488968974,5.864709508694772,36.861127740144624,40.42741560187067,5.830752116303095,-24.889351861175463,-24.99612620156141,0.9568579159189168,37.06555124234252,40.535264889689756,5.864709508694772,37.06555124234252,40.53526488968974,5.864709508694772,nan,-24.889351861175463,nan,-24.99612620156141,False,5.950912736390942,a0b18d15c86aad39,align_margin=6.0,,,,,,,,,,,,,,,,,
3,3060,0,7,463,-6.536634887466033,-7.427344185263983,16.681206686646842,16.70017990899161,1.0011374010706287,0.0,-41.93748218584339,-41.93748218584339,-41.93748218584339,-45.900520523481696,-194.66778963482113,phase,37.009241470671796,40.741077595060716,5.855355726025216,37.42751952559546,40.95115822028174,5.924837130497585,37.00924147067179,40.7410775950607,5.8553557260252145,37.42751952559546,40.95115822028174,5.924837130497585,-24.55458255560614,-24.87548601232742,0.4113683644259596,37.009241470671796,40.741077595060716,5.855355726025216,37.00924147067179,40.7410775950607,5.8553557260252145,nan,-24.55458255560614,nan,-24.87548601232742,False,5.8855276339957685,c382b74fe0c14e80,align_margin=5.9,,,,,,,,,,,,,,,,,
3,3060,0,8,4008,-3.272880104215046,-3.81649743981634,16.61137386471155,16.757464044301983,1.0087945874182498,0.0,-45.73421598848719,-45.73421598848719,-45.73421598848719,-45.96334141100359,17.620959067726336,phase,36.8562068474373,42.621384575332435,5.829934692265333,37.184803502797536,42.44141102122371,5.8845188542853055,36.8562068474373,42.62138457533243,5.829934692265333,37.184803502797536,42.4414110212237,5.8845188542853055,-24.790508651475584,-24.888827644941124,0.7507519575966017,36.8562068474373,42.621384575332435,5.829934692265333,36.8562068474373,42.62138457533243,5.829934692265333,nan,-24.790508651475584,nan,-24.888827644941124,False,7.002307474854996,45fdd7e6bc286a54,,-3.272880104215046,-3.81649743981634,0.008794587418249789,-45.73421598848719,4,-4.544501471452307,-7.483676341382038,1.0040716168732717,0.9963160406812821,0.0,,,,,,,
4,4080,0,8,7143,3.464255661999266,3.0642196017385848,16.658235916592986,17.62233497508204,1.0578752193999565,0.0,-39.65510523476268,-39.65510523476268,-39.65510523476268,-40.66494125843738,179.0976245215125,phase,37.3991252194521,41.740536910154276,5.920120468347526,37.31464442053105,41.14819284542542,5.906087113045026,37.3991252194521,41.74053691015429,5.920120468347526,37.31464442053105,41.14819284542542,5.906087113045026,-25.42711686505058,-25.817163638971014,0.505397280822047,37.3991252194521,41.740536910154276,5.920120468347526,37.3991252194521,41.74053691015429,5.920120468347526,nan,-25.42711686505058,nan,-25.817163638971014,False,6.422969736265841,57c76ccc5cea73eb,,3.464255661999266,3.0642196017385848,0.057875219399956546,-39.65510523476268,5,-3.336928763167319,-6.407233910649774,1.0142410182692383,0.9867772487065579,0.0,,,,,,,
5,5100,0,7,5548,-6.8694916618096755,-5.920490243298523,18.773392271058295,17.16562344956674,0.9143591739693127,0.0,-42.23502021250071,-42.23502021250071,-42.23502021250071,-43.433823946369316,-348.3000582124942,phase,37.20609761455836,41.81085662375302,5.888056082152552,37.09480782155441,41.548453204614745,5.869569405573824,37.206097614558345,41.810856623753,5.888056082152549,37.09480782155443,41.54845320461475,5.869569405573827,-25.15165329003951,-25.21628480916243,0.1507289384991921,37.20609761455836,41.81085662375302,5.888056082152552,37.206097614558345,41.810856623753,5.888056082152549,nan,-25.15165329003951,nan,-25.21628480916243,False,6.5236701346473,63e01b081f1597d6,,-6.8694916618096755,-5.920490243298523,-0.08564082603068734,-42.23502021250071,6,-5.70749161590647,-8.507172460986876,0.9990404415144513,1.0029513886849601,0.0,,,,,,,
6,6120,0,7,3716,2.9043302210809716,1.6926241399528168,16.033888840417337,17.50931686886692,1.0920193499614645,0.0,-47.77953426401488,-47.77953426401488,-47.77953426401488,-55.73079044276328,320.2325024987487,phase,36.45562001947047,41.09375597108034,5.763392029812372,37.02295056616858,41.27252284847741,5.857632984413386,36.45562001947047,41.09375597108031,5.763392029812372,37.02295056616859,41.27252284847742,5.857632984413388,-23.33684457573692,-23.090990902148725,1.198712155149745,36.45562001947047,41.09375597108034,5.763392029812372,36.45562001947047,41.09375597108031,5.763392029812372,nan,-23.33684457573692,nan,-23.090990902148725,False,5.737032422507268,df88492b0065e4c5,align_margin=5.7,,,,,,,,,,,,,,,,,
6,6120,0,7,4736,-6.27578259794158,-7.368755079933206,16.86423169876932,16.70531838570766,0.9905769016993963,0.0,-39.587089963424575,-39.587089963424575,-39.587089963424575,-45.56911677259511,-315.6355489086115,phase,37.062123682945774,42.23085128725724,5.864140146668734,37.16453739668695,41.60388967436912,5.881152391476239,37.06212368294578,42.23085128725724,5.864140146668735,37.164537396686946,41.603889674369086,5.881152391476237,-25.238317157593233,-24.946419097510642,1.1475493712737794,37.062123682945774,42.23085128725724,5.864140146668734,37.06212368294578,42.23085128725724,5.864140146668735,nan,-25.238317157593233,nan,-24.946419097510642,False,6.338575889919716,98a8934fd4016761,,-6.27578259794158,-7.368755079933206,-0.009423098300603727,-39.587089963424575,7,-7.906125242739263,-11.078647317169303,0.9973929816642841,1.004621031056255,0.0,,,,,,,
7,7140,0,8,532,0.19560865883252157,-0.5494292378743985,16.569652316428606,17.380956679303022,1.048963270162888,0.0,-47.36088967991041,-47.36088967991041,-47.36088967991041,-56.6005966430198,92.64456364247118,phase,36.912067110641914,41.65290618570638,5.839213805754471,37.43157902600317,42.13689862575917,5.925511466113484,36.9120671106419,41.652906185706364,5.839213805754469,37.43157902600317,42.13689862575916,5.925511466113484,-23.395966960883104,-22.911560638644527,0.6616933818680522,36.912067110641914,41.65290618570638,5.839213805754471,36.9120671106419,41.652906185706364,5.839213805754469,nan,-23.395966960883104,nan,-22.911560638644527,False,6.760241745678696,f9ee33d867d482bb,,0.19560865883252157,-0.5494292378743985,0.04896327016288793,-47.36088967991041,8,-7.837483261243521,-11.270063012552322,1.0059392155177485,0.9964146732533022,0.0,,,,,,,
8,8160,0,7,92,-4.8218603381997704,-3.8803884505489954,17.989940668557455,18.65250881830882,1.036829924120283,0.0,-39.96963101880048,-39.96963101880048,-39.96963101880048,-40.55566757784724,68.17707283616689,phase,37.09163034957583,41.540104548420054,5.8690415863082785,37.4649009413353,42.91533860517744,5.931046667995898,37.09163034957583,41.54010454842006,5.8690415863082785,37.46490094133528,42.915338605177396,5.931046667995894,-25.31547296751715,-25.726683299834114,-0.7756225330570317,37.09163034957583,41.540104548420054,5.8690415863082785,37.09163034957583,41.54010454842006,5.8690415863082785,nan,-25.31547296751715,nan,-25.726683299834114,False,6.225796699974767,d1b83f60f54f33f3,,-4.8218603381997704,-3.8803884505489954,0.036829924120282964,-39.96963101880048,9,-9.515170235104362,-12.633085852488854,1.012422731888747,0.9902206695000891,0.0,,,,,,,
9,9180,0,7,2159,8.50823800712175,6.065923854167375,18.152821914937885,18.479966884883808,1.0180217142810573,0.0,-47.245628867796455,-47.245628867796455,-47.245628867796455,-47.72654026193229,323.77118388078196,phase,37.04894223863715,40.80429992926038,5.861950537979594,37.71648419176488,41.4904847488149,5.972837905608785,37.04894223863715,40.804299929260395,5.861950537979594,37.71648419176489,41.49048474881492,5.972837905608786,-23.583499880323867,-24.57069115031619,2.149422286793511,37.04894223863715,40.80429992926038,5.861950537979594,37.04894223863715,40.804299929260395,5.861950537979594,nan,-23.583499880323867,nan,-24.57069115031619,False,7.5338268198118765,5a21ac8d47b3354e,,8.50823800712175,6.065923854167375,0.018021714281057255,-47.245628867796455,10,-6.573826457750451,-10.48904522159553,1.0156157106997528,0.9871529962836414,0.0,,,,,,,
10,10200,0,7,4219,-6.825316407610824,-5.0139819257535425,17.633934143268558,18.007910295908033,1.0212077548663316,0.0,-47.33766942019364,-47.33766942019364,-47.33766942019364,-47.3519385261206,96.9436900788072,phase,37.30926820823852,41.822940793681724,5.905194054524672,37.020718007018914,40.54191615562423,5.85726212741178,37.30926820823852,41.822940793681724,5.905194054524672,37.02071800701891,40.54191615562422,5.857262127411779,-23.48524718105552,-24.51746993304166,-1.183931375040392,37.30926820823852,41.822940793681724,5.905194054524672,37.30926820823852,41.822940793681724,5.905194054524672,nan,-23.48524718105552,nan,-24.51746993304166,False,6.276426387533169,87bca34c089b0d64,,-6.825316407610824,-5.0139819257535425,0.02120775486633164,-47.33766942019364,11,-8.92595701017946,-12.266777427869968,1.0193850232801631,0.983565403782828,0.0,,,,,,,
11,11220,0,7,4091,8.111173438722656,10.111302481146065,17.459331386506122,17.26756261630593,0.9890162592166385,0.0,-46.4632554587687,-46.4632554587687,-46.4632554587687,-50.83041887043719,208.75792462536543,phase,37.17570613501282,41.09075811000322,5.883007663623392,37.44735981019045,41.66277508001734,5.928132858835624,37.17570613501282,41.09075811000323,5.883007663623392,37.44735981019046,41.66277508001735,5.9281328588356255,-24.49742891323648,-23.802360413351423,-1.331213899572159,37.17570613501282,41.09075811000322,5.883007663623392,37.17570613501282,41.09075811000323,5.883007663623392,nan,-24.49742891323648,nan,-23.802360413351423,False,6.916868233016089,2711892950658673,,8.111173438722656,10.111302481146065,-0.010983740783361506,-46.4632554587687,12,-6.141032140067162,-8.66868841946222,1.017425607630687,0.985476964673908,0.0,,,,,,,
12,12240,0,7,2567,2.830324688748782,1.762643155508587,17.806845148995542,17.922773849441377,1.0065103447284358,0.0,-46.90580894198877,-46.90580894198877,-46.90580894198877,-46.902650992558385,118.09999718958892,phase,37.11217659500755,41.26890022528299,5.872454583888298,37.45436225784357,40.89987768534846,5.9292960561201955,37.112176595007554,41.268900225283005,5.872454583888299,37.45436225784356,40.89987768534844,5.929296056120194,-23.644525811918967,-24.66414043217961,0.8704822452424386,37.11217659500755,41.26890022528299,5.872454583888298,37.112176595007554,41.268900225283005,5.872454583888299,nan,-23.644525811918967,nan,-24.66414043217961,False,7.224545637842067,61ea0a488158bcf2,,2.830324688748782,1.762643155508587,0.006510344728435813,-46.90580894198877,13,-5.167384893887711,-8.042671651396875,1.0185847711328992,0.9843614628917123,0.0,,,,,,,
13,13260,0,7,3332,2.6815380297751608,2.4674741995153573,17.949779886773356,18.569267789929583,1.034512284109551,0.0,-46.06643786308899,-46.06643786308899,-46.06643786308899,-46.133111486319635,-19.611393781491582,phase,37.32158532530857,42.078621136422576,5.90724008726056,37.60922206433096,43.729176278569156,5.9550202764669375,37.32158532530857,42.078621136422576,5.90724008726056,37.609222064330964,43.72917627856915,5.955020276466938,-23.69431361710945,-24.75342774625926,0.7167736355011041,37.32158532530857,42.078621136422576,5.90724008726056,37.32158532530857,42.078621136422576,5.90724008726056,nan,-23.69431361710945,nan,-24.75342774625926,False,6.208153983400835,51afef8c0efbb334,,2.6815380297751608,2.4674741995153573,0.034512284109551095,-46.06643786308899,14,-4.245970852543428,-7.165335426456322,1.0247366663598243,0.9786146017628139,0.0,,,,,,,
14,14280,0,7,7247,0.6929189364198529,0.941392804222797,16.474006099064944,17.207905618698735,1.0445489406292892,0.0,-39.72842732867083,-39.72842732867083,-39.72842732867083,-43.30536297707229,359.44845816987146,phase,37.25120969322994,41.45440582930198,5.895549782928562,37.34450455785435,41.34946876823023,5.911047268746571,37.25120969322992,41.454405829301955,5.895549782928558,37.34450455785436,41.34946876823023,5.911047268746572,-25.072128359375583,-25.245044841115735,0.014998436472531351,37.25120969322994,41.45440582930198,5.895549782928562,37.25120969322992,41.454405829301955,5.895549782928558,nan,-25.072128359375583,nan,-25.245044841115735,False,6.5106113419790015,5233dd07cf6f94f6,,0.6929189364198529,0.941392804222797,0.04454894062928916,-39.72842732867083,15,-4.00930358405536,-6.828647744825104,1.0327255796191301,0.9713106427360986,0.0,,,,,,,
15,15300,0,8,1283,0.49090912419056604,0.3044228189652016,18.453609763569133,17.31920512529146,0.9385266810769349,0.0,-45.315695047324276,-45.315695047324276,-45.315695047324276,-60.226955386320356,-19.810087880373683,phase,37.44625965652152,40.442949206513774,5.927950109056732,37.761805640026715,40.708201729526465,5.980366385386498,37.44625965652153,40.4429492065138,5.9279501090567335,37.76180564002672,40.708201729526465,5.9803663853865,-24.684640929730858,-22.48056801295665,0.42889598726880046,37.44625965652152,40.442949206513774,5.927950109056732,37.44625965652153,40.4429492065138,5.9279501090567335,nan,-24.684640929730858,nan,-22.48056801295665,False,7.526630033614616,02fbaf5a14ee21b5,,0.49090912419056604,0.3044228189652016,-0.06147331892306507,-45.315695047324276,16,-3.8429300605777437,-6.718952677202161,1.0216156925588418,0.9824442586158405,0.0,,,,,,,
16,16320,0,8,2716,6.287937141442559,5.3196858276731325,17.190434243568646,17.057640537473247,0.9922751395215581,0.0,-46.015263577195725,-46.015263577195725,-46.015263577195725,-51.3238228582345,-39.69707909470198,phase,36.92666842311935,41.40114534394982,5.841639272943414,37.20742177478839,42.10668768595759,5.888276042323654,36.926668423119374,41.40114534394986,5.841639272943418,37.20742177478839,42.10668768595758,5.888276042323654,-24.66727480879571,-23.85460798606886,0.6524837179542224,36.92666842311935,41.40114534394982,5.841639272943414,36.926668423119374,41.40114534394986,5.841639272943418,nan,-24.66727480879571,nan,-23.85460798606886,False,6.437533015074154,a86789d8c756e7db,,6.287937141442559,5.3196858276731325,-0.007724860478441897,-46.015263577195725,17,-1.6887168710831646,-4.823791681189215,1.0202346207885111,0.9837827158557647,0.0,,,,,,,
17,17340,0,7,6037,-5.30655873780025,-6.260195547663862,18.170170702967017,17.159396406522472,0.9443717776256502,0.0,-47.999911893428475,-47.999911893428475,-47.999911893428475,-48.168986820788284,-22.791867947358213,phase,29.462016749657884,31.321668313936975,4.601663911903303,29.773890566543294,31.509558554405995,4.653470193777956,29.462016749657884,31.32166831393697,4.601663911903303,29.773890566543297,31.509558554406002,4.653470193777957,-23.474920035299498,-24.501216498910523,0.10545965854315753,29.462016749657884,31.321668313936975,4.601663911903303,29.462016749657884,31.32166831393697,4.601663911903303,nan,-23.474920035299498,nan,-24.501216498910523,False,6.3806498266949045,2a478b315c141642,,-5.30655873780025,-6.260195547663862,-0.055628222374349834,-47.999911893428475,18,-3.5091761266165977,-7.050979053327994,1.0103026990756452,0.9939239175221999,0.0,,,,,,,
18,18360,0,8,3391,7.579322525923699,8.542141626222769,19.948138111379834,19.019325646674954,0.9534386387582198,0.0,-42.33092495091279,-42.33092495091279,-42.33092495091279,-42.3457148758269,-87.81542112701803,phase,37.96616952133303,42.50208682313293,6.014313873975587,37.89943906993607,42.127669048523366,6.00322908138473,37.96616952133303,42.502086823132935,6.014313873975587,37.899439069936065,42.12766904852337,6.003229081384729,-25.249787598545744,-25.581283050175834,-0.3960220145107307,37.96616952133303,42.50208682313293,6.014313873975587,37.96616952133303,42.502086823132935,6.014313873975587,nan,-25.249787598545744,nan,-25.581283050175834,False,6.869496396916879,def961fe311a626c,,7.579322525923699,8.542141626222769,-0.04656136124178023,-42.33092495091279,19,-0.8834651525685397,-4.042952466513123,1.0020705120119842,1.0024181493695712,0.0,,,,,,,
19,19380,0,8,5338,-6.774970186771388,-5.908052424878346,16.69609942753714,17.49959186680603,1.0481245600360811,0.0,-43.978592115334955,-43.978592115334955,-43.978592115334955,-45.12283355685836,194.57335854180968,phase,29.68264348863114,31.61010880910667,4.6383128718656375,29.382209024041423,30.73505671515082,4.588406814624821,29.68264348863114,31.61010880910667,4.6383128718656375,29.38220902404143,30.735056715150822,4.588406814624823,-24.87987091922988,-24.867846864103868,-0.7280887418057436,29.68264348863114,31.61010880910667,4.6383128718656375,29.68264348863114,31.61010880910667,4.6383128718656375,nan,-24.87987091922988,nan,-24.867846864103868,False,5.845870511363007,60696fb059615dd6,align_margin=5.8,,,,,,,,,,,,,,,,,
19,19380,0,8,4280,-1.6362450384814848,-1.6438607096750926,17.20812592736357,17.92053512296678,1.0413995805592269,0.0,-43.38111323989248,-43.38111323989248,-43.38111323989248,-44.772049287774934,30.27416107522176,phase,37.3635542052514,41.30436072111462,5.914211662001894,37.193252514882964,41.73001296777831,5.885922344664945,37.36355420525138,41.304360721114605,5.914211662001891,37.19325251488297,41.73001296777833,5.885922344664946,-25.047374602606737,-25.034460352635808,0.17196460785194811,37.3635542052514,41.30436072111462,5.914211662001894,37.36355420525138,41.304360721114605,5.914211662001891,nan,-25.047374602606737,nan,-25.034460352635808,False,6.785983847702627,f8636624093e56aa,,-1.6362450384814848,-1.6438607096750926,0.04139958055922688,-43.38111323989248,20,-1.45496761332718,-4.616915785860568,1.0093304393173956,0.9954444132089997,0.0,18,-44.13571748598096,0.7222935386279209,-44.13571748598096,move+1:OK,1,25
20,20400,0,7,3044,1.0818115254242693,1.2723949724945642,18.461849605918232,18.95833095037545,1.0268922862581473,0.0,-39.38465916349388,-39.38465916349388,-39.38465916349388,-40.885670253815555,171.13553881526647,phase,38.001823112839695,43.285536570222625,6.0202363974816775,37.371990444892035,42.89739286816649,5.915613030712963,38.0018231128397,43.28553657022262,6.020236397481678,37.37199044489203,42.897392868166484,5.915613030712962,-24.84291182653278,-25.74680711089683,0.04205570969692657,38.001823112839695,43.285536570222625,6.0202363974816775,38.0018231128397,43.28553657022262,6.020236397481678,nan,-24.84291182653278,nan,-25.74680711089683,False,5.14487935453646,cc351905309b5a99,align_margin=5.1,,,,,,,,,,,,,,,,,
20,20400,0,8,1988,-8.881181703478347,-9.492007854805587,19.20556217090875,19.747423628163542,1.0282137774688818,0.0,-34.04405140413319,-34.04405140413319,-34.04405140413319,-34.037475881209886,442.67128665812663,phase,37.199759249499806,41.32518112374535,5.887003197591331,37.53871754642751,42.34712432118366,5.943308562529488,37.199759249499806,41.32518112374535,5.887003197591331,37.53871754642749,42.34712432118365,5.943308562529484,-27.04731221170161,-27.55964923297489,0.5824093211053913,37.199759249499806,41.32518112374535,5.887003197591331,37.199759249499806,41.32518112374535,5.887003197591331,nan,-27.04731221170161,nan,-27.55964923297489,False,7.882711286596023,8f5b7eb3d83fd9b5,,-8.881181703478347,-9.492007854805587,0.028213777468881762,-34.04405140413319,1,-4.5346464530138375,-7.954322380440992,1.014313918588703,0.9906643583603281,0.0,,,,,,,
21,21420,0,8,647,0.325470607189651,0.8703541838017852,17.415523239428197,17.455843644616305,1.0023151991837274,0.0,-38.09279695201433,-38.09279695201433,-38.09279695201433,-39.70673705193861,99.70566684093394,phase,37.03983741300745,41.18130281908763,5.860438108472999,37.29475547293189,41.38785322568268,5.902783301151477,37.039837413007454,41.18130281908765,5.860438108473,37.294755472931904,41.38785322568271,5.90278330115148,-26.33451488138602,-26.09635845279456,-0.5886942202546148,37.03983741300745,41.18130281908763,5.860438108472999,37.039837413007454,41.18130281908765,5.860438108473,nan,-26.33451488138602,nan,-26.09635845279456,False,6.02631860299824,7a42b1c859d39a23,,0.325470607189651,0.8703541838017852,0.0023151991837273567,-38.09279695201433,2,-4.422339295999886,-7.646827756495083,1.014724877871066,0.9902639080526345,0.0,,,,,,,
22,22440,0,7,843,-0.060626241278323,-1.594546433681384,19.038111960325306,19.76167523637396,1.038006041647225,0.0,-39.77597132562336,-39.77597132562336,-39.77597132562336,-39.91484306475873,121.29117611566953,phase,37.80525915296787,41.616329383181196,5.987584576904963,37.08437615478123,41.136834700659186,5.867836570561667,37.80525915296788,41.616329383181174,5.987584576904964,37.084376154781225,41.13683470065918,5.867836570561666,-24.76316452724806,-25.965272449272323,1.1088069942146968,37.80525915296787,41.616329383181196,5.987584576904963,37.80525915296788,41.616329383181174,5.987584576904964,nan,-24.76316452724806,nan,-25.965272449272323,False,6.908635301574237,9927c4e34fc24e92,,-0.060626241278323,-1.594546433681384,0.038006041647224986,-39.77597132562336,3,-4.4432505645714535,-8.21040605845095,1.0214738711656135,0.9839187600296936,0.0,,,,,,,
23,23460,0,8,1156,-5.003211148562582,-2.8732123390533473,18.232207839952125,17.422539233000904,0.9555913022680117,0.0,-38.804745099541435,-38.804745099541435,-38.804745099541435,-44.87740355444123,144.23384538020767,phase,37.22622855277424,41.66732933739592,5.891400091822963,37.66511875719628,42.844933467280235,5.964305441394732,37.22622855277423,41.6673293373959,5.8914000918229625,37.66511875719629,42.84493346728024,5.964305441394734,-26.03845540052621,-24.934943304340266,-1.7309494703154953,37.22622855277424,41.66732933739592,5.891400091822963,37.22622855277423,41.6673293373959,5.8914000918229625,nan,-26.03845540052621,nan,-24.934943304340266,False,7.944461628028045,0dbc04c8f5565a7f,,-5.003211148562582,-2.8732123390533473,-0.0444086977319883,-38.804745099541435,4,-6.157561572839026,-9.232466374323291,1.013535464398113,0.9919206603955456,0.0,,,,,,,
24,24480,0,8,7188,4.829033321505978,5.128958612686267,18.271408627557786,17.892835184985746,0.9792805551947944,0.0,-34.97241384076877,-34.97241384076877,-34.97241384076877,-35.571611863306714,-9.168157218244488,phase,37.58066605729265,41.90191051535625,5.9502767537031,37.58273362650401,42.261566993227326,5.950620203738208,37.580666057292646,41.90191051535625,5.950276753703098,37.58273362650402,42.26156699322733,5.950620203738211,-26.876313772182616,-27.059637148298844,-0.47236368877146795,37.58066605729265,41.90191051535625,5.9502767537031,37.580666057292646,41.90191051535625,5.950276753703098,nan,-26.876313772182616,nan,-27.059637148298844,False,6.673169357703088,6528a33644448e3f,,4.829033321505978,5.128958612686267,-0.0207194448052056,-34.97241384076877,5,-4.48997151615483,-7.4227092172091815,1.009860483278388,0.9955933647307922,0.0,,,,,,,
25,25500,0,7,1492,-1.6983762477312072,-1.5242190104560436,17.002469150077697,15.944211090685638,0.9377585661205435,0.0,-39.41875212151844,-39.41875212151844,-39.41875212151844,-40.88313305987351,-106.92065525902697,phase,37.09253569056676,40.38203042616595,5.869191975177204,37.16463289173866,40.602906574437554,5.881168254441639,37.09253569056675,40.38203042616594,5.869191975177202,37.164632891738655,40.60290657443754,5.881168254441638,-24.777964445798005,-25.69507056199917,0.2060255622631857,37.09253569056676,40.38203042616595,5.869191975177204,37.09253569056675,40.38203042616594,5.869191975177202,nan,-24.777964445798005,nan,-25.69507056199917,False,7.478388057213219,e4d93512aa6d9b10,,-1.6983762477312072,-1.5242190104560436,-0.062241433879456465,-39.41875212151844,6,-5.0785990508972265,-7.958547113039139,0.9988608294913346,1.0071573782664538,0.0,,,,,,,
26,26520,0,7,1872,2.214989947562938,3.9830655298424325,16.7326931719999,17.28451198931819,1.0329784818048113,0.0,-32.28937025426152,-32.28937025426152,-32.28937025426152,-41.14767750466815,16.586998965225558,phase,36.86342521909755,41.48507197062813,5.831133757325175,36.67363077405784,41.550883832989285,5.799606440873396,36.863425219097536,41.48507197062811,5.831133757325173,36.67363077405785,41.55088383298928,5.799606440873397,-26.661887055567604,-25.790550669616415,-1.2920524658340513,36.86342521909755,41.48507197062813,5.831133757325175,36.863425219097536,41.48507197062811,5.831133757325173,nan,-26.661887055567604,nan,-25.790550669616415,False,7.318811801527254,53d1fda6ee487d69,,2.214989947562938,3.9830655298424325,0.03297848180481133,-32.28937025426152,7,-4.302468424129312,-6.574381176783609,1.0046254893872455,1.001530406044584,0.0,,,,,,,
27,27540,0,8,951,-3.0610761681823577,-2.688065703168896,17.086217976139007,17.74150065347146,1.0383515344500203,0.0,-35.87066840895279,-35.87066840895279,-35.87066840895279,-36.53494421902509,-13.297227309382064,phase,37.588624565470795,41.36265608133003,5.951598765028372,37.42224097380939,41.49527323671087,5.923960294652723,37.5886245654708,41.36265608133003,5.951598765028373,37.422240973809394,41.49527323671089,5.923960294652724,-26.629243439414715,-26.763528851694943,-0.35778500679043357,37.588624565470795,41.36265608133003,5.951598765028372,37.5886245654708,41.36265608133003,5.951598765028373,nan,-26.629243439414715,nan,-26.763528851694943,False,6.7710307442929345,d1ee74b35a42faf4,,-3.0610761681823577,-2.688065703168896,0.038351534450020264,-35.87066840895279,8,-5.368912258355829,-7.513766531867109,1.0113680519737263,0.9950568856092927,0.0,,,,,,,
28,28560,0,8,46,-4.7673229922975136,-6.014768489126108,17.443509928803277,17.517826418884326,1.004260409194272,0.0,-38.68231912240934,-38.68231912240934,-38.68231912240934,-39.72164662489235,-259.3561841847958,phase,37.022125246783936,40.991727661000695,5.85749588817009,37.576420169701464,42.57471714019468,5.949571456761041,37.02212524678393,40.991727661000695,5.857495888170089,37.576420169701464,42.57471714019468,5.949571456761041,-25.167027637809312,-26.200013678021318,0.7892361564159653,37.022125246783936,40.991727661000695,5.85749588817009,37.02212524678393,40.991727661000695,5.857495888170089,nan,-25.167027637809312,nan,-26.200013678021318,False,5.666916807822468,db342760bc56e27d,align_margin=5.7,,,,,,,,,,,,,,,,,
28,28560,0,8,6788,1.4372467228311934,1.1396897917232165,15.534200731499569,15.978783328962846,1.028619599112156,0.0,-39.24042286740679,-39.24042286740679,-39.24042286740679,-40.47073302173079,-47.60767530527506,phase,36.20059506599892,40.69382900921687,5.721029080730718,36.67341548373818,41.208479691440054,5.799570678361825,36.200595065998925,40.69382900921688,5.72102908073072,36.67341548373818,41.20847969144003,5.799570678361825,-24.84242636568112,-25.919562957759958,0.9596177993190298,36.20059506599892,40.69382900921687,5.721029080730718,36.200595065998925,40.69382900921688,5.72102908073072,nan,-24.84242636568112,nan,-25.919562957759958,False,5.903055229402336,84b907a7d51a125a,align_margin=5.9,,,,,,,,,,,,,,,,,
28,28560,0,7,6683,2.656240086349136,2.567851552072425,18.370789139722156,18.678658536094147,1.0167586375321407,0.0,-32.99681868093168,-32.99681868093168,-32.99681868093168,-32.99616891460505,156.08786453430122,phase,37.406211230532655,41.477318353063204,5.921297546600109,37.425852724743315,41.378725580617214,5.924560253279621,37.406211230532655,41.4773183530632,5.921297546600109,37.42585272474331,41.378725580617214,5.92456025327962,-26.929015938842088,-27.624930410820664,0.5589640243415674,37.406211230532655,41.477318353063204,5.921297546600109,37.406211230532655,41.4773183530632,5.921297546600109,nan,-26.929015938842088,nan,-27.624930410820664,False,6.345651226254896,dfa366481e5d0a48,,2.656240086349136,2.567851552072425,0.016758637532140686,-32.99681868093168,9,-4.44967812948664,-6.610553804812788,1.0143341533277839,0.9921867210643464,0.0,,,,,,,
29,29580,0,8,2323,-8.65816386140477,-7.699151949654691,17.538092098707832,17.29641135474362,0.9862196673045172,0.0,-40.14687341641419,-40.14687341641419,-40.14687341641419,-41.7765946966028,76.38473730822126,phase,37.86296797058429,42.23099985176617,5.997170759233272,37.607978796639166,41.54344659916254,5.9548137535945465,37.86296797058429,42.23099985176616,5.997170759233272,37.60797879663916,41.54344659916252,5.954813753594546,-26.017665993872434,-25.711616325457026,-0.3820985186442343,37.86296797058429,42.23099985176617,5.997170759233272,37.86296797058429,42.23099985176616,5.997170759233272,nan,-26.017665993872434,nan,-25.711616325457026,False,7.803491118606493,b842be4f4b00e25d,,-8.65816386140477,-7.699151949654691,-0.013780332695482844,-40.14687341641419,10,-7.437211716470577,-9.326477254673575,1.0118880274607653,0.9946128702519744,0.0,,,,,,,
30,30600,0,7,2128,4.618513045458596,2.3458183564053385,17.33436281316701,17.699731959297203,1.0210777373283464,0.0,-38.43541000097834,-38.43541000097834,-38.43541000097834,-39.36435983855056,262.29608787340857,phase,37.33522632065042,42.64806074688621,5.9095060333306355,37.072394915572076,42.0635226823676,5.865846331490379,37.33522632065041,42.648060746886216,5.909506033330635,37.07239491557208,42.063522682367605,5.86584633149038,-25.153621158237232,-26.240193061185487,1.7190608038075288,37.33522632065042,42.64806074688621,5.9095060333306355,37.33522632065041,42.648060746886216,5.909506033330635,nan,-25.153621158237232,nan,-26.240193061185487,False,7.66491751246969,569feba455916692,,4.618513045458596,2.3458183564053385,0.02107773732834639,-38.43541000097834,11,-5.839723138641558,-8.500993843691905,1.0156204817192558,0.9910198695333926,0.0,,,,,,,
31,31620,0,7,7248,1.90618860151957,1.4775398043885046,17.791704394355737,17.304241742811286,0.9726016889253682,0.0,-32.49875579773422,-32.49875579773422,-32.49875579773422,-32.708567030805455,154.3991028542102,phase,37.152891058737005,42.21097266635095,5.879217783843357,37.724495703597015,42.24810700300763,5.974168721527744,37.15289105873702,42.21097266635098,5.87921778384336,37.72449570359703,42.248107003007654,5.974168721527747,-26.789420119740925,-27.69251221372396,0.40660684970919764,37.152891058737005,42.21097266635095,5.879217783843357,37.15289105873702,42.21097266635098,5.87921778384336,nan,-26.789420119740925,nan,-27.69251221372396,False,6.878155741776113,38275c0cdeabe895,,1.90618860151957,1.4775398043885046,-0.027398311074631754,-32.49875579773422,12,-5.182818298161715,-7.979168855682872,1.0107508816881712,0.9959053713999461,0.0,,,,,,,
32,32640,0,7,5519,3.4801813594296824,3.231774851550079,16.96389541794243,17.416589316294566,1.0266857279651305,0.0,-36.446324153050824,-36.446324153050824,-36.446324153050824,-36.50020816821401,193.31612030417463,phase,36.92752530216686,40.684032817481715,5.841781611655626,37.22165652284903,41.03196162967512,5.890640618413461,36.92752530216687,40.684032817481715,5.841781611655627,37.22165652284903,41.03196162967512,5.890640618413461,-26.588011733732028,-26.84200082755347,-0.10453747388234022,36.92752530216686,40.684032817481715,5.841781611655626,36.92752530216687,40.684032817481715,5.841781611655627,nan,-26.588011733732028,nan,-26.84200082755347,False,6.450506757486999,3c511e091b8a7955,,3.4801813594296824,3.231774851550079,0.026685727965130468,-36.446324153050824,13,-3.9777107905966846,-6.843397094102242,1.0154710907252893,0.9913753771262832,0.0,,,,,,,
33,33660,0,7,1363,-8.171173543031495,-5.837589359023143,17.381401611058877,17.041700039783628,0.9804560311718984,0.0,-39.979972232261915,-39.979972232261915,-39.979972232261915,-42.09356811391839,309.46582801819255,phase,37.74692923656042,41.38484201871714,5.977895222020004,37.44078242480222,40.77322173342487,5.9270402699007025,37.74692923656042,41.38484201871713,5.977895222020004,37.44078242480222,40.77322173342485,5.9270402699007025,-25.916743174273602,-25.609197605433263,-2.081219436014048,37.74692923656042,41.38484201871714,5.977895222020004,37.74692923656042,41.38484201871713,5.977895222020004,nan,-25.916743174273602,nan,-25.609197605433263,False,7.0622684924242565,81c5ab22ae228ca2,,-8.171173543031495,-5.837589359023143,-0.01954396882810161,-39.979972232261915,14,-6.79404969593998,-8.90432812265031,1.011997982040269,0.994833662402738,0.0,,,,,,,
34,34680,0,8,3496,-3.4638399922773737,-2.6674577003401096,17.647620972146864,17.495279386091926,0.9913675851098923,0.0,-33.50454666420261,-33.50454666420261,-33.50454666420261,-33.50306121602666,81.95431606731556,phase,36.988159441326914,40.935528857837475,5.851853727795169,37.19467008855558,41.78627520066087,5.8861578220192,36.98815944132689,40.93552885783745,5.851853727795166,37.19467008855558,41.786275200660874,5.8861578220192,-27.012987064436604,-27.627707833690845,-0.5307347261859313,36.988159441326914,40.935528857837475,5.851853727795169,36.98815944132689,40.93552885783745,5.851853727795166,nan,-27.012987064436604,nan,-27.627707833690845,False,6.356765537192121,c33170c7d7f0078d,,-3.4638399922773737,-2.6674577003401096,-0.008632414890107687,-33.50454666420261,15,-7.992020461507019,-9.84278671166123,1.0104691844117073,0.9963496167103645,0.0,,,,,,,
35,35700,0,7,4376,2.761573517223799,1.6038243279658801,17.614791606512828,18.23789379999516,1.0353738044367182,0.0,-33.443819923862925,-33.443819923862925,-33.443819923862925,-34.45794185686111,121.2554305803515,phase,37.38483194921511,40.88755677539598,5.917746170965966,37.603207545961176,42.48294389921487,5.954021187036741,37.3848319492151,40.887556775395964,5.917746170965964,37.60320754596118,42.48294389921487,5.9540211870367425,-26.17740974180422,-27.17414591482681,1.0921169771765653,37.38483194921511,40.88755677539598,5.917746170965966,37.3848319492151,40.887556775395964,5.917746170965964,nan,-26.17740974180422,nan,-27.17414591482681,False,6.9715223465593255,72a0df5b08b5359a,,2.761573517223799,1.6038243279658801,0.035373804436718226,-33.443819923862925,16,-7.03548388826055,-9.279391588730965,1.0167244087924814,0.9903925233787682,0.0,,,,,,,
36,36720,0,7,3198,-6.47521306008186,-7.181237199860448,17.105049928461888,16.982338887141125,0.9928260343095182,0.0,-36.630372097842866,-36.630372097842866,-36.630372097842866,-38.60243372523577,-13.791722360956273,phase,36.81551395799333,41.472039304623756,5.823175076078627,37.714255747726554,41.861953818495145,5.972467732180491,36.81551395799333,41.47203930462379,5.823175076078627,37.71425574772656,41.86195381849516,5.972467732180492,-26.669125111762348,-26.498341901227093,0.6996676938748081,36.81551395799333,41.472039304623756,5.823175076078627,36.81551395799333,41.47203930462379,5.823175076078627,nan,-26.669125111762348,nan,-26.498341901227093,False,5.400411711135823,775f0b622157889b,align_margin=5.4,,,,,,,,,,,,,,,,,
36,36720,0,7,5164,-5.138307728551943,-4.543560282050148,17.821603890109234,17.711452605321572,0.9938192271881435,0.0,-36.2976697484598,-36.2976697484598,-36.2976697484598,-36.29813313072545,89.02999826694634,phase,37.55550086967404,42.279086464952925,5.946096489979078,36.995186617297364,42.112740415678715,5.85302103277365,37.55550086967405,42.27908646495293,5.9460964899790785,36.995186617297364,42.11274041567869,5.85302103277365,-25.42751754306068,-26.729446887240602,0.28071309405146394,37.55550086967404,42.279086464952925,5.946096489979078,37.55550086967405,42.27908646495293,5.9460964899790785,nan,-25.42751754306068,nan,-26.729446887240602,False,6.077793859817504,c072a896e47e4bc1,,-5.138307728551943,-4.543560282050148,-0.006180772811856472,-36.2976697484598,17,-8.804309038361026,-10.88506414903297,1.0156246838404537,0.9914704291260789,0.0,,,,,,,
37,37740,0,8,6777,6.425478007527403,7.515144209102472,17.375140830337198,16.662667730279175,0.9589946863156333,0.0,-37.71047780635845,-37.71047780635845,-37.71047780635845,-39.31871931270264,-316.67039035836456,phase,29.67563752647312,31.559806048599484,4.6371490907762665,30.223825808377775,32.288816902771146,4.728210267172388,29.67563752647312,31.559806048599484,4.6371490907762665,30.22382580837778,32.288816902771146,4.728210267172389,-26.392704017069256,-26.15372280778319,-1.1030884933670624,29.67563752647312,31.559806048599484,4.6371490907762665,29.67563752647312,31.559806048599484,4.6371490907762665,nan,-26.392704017069256,nan,-26.15372280778319,False,6.230212408717934,3f7bb0daacf630a9,,6.425478007527403,7.515144209102472,-0.04100531368436666,-37.71047780635845,18,-6.589989774151535,-8.232135331474272,1.0083366323098224,0.9988893673054701,0.0,,,,,,,
38,38760,0,7,3979,-9.559173998656215,-9.774962899276302,16.978033138127213,17.581580954524394,1.035548747695739,0.0,-39.25948622103938,-39.25948622103938,-39.25948622103938,-39.24815164075279,201.92891995807173,phase,36.95418780995099,41.27641110567474,5.846210599659633,37.424780880796334,41.21124324012187,5.924382206112348,36.95418780995099,41.27641110567474,5.846210599659633,37.42478088079633,41.21124324012187,5.924382206112347,-25.999465036451568,-26.13316422610027,-0.10287282530498665,36.95418780995099,41.27641110567474,5.846210599659633,36.95418780995099,41.27641110567474,5.846210599659633,nan,-25.999465036451568,nan,-26.13316422610027,False,5.886549542421755,ab54c3a70ec95172,align_margin=5.9,,,,,,,,,,,,,,,,,
38,38760,0,7,5036,1.1821825278776847,-0.8743553892209157,17.945076597217014,18.56222604878398,1.034391017961031,0.0,-38.896702107713836,-38.896702107713836,-38.896702107713836,-41.63102496453347,90.49227601105022,phase,36.90796582283707,42.124997280568834,5.838532528710478,37.17194864542766,41.84840786998385,5.882383495918217,36.907965822837085,42.124997280568834,5.83853252871048,37.17194864542765,41.84840786998386,5.882383495918215,-25.025726219225817,-25.672567152513757,2.0835551822982232,36.90796582283707,42.124997280568834,5.838532528710478,36.907965822837085,42.124997280568834,5.83853252871048,nan,-25.025726219225817,nan,-25.672567152513757,False,6.806513157831624,f52c18ad57ab9c42,,1.1821825278776847,-0.8743553892209157,0.034391017961030945,-38.896702107713836,19,-6.1796467681562355,-8.538499976292576,1.0144052338755156,0.9930774994762568,0.0,,,,,,,
39,39780,0,8,3096,9.909321514737728,10.535666951136218,18.202449885818712,18.41290530756147,1.0115619283702422,0.0,-32.8660113628291,-32.8660113628291,-32.8660113628291,-33.041958182129186,105.32481049388036,phase,37.39365320878604,42.39338993413379,5.919211496476088,37.329517556103205,41.99250534973177,5.9085577335719615,37.39365320878604,42.39338993413379,5.919211496476088,37.32951755610322,41.9925053497318,5.908557733571964,-27.059247088655468,-27.63790496333966,-0.4124777818873948,37.39365320878604,42.39338993413379,5.919211496476088,37.39365320878604,42.39338993413379,5.919211496476088,nan,-27.059247088655468,nan,-27.63790496333966,False,6.338171429803105,a5a52bba82caed0a,,9.909321514737728,10.535666951136218,0.01156192837024217,-32.8660113628291,20,-2.7606358893304486,-4.8253119976681145,1.0164577179896974,0.9910911347725456,0.0,18,-36.471794624499545,0.653276520278154,-36.471794624499545,move+1:OK,1,26
40,40800,0,7,2260,-6.722834989255199,-6.67448478948764,17.883454348704024,17.45586063133639,0.9760899818888389,0.0,-27.205226148616216,-27.205226148616216,-27.205226148616216,-28.35681329315756,66.37598805569885,phase,37.13853713816134,42.30284058491995,5.876833411654708,37.134704621656994,42.608405584223306,5.876196781006146,37.13853713816135,42.302840584919934,5.87683341165471,37.13470462165701,42.60840558422332,5.876196781006148,-28.685133830865013,-29.091836996737864,0.41040833195373505,37.13853713816134,42.30284058491995,5.876833411654708,37.13853713816135,42.302840584919934,5.87683341165471,nan,-28.685133830865013,nan,-29.091836996737864,False,8.4969233734737,eb31c080cf2365aa,,-6.722834989255199,-6.67448478948764,-0.023910018111161113,-27.205226148616216,1,-5.075530256892494,-7.182380479424637,1.012204601561584,0.9953396941255104,0.0,,,,,,,
41,41820,0,7,2532,0.7139442383576866,0.5195322217344438,17.76614050278993,18.257746599710337,1.0276709562689323,0.0,-26.464846598509773,-26.464846598509773,-26.464846598509773,-26.642015674931415,174.86903230067998,phase,36.479605704215324,41.31711920720861,5.767376362826466,37.23695823978901,41.95681311857076,5.893182431858641,36.479605704215324,41.31711920720861,5.767376362826466,37.23695823978901,41.95681311857076,5.893182431858641,-28.09857113666613,-29.52069892629097,0.40323418114896037,36.479605704215324,41.31711920720861,5.767376362826466,36.479605704215324,41.31711920720861,5.767376362826466,nan,-28.09857113666613,nan,-29.52069892629097,False,7.114855030961505,86d71a4616396cb0,,0.7139442383576866,0.5195322217344438,0.027670956268932345,-26.464846598509773,2,-4.828662693714372,-6.9996928214519345,1.0171061186829629,0.9906496226861532,0.0,,,,,,,
42,42840,0,7,7981,-12.361730685130038,-11.64567933239006,17.19474639298942,16.392294695900656,0.9533315770556561,0.0,-29.411527572370694,-29.411527572370694,-29.411527572370694,-32.025129261795506,43.73161420472044,phase,29.82782661468044,31.5721899287548,4.662429670212697,30.08225666737982,31.683939540555443,4.704693798568076,29.82782661468044,31.572189928754796,4.662429670212697,30.082256667379824,31.68393954055545,4.704693798568077,-28.37539430882764,-28.01331579237877,-0.02981216094526573,29.82782661468044,31.5721899287548,4.662429670212697,29.82782661468044,31.572189928754796,4.662429670212697,nan,-28.37539430882764,nan,-28.01331579237877,False,4.75683078933411,4a84dfe575e02c73,align_margin=4.8,,,,,,,,,,,,,,,,,
42,42840,0,7,2411,-5.90515439707224,-5.057481420654369,17.93327334383005,17.91568368348775,0.9990191606403885,0.0,-32.37434028339352,-32.37434028339352,-32.37434028339352,-35.67477134355045,241.90765499806315,phase,37.28272442886893,40.799164109954745,5.900784788848661,37.05228506260802,41.18770841946378,5.862505824353493,37.282724428868924,40.799164109954745,5.900784788848659,37.05228506260803,41.187708419463796,5.8625058243534935,-27.68860576215492,-26.960461356556383,-0.5257732514308584,37.28272442886893,40.799164109954745,5.900784788848661,37.282724428868924,40.799164109954745,5.900784788848659,nan,-27.68860576215492,nan,-26.960461356556383,False,7.132290870260302,0da940321d19d3fd,,-5.90515439707224,-5.057481420654369,-0.0009808393596114628,-32.37434028339352,3,-6.8607063526902525,-8.786518815923461,1.0169315355829942,0.9908198315584796,0.0,,,,,,,
43,43860,0,7,1112,3.8813627877684205,3.0011293714654794,18.091802923049475,17.68420021607108,0.9774703102442545,0.0,-31.935522957140417,-31.935522957140417,-31.935522957140417,-31.93664573072444,256.9957193164354,phase,36.80640798355727,41.528833395000206,5.8216624557404115,37.314203926141104,42.16238990764396,5.906013941219453,36.80640798355728,41.52883339500022,5.821662455740412,37.31420392614111,42.16238990764399,5.906013941219454,-26.49773633021732,-27.926782396097938,1.712191092043472,36.80640798355727,41.528833395000206,5.8216624557404115,36.80640798355728,41.52883339500022,5.821662455740412,nan,-26.49773633021732,nan,-27.926782396097938,False,7.109321800775125,fa1bdbd9b55adcc2,,3.8813627877684205,3.0011293714654794,-0.02252968975574554,-31.935522957140417,4,-5.524847518358648,-7.726391387548587,1.0129220839830784,0.994816373505184,0.0,,,,,,,
44,44880,0,7,996,-6.639099814184404,-6.810731734996356,17.17223712812513,17.5979410023084,1.0247902396762296,0.0,-28.9354275914433,-28.9354275914433,-28.9354275914433,-29.23543777693229,-69.86631401871408,phase,37.114777783087305,41.566336357978855,5.872886674931447,37.22087683362537,42.74372668591666,5.890511101931125,37.114777783087305,41.56633635797884,5.872886674931447,37.22087683362537,42.743726685916656,5.890511101931125,-27.19799700435128,-28.68158830943452,0.07938601007090895,37.114777783087305,41.566336357978855,5.872886674931447,37.114777783087305,41.56633635797884,5.872886674931447,nan,-27.19799700435128,nan,-28.68158830943452,False,6.791341622024843,745df82aafdb32f3,,-6.639099814184404,-6.810731734996356,0.02479023967622962,-28.9354275914433,5,-7.8188886610171195,-10.122568381348641,1.0173164356992535,0.9906049713165331,0.0,,,,,,,
45,45900,0,8,8048,-4.092592732773863,-5.004285940704964,18.074222233993776,17.67178971364184,0.9777344488110229,0.0,-34.4774740847931,-34.4774740847931,-34.4774740847931,-38.536280388637834,185.88641272591062,phase,37.72670880154676,42.546688877775196,5.974536345771888,37.46451177970125,42.21859162385635,5.930982023206188,37.726708801546756,42.54668887777518,5.974536345771887,37.46451177970124,42.218591623856334,5.9309820232061865,-27.33319023235968,-26.38304648397677,0.5728176930240596,37.72670880154676,42.546688877775196,5.974536345771888,37.726708801546756,42.54668887777518,5.974536345771887,nan,-27.33319023235968,nan,-26.38304648397677,False,6.388576301315492,59b93bfc577b3144,,-4.092592732773863,-5.004285940704964,-0.022265551188977106,-34.4774740847931,6,-9.226914134906457,-11.890679919209147,1.0133524912437248,0.994552734435294,0.0,,,,,,,
46,46920,0,8,3140,7.745043966226785,9.204884275821069,18.195186970213626,18.66612477516154,1.0258825482650362,0.0,-31.94157987364604,-31.94157987364604,-31.94157987364604,-32.236089451272896,50.48664381958108,phase,37.28514731565686,42.23571921539504,5.901187261737021,37.23360661805236,42.03371873624879,5.892625684061855,37.28514731565687,42.23571921539506,5.9011872617370225,37.23360661805238,42.0337187362488,5.892625684061858,-26.62506669215449,-27.91000353566286,-0.5444143596172992,37.28514731565686,42.23571921539504,5.901187261737021,37.28514731565687,42.23571921539506,5.9011872617370225,nan,-26.62506669215449,nan,-27.91000353566286,False,6.134964966600235,8a0eeb6d4e7b384f,,7.745043966226785,9.204884275821069,0.02588254826503622,-31.94157987364604,7,-6.551867286348999,-8.651324795052098,1.0179424165774442,0.9901616149459637,0.0,,,,,,,
47,47940,0,8,1848,-4.0850073212705595,-3.9442742952329386,18.90478117041801,18.2659772526745,0.9662093989882781,0.0,-32.2803865315031,-32.2803865315031,-32.2803865315031,-35.8071210301475,-159.25777800636874,phase,37.419615048544216,42.17410845000831,5.923524094442562,37.35638620109171,41.62600367738194,5.913020963636497,37.41961504854421,42.174108450008305,5.92352409444256,37.356386201091716,41.62600367738194,5.913020963636498,-27.6681331952897,-26.957653222684353,-0.3973314760105717,37.419615048544216,42.17410845000831,5.923524094442562,37.41961504854421,42.174108450008305,5.92352409444256,nan,-27.6681331952897,nan,-26.957653222684353,False,7.4371987867312885,c1957b83611a7064,,-4.0850073212705595,-3.9442742952329386,-0.03379060101172193,-32.2803865315031,8,-7.9564188004236875,-10.04553760081398,1.0119229615184357,0.9962215614937713,0.0,,,,,,,
48,48960,0,8,3105,2.675796481149061,1.8215332639111286,17.350022482069075,17.924512378269224,1.0331117666731482,0.0,-30.461555618414145,-30.461555618414145,-30.461555618414145,-31.21072285507356,127.02977774027138,phase,37.45660439233041,41.49725061602825,5.9296685037093715,37.631555562123225,41.227082698445685,5.958730159821134,37.45660439233043,41.497250616028296,5.929668503709375,37.631555562123225,41.227082698445685,5.958730159821134,-26.887216856637302,-28.20834301935283,1.0765709842277866,37.45660439233041,41.49725061602825,5.9296685037093715,37.45660439233043,41.497250616028296,5.929668503709375,nan,-26.887216856637302,nan,-28.20834301935283,False,6.066213515395123,8e9d9603628a2136,,2.675796481149061,1.8215332639111286,0.03311176667314819,-30.461555618414145,9,-7.030924663007467,-9.40558292907113,1.0177866089922107,0.9906339136046141,0.0,,,,,,,
49,49980,0,8,7384,-3.335352029318149,-3.6566798930034525,17.32767569707537,16.74447610830702,0.9663428841257234,0.0,-34.23486896569472,-34.23486896569472,-34.23486896569472,-38.25387629469745,-116.92611618241217,phase,37.22387049311092,41.960507716620455,5.891008387559955,37.17020137961156,41.930846940065564,5.882093252427171,37.22387049311092,41.96050771662048,5.891008387559955,37.17020137961156,41.930846940065564,5.882093252427171,-27.30690629312564,-26.399210091255792,0.33016447561076845,37.22387049311092,41.960507716620455,5.891008387559955,37.22387049311092,41.96050771662048,5.891008387559955,nan,-27.30690629312564,nan,-26.399210091255792,False,7.21147411114779,99d7e6e7dc1d0798,,-3.335352029318149,-3.6566798930034525,-0.033657115874276555,-34.23486896569472,10,-8.177897122605122,-10.69752129800327,1.0117918506712367,0.9966719661108269,0.0,,,,,,,
50,51000,0,7,2044,-0.986318418212069,-0.45557792142615045,17.217964861161406,17.19086430020189,0.9984260299531308,0.0,-31.030206247641434,-31.030206247641434,-31.030206247641434,-31.362565178065314,159.39007594955257,phase,37.20724765413703,41.75921300890592,5.888247118627414,36.79057067281784,41.35827452091168,5.819031673225556,37.20724765413702,41.759213008905895,5.888247118627413,36.79057067281783,41.35827452091164,5.819031673225553,-28.171820554672347,-28.297988316925338,-0.542830710836508,37.20724765413703,41.75921300890592,5.888247118627414,37.20724765413702,41.759213008905895,5.888247118627413,nan,-28.171820554672347,nan,-28.297988316925338,False,7.961302241487055,b08fc437816151e8,,-0.986318418212069,-0.45557792142615045,-0.0015739700468692108,-31.030206247641434,11,-8.519085328603428,-10.857506005029155,1.0115131579095777,0.9969469269596793,0.0,,,,,,,
51,52020,0,8,1859,-1.340024871071408,-1.5230567906481465,17.48073453133626,17.714728498216676,1.0133858200558423,0.0,-30.290467743470685,-30.290467743470685,-30.290467743470685,-31.255639700623444,236.77884388975832,phase,37.1302393196602,40.35186760183394,5.875455036488406,37.025822436812035,40.980060457261935,5.858110039337548,37.13023931966019,40.35186760183392,5.875455036488405,37.02582243681204,40.98006045726194,5.858110039337549,-26.9770174212412,-28.22019475680858,0.36762351624613054,37.1302393196602,40.35186760183394,5.875455036488406,37.13023931966019,40.35186760183392,5.875455036488405,nan,-26.9770174212412,nan,-28.22019475680858,False,6.74751997989577,7960476bb5d9de16,,-1.340024871071408,-1.5230567906481465,0.013385820055842323,-30.290467743470685,12,-8.982755723009626,-11.392208367122308,1.0138826462048594,0.9946424082034024,0.0,,,,,,,
52,53040,0,8,1984,2.5039210743340075,0.8337087362301931,19.220258041157283,19.062138533354588,0.991773289023274,0.0,-27.755386973307676,-27.755386973307676,-27.755386973307676,-27.860661133128854,37.70878032515002,phase,37.18576874036439,41.66047413283956,5.88467919275156,37.64485071899711,42.122244712362644,5.9609386576407175,37.18576874036439,41.66047413283955,5.88467919275156,37.64485071899712,42.12224471236263,5.960938657640718,-27.75914329416477,-29.261759082223602,1.4460674666582443,37.18576874036439,41.66047413283956,5.88467919275156,37.18576874036439,41.66047413283955,5.88467919275156,nan,-27.75914329416477,nan,-29.261759082223602,False,8.024255730459375,439d46292eb88c9c,,2.5039210743340075,0.8337087362301931,-0.008226710976726004,-27.755386973307676,13,-8.11838312594692,-11.098838553736174,1.0124229852932964,0.9960862474849282,0.0,,,,,,,
53,54060,0,7,1260,-0.8595443703063312,0.6132971751077061,17.027686919237695,17.230113209484042,1.011888067428445,0.0,-33.803398699492575,-33.803398699492575,-33.803398699492575,-34.76060976477698,249.166338819501,phase,37.10658695848024,41.2951336575377,5.87152607283725,37.1319307979683,41.926291576995176,5.8757360129515455,37.10658695848024,41.29513365753769,5.87152607283725,37.131930797968295,41.926291576995155,5.875736012951545,-27.311340991790356,-27.125259738353797,-1.2332124157394926,37.10658695848024,41.2951336575377,5.87152607283725,37.10658695848024,41.29513365753769,5.87152607283725,nan,-27.311340991790356,nan,-27.125259738353797,False,7.115238331022385,4d2eac859603d828,,-0.8595443703063312,0.6132971751077061,0.011888067428444948,-33.803398699492575,14,-8.41553217725976,-10.883341138899167,1.0145292420184695,0.9940383237572281,0.0,,,,,,,
54,55080,0,7,1353,-4.740951566313053,-5.918689160648402,16.00556103184853,15.816086091559152,0.9881619307244306,0.0,-27.600598954880788,-27.600598954880788,-27.600598954880788,-27.607996512349995,29.821165362170415,phase,29.81475894450749,30.880625178042244,4.6602589608816425,30.07287685376321,31.18996896875094,4.703135689993888,29.81475894450749,30.880625178042244,4.6602589608816425,30.072876853763212,31.189968968750946,4.703135689993889,-27.781976241247467,-29.152597664026384,1.0519318955256747,29.81475894450749,30.880625178042244,4.6602589608816425,29.81475894450749,30.880625178042244,4.6602589608816425,nan,-27.781976241247467,nan,-29.152597664026384,False,6.685145586245928,ec1c79a3fd70f8a1,,-4.740951566313053,-5.918689160648402,-0.011838069275569407,-27.600598954880788,15,-10.051101640894165,-12.967306270542188,1.012427480214876,0.9961223056232891,0.0,,,,,,,
55,56100,0,7,5900,2.058274598604206,1.5352534432788958,18.6678929410366,18.267624898872366,0.9785584777334807,0.0,-32.660534139017265,-32.660534139017265,-32.660534139017265,-33.37969712744087,122.34753696215415,phase,37.2026309203737,41.68047912521991,5.88748021933118,37.63079339967004,41.64592577234742,5.958603554762466,37.20263092037369,41.68047912521989,5.887480219331179,37.63079339967004,41.64592577234742,5.958603554762466,-26.29684245380508,-27.502629559261408,1.1838853286280484,37.2026309203737,41.68047912521991,5.88748021933118,37.20263092037369,41.68047912521989,5.887480219331179,nan,-26.29684245380508,nan,-27.502629559261408,False,6.967051130848602,d985c93893512ea8,,2.058274598604206,1.5352534432788958,-0.021441522266519297,-32.660534139017265,16,-9.339548345878333,-12.427875818965871,1.00862858260183,0.999941920229247,0.0,,,,,,,
56,57120,0,8,4823,3.299381540028044,1.1472386498154887,17.363648274997367,17.45412724719183,1.0052108272847675,0.0,-30.803490981092025,-30.803490981092025,-30.803490981092025,-33.41558811736719,-134.49233175747986,phase,37.37014829631436,41.20273808354696,5.915307025965841,37.51142789692047,41.732699901990664,5.938775398159548,37.37014829631436,41.202738083546954,5.915307025965841,37.51142789692048,41.732699901990664,5.938775398159549,-26.77377339531869,-27.610114181730246,1.7738219393568837,37.37014829631436,41.20273808354696,5.915307025965841,37.37014829631436,41.202738083546954,5.915307025965841,nan,-26.77377339531869,nan,-27.610114181730246,False,6.7399952998799515,63cbde6265e19860,,3.299381540028044,1.1472386498154887,0.005210827284767516,-30.803490981092025,17,-8.194643711081083,-12.026318969200672,1.0095483457360532,0.9990348052366061,0.0,,,,,,,
57,58140,0,8,3275,5.0120787638802105,5.15473277413443,17.4453730211879,17.734061322881672,1.0165481300596526,0.0,-33.23800953918198,-33.23800953918198,-33.23800953918198,-35.23799160686171,34.60834313375362,phase,38.172343532256555,42.09575086380015,6.048562048547601,37.90675240409348,42.07895817869478,6.004443920945762,38.17234353225656,42.09575086380018,6.048562048547603,37.90675240409346,42.07895817869478,6.004443920945758,-26.402244748611686,-27.261933229091827,0.2875592115794481,38.172343532256555,42.09575086380015,6.048562048547601,38.17234353225656,42.09575086380018,6.048562048547603,nan,-26.402244748611686,nan,-27.261933229091827,False,5.918775690838837,928113e271118a7b,align_margin=5.9,,,,,,,,,,,,,,,,,
57,58140,0,8,1572,-3.4161814930965217,-1.8267211020538459,16.96826511717385,17.03951067354497,1.0041987531358767,0.0,-26.36408174798306,-26.36408174798306,-26.36408174798306,-27.46015464639036,254.8133396159112,phase,36.96279832832553,40.84995944491726,5.847640918326501,37.26125322693577,42.10124512579032,5.8972181440092655,36.96279832832555,40.84995944491727,5.847640918326504,37.26125322693576,42.1012451257903,5.897218144009263,-28.06498224201057,-29.030573708328333,-1.2099022701335196,36.96279832832553,40.84995944491726,5.847640918326501,36.96279832832555,40.84995944491727,5.847640918326504,nan,-28.06498224201057,nan,-29.030573708328333,False,7.599685528495558,0191f0bcd2341ba8,,-3.4161814930965217,-1.8267211020538459,0.004198753135876698,-26.36408174798306,18,-9.378998603676182,-12.666289050690901,1.010290143485487,0.9983038019477237,0.0,,,,,,,
58,59160,0,7,4472,3.1366647373498435,4.108820841498447,15.636512835359536,15.967661994733236,1.0211779418378284,0.0,-29.833697752738672,-29.833697752738672,-29.833697752738672,-31.39690442413013,-121.97480379767876,phase,36.395368049688415,40.97928513254339,5.753383396958209,37.291889789453336,40.82347808992684,5.9023072739955715,36.395368049688415,40.97928513254339,5.753383396958209,37.29188978945335,40.82347808992684,5.902307273995574,-26.974348054343025,-28.01861355818299,-0.9562907367093532,36.395368049688415,40.97928513254339,5.753383396958209,36.395368049688415,40.97928513254339,5.753383396958209,nan,-26.974348054343025,nan,-28.01861355818299,False,6.702534927750572,a306c34b97c4cd87,,3.1366647373498435,4.108820841498447,0.021177941837828396,-29.833697752738672,19,-8.2923477389207,-11.225758330765062,1.0140344200176488,0.9946806787652798,0.0,,,,,,,
59,60180,0,7,5020,0.12278792034842476,-0.02346493576053288,17.40692033402433,17.875066768112784,1.0268942710775435,0.0,-31.592497996176412,-31.592497996176412,-31.592497996176412,-31.841749627685452,148.13102343656473,phase,37.1040047403528,41.2410129426926,5.871097132948971,37.223233368231476,42.01741086417367,5.890902552862372,37.1040047403528,41.241012942692585,5.871097132948971,37.223233368231476,42.017410864173684,5.890902552862372,-26.667850557182508,-27.962189920850193,-0.6607091359752575,37.1040047403528,41.2410129426926,5.871097132948971,37.1040047403528,41.241012942692585,5.871097132948971,nan,-26.667850557182508,nan,-27.962189920850193,False,6.2575533051192425,a9638318a3cab49f,,0.12278792034842476,-0.02346493576053288,0.026894271077543497,-31.592497996176412,20,-8.249966759267958,-11.234014978040427,1.0188069704180838,0.9901218237802465,0.0,19,-30.760262680740748,0.5701272801611679,-30.760262680740748,move+1:OK,1,27
60,61200,0,7,6699,-0.6576302591367295,0.8035435650819928,18.716175381329514,18.87892512171495,1.008695672971081,0.0,-20.879262504190073,-20.879262504190073,-20.879262504190073,-23.52009158746845,233.7325112947575,phase,37.44212230381451,41.89903474341442,5.927262841165201,37.29148773011956,41.3447870018203,5.902240486730825,37.44212230381451,41.89903474341442,5.927262841165201,37.29148773011957,41.3447870018203,5.902240486730826,-30.504784843018335,-30.66324109646707,-0.572230771247039,37.44212230381451,41.89903474341442,5.927262841165201,37.44212230381451,41.89903474341442,5.927262841165201,nan,-30.504784843018335,nan,-30.66324109646707,False,6.266208859101186,56b0b4384da9f128,,-0.6576302591367295,0.8035435650819928,0.008695672971080981,-20.879262504190073,1,-8.475888447459196,-10.949968872779428,1.0203573325592812,0.9886281019699223,0.0,,,,,,,
61,62220,0,7,4208,-8.912962560358974,-9.150008267936744,18.14457835445027,17.381765106513463,0.9579591637217784,0.0,-21.263865689158646,-21.263865689158646,-21.263865689158646,-25.168267639455767,70.63557682128655,phase,37.30323044553217,42.08270881038604,5.904191103909,37.367845803380376,41.89949442139899,5.914924552056542,37.303230445532186,42.082708810386066,5.904191103909001,37.36784580338036,41.899494421398956,5.914924552056539,-30.27020886001148,-29.886302964996304,0.20802300475920177,37.30323044553217,42.08270881038604,5.904191103909,37.303230445532186,42.082708810386066,5.904191103909001,nan,-30.27020886001148,nan,-29.886302964996304,False,6.1441432844437385,8d3cc5974a7ab0ae,,-8.912962560358974,-9.150008267936744,-0.04204083627822164,-21.263865689158646,2,-11.533186902208527,-14.189309214609294,1.012850414335685,0.9962207864037357,0.0,,,,,,,
62,63240,0,7,208,10.166571708264478,8.023728059459884,17.293294239032562,17.679025269936023,1.0223052372539194,0.0,-24.822826144352366,-24.822826144352366,-24.822826144352366,-25.122720528684013,360.1849708340547,phase,37.02837723966283,41.416940808324405,5.858534425193162,37.325713967963594,42.326093866209284,5.907925908299601,37.02837723966284,41.416940808324384,5.858534425193163,37.325713967963594,42.326093866209256,5.907925908299601,-28.63015933193115,-30.164529247629368,1.8672044507775833,37.02837723966283,41.416940808324405,5.858534425193162,37.02837723966284,41.416940808324384,5.858534425193163,nan,-28.63015933193115,nan,-30.164529247629368,False,5.791218947732766,dc77f43409a11b3d,align_margin=5.8,,,,,,,,,,,,,,,,,
62,63240,0,8,6403,8.216499898957466,6.766586826877088,17.89832614512467,17.84336973428735,0.9969295223256232,0.0,-23.10055170547564,-23.10055170547564,-23.10055170547564,-23.54209375725466,353.78129781434245,phase,37.68709212585515,41.85182170935118,5.967955502633747,37.45189232970627,40.71189957553,5.928885769054198,37.687092125855145,41.85182170935117,5.967955502633746,37.45189232970626,40.71189957552999,5.928885769054197,-30.056527054628397,-30.514042737153634,0.8767768233516495,37.68709212585515,41.85182170935118,5.967955502633747,37.687092125855145,41.85182170935117,5.967955502633746,nan,-30.056527054628397,nan,-30.514042737153634,False,6.379880514016747,e5c32d8d78f0d5d7,,8.216499898957466,6.766586826877088,-0.003070477674376848,-23.10055170547564,3,-8.693897976685111,-11.812019539740792,1.0123061757833622,0.9967577379962081,0.0,,,,,,,
63,64260,0,8,7279,10.187447203578019,8.894872844084595,18.449094065788202,19.137160433602535,1.037295401354708,0.0,-24.51994397245515,-24.51994397245515,-24.51994397245515,-24.871171370726067,382.4265445603322,phase,37.437087542023335,41.53505044680672,5.926426501997232,37.36529219748099,41.5616485563907,5.914500365030065,37.437087542023335,41.535050446806714,5.926426501997232,37.36529219748099,41.561648556390686,5.914500365030065,-28.663515221275784,-30.312444902545433,1.4708398969159031,37.437087542023335,41.53505044680672,5.926426501997232,37.437087542023335,41.535050446806714,5.926426501997232,nan,-28.663515221275784,nan,-30.312444902545433,False,6.9775244212819105,d915217860b6d2d3,,10.187447203578019,8.894872844084595,0.03729540135470799,-24.51994397245515,4,-5.171637017945923,-8.688687383134598,1.018913189679308,0.9904861070098949,0.0,,,,,,,
64,65280,0,8,2212,-3.4354355737647726,-1.5247824639627234,17.529879171653427,17.182123172922957,0.9801620995030698,0.0,-27.34603267972277,-27.34603267972277,-27.34603267972277,-32.834594991360355,94.43207995263155,phase,37.40876638337722,42.3948997691471,5.921721990594223,37.23777361666948,41.50372880597419,5.89331787652317,37.40876638337723,42.3948997691471,5.921721990594224,37.23777361666948,41.5037288059742,5.89331787652317,-29.193632499425227,-27.617398048876822,-1.886406934550759,37.40876638337722,42.3948997691471,5.921721990594223,37.40876638337723,42.3948997691471,5.921721990594224,nan,-29.193632499425227,nan,-27.617398048876822,False,8.097898472990108,f35896ee1e79a88b,,-3.4354355737647726,-1.5247824639627234,-0.01983790049693024,-27.34603267972277,5,-6.3517203292593365,-9.227487330564474,1.015375897446731,0.9939943061616197,0.0,,,,,,,
65,66300,0,7,335,-8.314806517879383,-9.842637330051438,17.226697307934838,17.474635525321215,1.0143926727772812,0.0,-26.144100124343257,-26.144100124343257,-26.144100124343257,-26.140938649386733,-63.67155397676483,phase,36.97723278656739,40.62660286598395,5.850038668865016,37.46214572797816,41.37523256469563,5.9305889913584995,36.977232786567384,40.626602865983934,5.850038668865015,37.462145727978154,41.37523256469561,5.930588991358498,-27.925962431112026,-29.553009518615983,1.1643366393945218,36.97723278656739,40.62660286598395,5.850038668865016,36.977232786567384,40.626602865983934,5.850038668865015,nan,-27.925962431112026,nan,-29.553009518615983,False,6.227673229302188,bf07900925e4a896,,-8.314806517879383,-9.842637330051438,0.014392672777281179,-26.144100124343257,6,-9.217833547601176,-12.693224552763281,1.0179333427283617,0.9915262371823931,0.0,,,,,,,
66,67320,0,8,6264,10.805442062721268,9.371043602900116,17.34017751610897,17.468871338652317,1.0074217130951393,0.0,-21.85142086222344,-21.85142086222344,-21.85142086222344,-24.50079861212313,154.4966818308561,phase,36.72298509890912,41.95285738080892,5.807804833705835,37.182494144005624,41.34064384606689,5.884135239868044,36.72298509890912,41.95285738080894,5.807804833705835,37.182494144005624,41.340643846066875,5.884135239868044,-30.515987603019738,-30.2765638126626,1.242930364048437,36.72298509890912,41.95285738080892,5.807804833705835,36.72298509890912,41.95285738080894,5.807804833705835,nan,-30.515987603019738,nan,-30.2765638126626,False,6.367199743169747,22c6c26f6cb972bc,,10.805442062721268,9.371043602900116,0.007421713095139282,-21.85142086222344,7,-5.502556168224032,-9.38532896914727,1.0192554343418103,0.9902479303387667,0.0,,,,,,,
67,68340,0,7,2791,5.6031669933651145,5.032125828936932,16.628084302686997,16.784663419366844,1.0094165457565394,0.0,-24.64431923282799,-24.64431923282799,-24.64431923282799,-25.478132604597498,-102.02412018714269,phase,37.21924392601187,41.133522600434176,5.8902398548192485,37.139118428661384,41.02327488503157,5.876929971538437,37.21924392601186,41.133522600434176,5.890239854819247,37.13911842866139,41.02327488503158,5.876929971538438,-28.490112896628105,-29.762798654946092,0.4347604462534598,37.21924392601187,41.133522600434176,5.8902398548192485,37.21924392601186,41.133522600434176,5.890239854819247,nan,-28.490112896628105,nan,-29.762798654946092,False,5.925942345105629,b220cb0ccbc8eeed,align_margin=5.9,,,,,,,,,,,,,,,,,
67,68340,0,8,3516,-6.483740967696314,-5.123410821312067,19.20672277770436,18.573804842284893,0.9670470624924011,0.0,-28.187243819298494,-28.187243819298494,-28.187243819298494,-34.20914213832744,-7.166315662144959,phase,37.604961415330315,42.84852445147841,5.954312527463508,37.43537486118637,42.4011551859628,5.926142003519331,37.60496141533031,42.848524451478426,5.954312527463507,37.43537486118636,42.4011551859628,5.92614200351933,-29.011568518124076,-27.322945160608597,-2.017558411808235,37.604961415330315,42.84852445147841,5.954312527463508,37.60496141533031,42.848524451478426,5.954312527463507,nan,-29.011568518124076,nan,-27.322945160608597,False,6.443623073947238,339d5862e6f9c5aa,,-6.483740967696314,-5.123410821312067,-0.03295293750759887,-28.187243819298494,8,-7.728994470374591,-11.196182324675886,1.0133776287311846,0.9961530474736469,0.0,,,,,,,
68,69360,0,7,6200,-2.4187132746800906,-2.209365616768354,17.396077314715594,17.205325782747366,0.9890347962637032,0.0,-23.532522907642825,-23.532522907642825,-23.532522907642825,-24.392242461478393,-192.24467694977048,phase,36.798027791614246,41.5773552984528,5.820270397278114,36.60283084231401,40.912843201812734,5.787845654869439,36.798027791614246,41.5773552984528,5.820270397278114,36.60283084231401,40.912843201812734,5.787845654869439,-30.079264195187726,-30.128983603673976,0.057482342819608734,36.798027791614246,41.5773552984528,5.820270397278114,36.798027791614246,41.5773552984528,5.820270397278114,nan,-30.079264195187726,nan,-30.128983603673976,False,6.623929805123131,487fb207c12f7b61,,-2.4187132746800906,-2.209365616768354,-0.010965203736296836,-23.532522907642825,9,-8.564368789026135,-11.972446542137291,1.0114330476030373,0.9980857688530013,0.0,,,,,,,
69,70380,0,8,6931,2.9489879678618602,2.9864836170796965,17.42988942449439,18.206675864130247,1.0445663435216193,0.0,-21.42770163183577,-21.42770163183577,-21.42770163183577,-21.614333937664423,264.2951545497469,phase,37.568969304330565,41.22638892517884,5.948333771483483,37.56461685128953,41.22152376511012,5.947610772639457,37.568969304330565,41.226388925178846,5.948333771483483,37.56461685128953,41.221523765110135,5.947610772639457,-29.979688638281715,-31.38914781003878,0.06059553616490376,37.568969304330565,41.22638892517884,5.948333771483483,37.568969304330565,41.226388925178846,5.948333771483483,nan,-29.979688638281715,nan,-31.38914781003878,False,5.862381050395007,704ab7ac5f6e37b5,align_margin=5.9,,,,,,,,,,,,,,,,,
69,70380,0,7,5277,6.028678989562964,5.392725350821515,17.042201134070364,17.709169557962415,1.0391362840190088,0.0,-22.175327114814202,-22.175327114814202,-22.175327114814202,-22.606311231739195,534.8101210204115,phase,29.285419961385138,30.969515216716445,4.572328897240056,29.511607623006043,30.975099811057664,4.609901598505988,29.285419961385145,30.969515216716452,4.572328897240057,29.511607623006036,30.97509981105766,4.609901598505986,-29.466647665126406,-30.965373883487008,0.9645890044871757,29.285419961385138,30.969515216716445,4.572328897240056,29.285419961385145,30.969515216716452,4.572328897240057,nan,-29.466647665126406,nan,-30.965373883487008,False,5.272651629786606,f28fcad3d763f979,align_margin=5.3,,,,,,,,,,,,,,,,,
69,70380,0,8,4815,-3.160906399515204,-1.56038295181497,18.95022641664893,18.57687734727141,0.9802984375400648,0.0,-20.961795586688098,-20.961795586688098,-20.961795586688098,-20.99472925459392,239.26781988776906,phase,37.448004363789096,40.86897829062701,5.9282399275397175,37.91345899667477,42.77781073392571,6.005557972869564,37.4480043637891,40.86897829062703,5.928239927539718,37.91345899667478,42.777810733925705,6.005557972869565,-30.416400497806443,-31.569530286958877,-1.4025583183806445,37.448004363789096,40.86897829062701,5.9282399275397175,37.4480043637891,40.86897829062703,5.928239927539718,nan,-30.416400497806443,nan,-31.569530286958877,False,7.023500621610295,6328751583e7530a,,-3.160906399515204,-1.56038295181497,-0.01970156245993515,-20.961795586688098,10,-9.658180428315703,-12.519628007075775,1.0079458556147933,1.0015961014858221,0.0,,,,,,,
70,71400,0,8,2860,-2.1569493368054067,-2.9526127146669925,16.777298605303773,16.99038239368249,1.0127007209796788,0.0,-23.48793401467032,-23.48793401467032,-23.48793401467032,-25.775337005858596,84.23948445466678,phase,37.10700168404771,42.06896249139264,5.871594964127527,36.72516403011149,41.221811058050115,5.808166782410548,37.10700168404772,42.068962491392654,5.871594964127528,36.7251640301115,41.22181105805011,5.808166782410549,-29.16317375398291,-29.94867493015196,1.1447189615963347,37.10700168404771,42.06896249139264,5.871594964127527,37.10700168404772,42.068962491392654,5.871594964127528,nan,-29.16317375398291,nan,-29.94867493015196,False,5.823086084919272,a257ebf36963a588,align_margin=5.8,,,,,,,,,,,,,,,,,
70,71400,0,7,3850,9.141864721958159,8.255327223254895,17.545170441803553,18.18067439536934,1.036221019093187,0.0,-20.845189768547968,-20.845189768547968,-20.845189768547968,-22.618898124578212,533.605693348509,phase,37.28551746489264,42.08583177333615,5.901248748321038,37.66499551327997,42.37404027282512,5.964284968983384,37.285517464892635,42.08583177333615,5.901248748321036,37.66499551327997,42.37404027282512,5.964284968983384,-30.127301480424794,-30.99510411185416,0.8335112688867774,37.28551746489264,42.08583177333615,5.901248748321038,37.285517464892635,42.08583177333615,5.901248748321036,nan,-30.127301480424794,nan,-30.99510411185416,False,6.24727083950129,57252d7dcd11be52,,9.141864721958159,8.255327223254895,0.03622101909318709,-20.845189768547968,11,-6.483751330897828,-9.634867848911249,1.0143349001789896,0.9954692275870641,0.0,,,,,,,
71,72420,0,7,1221,3.667889176973617,4.057966733997954,16.875972765542603,16.81269079052601,0.9962501731961904,0.0,-23.559272439678296,-23.559272439678296,-23.559272439678296,-24.883567377312687,-265.4146948434657,phase,29.914888542114745,31.067171340665215,4.676891784404443,30.04884448180885,31.25184998136276,4.699143601629377,29.91488854211475,31.067171340665215,4.676891784404443,30.048844481808846,31.251849981362753,4.699143601629377,-30.058494138710195,-30.005991670811653,-0.2410369789039506,29.914888542114745,31.067171340665215,4.676891784404443,29.91488854211475,31.067171340665215,4.676891784404443,nan,-30.058494138710195,nan,-30.005991670811653,False,7.055325629922197,087f2c8ba1060624,,3.667889176973617,4.057966733997954,-0.0037498268038096416,-23.559272439678296,12,-5.218132636604421,-8.208115200472335,1.0136692736445618,0.9961249328769309,0.0,,,,,,,
72,73440,0,8,1180,1.6715046935364994,2.6594519248353814,16.482054172645856,16.679797875618288,1.0119975156555796,0.0,-28.68093130861806,-28.68093130861806,-28.68093130861806,-30.645350873582654,-165.66027893815408,phase,37.62781829696344,41.75176764699256,5.958109351655057,36.68398811582497,40.720758902341686,5.801326929539032,37.62781829696345,41.75176764699256,5.958109351655058,36.683988115824974,40.720758902341686,5.801326929539033,-28.919072290521527,-28.32438814569317,-0.45520904550349806,37.62781829696344,41.75176764699256,5.958109351655057,37.62781829696345,41.75176764699256,5.958109351655058,nan,-28.919072290521527,nan,-28.32438814569317,False,7.087855857841938,2a920ae3a1d20f92,,1.6715046935364994,2.6594519248353814,0.011997515655579605,-28.68093130861806,13,-4.640995045529611,-7.273686051104399,1.0157975384160847,0.9940582980768066,0.0,,,,,,,
73,74460,0,8,3020,2.093171480332913,0.8205586720246647,17.6324219334242,17.28759210244968,0.9804434222209225,0.0,-23.804317511896507,-23.804317511896507,-23.804317511896507,-23.855174301190246,85.80344001239783,phase,37.83548808755653,41.593661853655846,5.992605994610719,37.42169760138499,42.139224230446615,5.9238700334526575,37.83548808755653,41.593661853655846,5.992605994610719,37.42169760138499,42.13922423044663,5.9238700334526575,-29.030396187055516,-30.75453416655879,1.2089071287003037,37.83548808755653,41.593661853655846,5.992605994610719,37.83548808755653,41.593661853655846,5.992605994610719,nan,-29.030396187055516,nan,-30.75453416655879,False,5.451494034024394,1265ee47b0661863,align_margin=5.5,,,,,,,,,,,,,,,,,
73,74460,0,8,3808,-5.384212989820814,-6.644171951299009,17.70467366506925,17.24170772703407,0.9738506370242452,0.0,-25.662058369439166,-25.662058369439166,-25.662058369439166,-25.65971336936906,-54.443074858030975,phase,37.60720014448801,42.4628285622653,5.9546844093833915,37.474575198151314,41.825898557133726,5.932653687400551,37.607200144488,42.46282856226526,5.954684409383389,37.4745751981513,41.82589855713371,5.932653687400549,-28.31836669831099,-30.042714042890218,0.8236102244534917,37.60720014448801,42.4628285622653,5.9546844093833915,37.607200144488,42.46282856226526,5.954684409383389,nan,-28.31836669831099,nan,-30.042714042890218,False,6.39004082608264,c103749d81ef0ee7,,-5.384212989820814,-6.644171951299009,-0.026149362975754764,-25.662058369439166,14,-6.496162512636997,-9.613046013647537,1.0111491081712485,0.998729392695184,0.0,,,,,,,
74,75480,0,8,4916,-1.2380287237804777,-0.2595382576764315,16.489165643930093,16.616518721577794,1.007723439766316,0.0,-20.956966845309573,-20.956966845309573,-20.956966845309573,-21.00140765688735,167.43961003828127,phase,36.731247918793926,41.93910625259856,5.8091773951484935,36.74968249545375,40.97568343036806,5.812239617185009,36.7312479187939,41.93910625259853,5.809177395148489,36.74968249545375,40.975683430368065,5.812239617185009,-30.437060576406378,-31.544045146008727,-0.5455510057222659,36.731247918793926,41.93910625259856,5.8091773951484935,36.7312479187939,41.93910625259853,5.809177395148489,nan,-30.437060576406378,nan,-31.544045146008727,False,6.32646217588218,793e8ea554f2d8e0,,-1.2380287237804777,-0.2595382576764315,0.007723439766315954,-20.956966845309573,15,-6.924694812988669,-9.703999970596389,1.0125157792868003,0.9973898539383045,0.0,,,,,,,
75,76500,0,7,2392,1.6167296415192967,-0.10909708108526353,17.134363749724606,17.07242650603649,0.9963852031745788,0.0,-25.836066959019014,-25.836066959019014,-25.836066959019014,-26.29554777784703,47.7241521595864,phase,36.900726448333046,41.65542883540098,5.8373299748061545,37.131916673854825,41.66235593999983,5.875733666753294,36.900726448333046,41.655428835400976,5.8373299748061545,37.131916673854825,41.66235593999982,5.875733666753294,-28.254140392255188,-29.72628314830928,0.9294203970494775,36.900726448333046,41.65542883540098,5.8373299748061545,36.900726448333046,41.655428835400976,5.8373299748061545,nan,-28.254140392255188,nan,-29.72628314830928,False,7.503814758236899,edc9afe1a829f05e,,1.6167296415192967,-0.10909708108526353,-0.003614796825421207,-25.836066959019014,16,-6.365834016833637,-9.742283875559998,1.0118752724924855,0.9980230812198734,0.0,,,,,,,
76,77520,0,8,6412,2.7566623064074065,2.9273892883979538,17.147774079784597,16.661459231194513,0.9716397681514012,0.0,-27.078304500036893,-27.078304500036893,-27.078304500036893,-27.845438055741887,-34.03316262991806,phase,36.94234952601808,40.89047502347732,5.844244107311973,36.89667367902168,41.10057437714866,5.836656757312572,36.94234952601808,40.89047502347732,5.844244107311973,36.89667367902167,41.10057437714865,5.83665675731257,-29.112262643123778,-28.957801489706423,-0.8929508959688106,36.94234952601808,40.89047502347732,5.844244107311973,36.94234952601808,40.89047502347732,5.844244107311973,nan,-29.112262643123778,nan,-28.957801489706423,False,6.149769224905916,aff5f8204c698952,,2.7566623064074065,2.9273892883979538,-0.028360231848598816,-27.078304500036893,17,-5.412325384424837,-8.715668088591482,1.006853294459779,1.0031208851671247,0.0,,,,,,,
77,78540,0,8,1572,3.9502204861999135,4.077411447969411,18.728833916058065,19.653549731016863,1.04937391292503,0.0,-25.50575026131284,-25.50575026131284,-25.50575026131284,-25.634994717350253,135.64152200464636,phase,37.80343516625741,42.48797234759251,5.987281589079305,37.7449693616094,42.125600361690786,5.977569661396911,37.80343516625741,42.48797234759251,5.987281589079305,37.74496936160941,42.12560036169079,5.977569661396912,-29.788015449925634,-29.921519538204635,-0.14854062045994,37.80343516625741,42.48797234759251,5.987281589079305,37.80343516625741,42.48797234759251,5.987281589079305,nan,-29.788015449925634,nan,-29.921519538204635,False,8.276212656124766,7e7d725baad2e788,,3.9502204861999135,4.077411447969411,0.049373912925029906,-25.50575026131284,18,-4.039158928320839,-7.2930140217772585,1.0155529446653428,0.9948612929857196,0.0,,,,,,,
78,79560,0,7,191,-6.704490035831933,-6.002788519482223,17.575165692190122,17.846016842077308,1.0154110154425198,0.0,-21.04316701446316,-21.04316701446316,-21.04316701446316,-21.222708559556978,267.055067759394,phase,37.883698380445765,42.29508251759483,6.000614348911257,37.96561478114941,42.241805232984646,6.014221724443424,37.883698380445765,42.29508251759483,6.000614348911257,37.96561478114941,42.24180523298465,6.014221724443424,-30.087851215759226,-31.44602450317346,-1.1418973507702876,37.883698380445765,42.29508251759483,6.000614348911257,37.883698380445765,42.29508251759483,6.000614348911257,nan,-30.087851215759226,nan,-31.44602450317346,False,6.099911147087518,35707d938deb018f,,-6.704490035831933,-6.002788519482223,0.015411015442519771,-21.04316701446316,19,-6.3497932727610955,-9.404842069196263,1.0182918175351063,0.9922189452660919,0.0,,,,,,,
79,80580,0,8,2091,-2.4427418112325316,-2.009588227687865,18.04680498665831,18.090650484510608,1.0024295435056074,0.0,-21.330772425813173,-21.330772425813173,-21.330772425813173,-22.31512854249993,-48.20663696662974,phase,37.62470433305629,41.88355442310118,5.95759208190304,37.72260064309566,42.06725232627914,5.973853927424529,37.62470433305628,41.883554423101145,5.957592081903037,37.722600643095674,42.06725232627917,5.973853927424531,-29.99777697879161,-31.05099193658885,-0.7095797968244306,37.62470433305629,41.88355442310118,5.95759208190304,37.62470433305628,41.883554423101145,5.957592081903037,nan,-29.99777697879161,nan,-31.05099193658885,False,7.957402267765604,407e70c15d01bf9a,,-2.4427418112325316,-2.009588227687865,0.0024295435056074233,-21.330772425813173,20,-7.189395063926338,-10.113713717985561,1.0187247647827247,0.9917981058721513,0.0,19,-23.932944594934646,0.6409047199980018,-23.932944594934646,move+1:OK,1,28
80,81600,0,7,3951,1.5016820951229577,1.946855953016124,16.27320307425217,17.325101367565107,1.0646399045420427,0.0,-19.976144019659824,-19.976144019659824,-19.976144019659824,-21.383534377859426,6.417285032271391,phase,36.71600326877317,40.78292177115384,5.806645061258003,36.94298530101102,40.6461983896844,5.844349717775918,36.71600326877318,40.782921771153866,5.806645061258004,36.94298530101103,40.64619838968443,5.844349717775919,-30.15034280572365,-31.561216596733193,0.0936058908180799,36.71600326877317,40.78292177115384,5.806645061258003,36.71600326877318,40.782921771153866,5.806645061258004,nan,-30.15034280572365,nan,-31.561216596733193,False,6.237088982308972,5aacd9e9f14f17b0,,1.5016820951229577,1.946855953016124,0.06463990454204271,-19.976144019659824,1,-6.6734669629685355,-9.42667914963816,1.0302485623040043,0.9812600792984405,0.0,,,,,,,
81,82620,0,8,2635,-4.321712965567334,-5.404466426836189,19.296889415900612,18.54727417069445,0.9611535709693978,0.0,-16.789286762807624,-16.789286762807624,-16.789286762807624,-32.472715564101165,-329.11579197605516,phase,37.51466552186094,41.432078206021444,5.939313209611453,37.40715477141735,41.582706333579125,5.921454280966339,37.51466552186096,41.432078206021444,5.9393132096114565,37.40715477141735,41.58270633357914,5.921454280966339,-32.17847899334948,-28.02056334684127,0.856885717613662,37.51466552186094,41.432078206021444,5.939313209611453,37.51466552186096,41.432078206021444,5.9393132096114565,nan,-32.17847899334948,nan,-28.02056334684127,False,7.19465572307401,f159bf20f518ebad,,-4.321712965567334,-5.404466426836189,-0.0388464290306022,-16.789286762807624,2,-8.141655896487505,-11.354367118708556,1.0232448037136055,0.9882004153247659,0.0,,,,,,,
82,83640,0,8,524,8.492680068559896,7.993207428450356,17.203743383215837,16.52093171172681,0.96031028501883,0.0,-20.076428810836518,-20.076428810836518,-20.076428810836518,-24.34328409365774,-335.39953570256745,phase,36.770775470443425,41.84369627318251,5.815743433628477,36.76407334469668,41.90821400385843,5.814630123703769,36.77077547044344,41.84369627318253,5.815743433628479,36.76407334469668,41.90821400385843,5.814630123703769,-30.25511739991436,-30.404627772622575,0.029967952966803324,36.770775470443425,41.84369627318251,5.815743433628477,36.77077547044344,41.84369627318253,5.815743433628479,nan,-30.25511739991436,nan,-30.404627772622575,False,6.705661283125764,83f6c2d25afa14fe,,8.492680068559896,7.993207428450356,-0.03968971498117002,-20.076428810836518,3,-5.236742025233765,-8.523339569465719,1.016137652155918,0.9953478382484465,0.0,,,,,,,
