iteration,cycles,rotation,events_used,align_n0,offset_a_codes,offset_b_codes,gain_a_codes,gain_b_codes,gain_ratio,tone_ratio,skew_a_ps,skew_b_ps,skew_mismatch_ps,skew_phase_ps,skew_diff_route_ps,skew_centroid_ps,skew_source,skew_used_ps,skew_observable,gain_mag_ratio,skew_slope_ps,skew_fold_ps,phase_a_samples,phase_b_samples,dither_peak_a_codes,dbc_ab_coherent,dbc_ab_coherent_cal,snr_dither_db,snr_dither_db_cal,raw_a_sndr_db,raw_a_sfdr_db,raw_a_enob,raw_b_sndr_db,raw_b_sfdr_db,raw_b_enob,cal_a_sndr_db,cal_a_sfdr_db,cal_a_enob,cal_b_sndr_db,cal_b_sfdr_db,cal_b_enob,raw_difference_dbc,cal_difference_dbc,cal_dc_difference_codes,raw_sndr_db,raw_sfdr_db,raw_enob,cal_sndr_db,cal_sfdr_db,cal_enob,raw_offset_spur_dbc,raw_image_spur_dbc,cal_offset_spur_dbc,cal_image_spur_dbc,swapped,align_margin,frame_sha1,rejected,offset_error_a,offset_error_b,gain_error,gain_source,skew_error_ps,skew_batch_n,offset_a_state,offset_b_state,gain_corr_a,gain_corr_b,skew_cmd_ps,skew_batch_used,skew_batch_mean_ps,skew_batch_se_ps,skew_batch_error_ps,skew_action,skew_step_codes,skew_code
0,0,0,8,7664,-1.133247849817053,-3.803756262440686,16.901163938498485,16.612232035996534,0.9829046151168439,0.9833156568677157,0.0,-17.252679126822823,-17.252679126822823,-17.252679126822823,-21.681868176750726,-39.88238008235001,phase,-17.252679126822823,phase,nan,nan,nan,nan,nan,nan,nan,nan,nan,nan,36.94810220618505,40.5470858023058,5.845199702024095,37.14617022969476,41.410852436761935,5.878101367058931,36.94810220618505,40.5470858023058,5.845199702024095,37.14617022969476,41.410852436761935,5.878101367058931,-31.264723493683757,-31.264723493683757,2.184313725490196,36.94810220618505,40.5470858023058,5.845199702024095,36.94810220618505,40.5470858023058,5.845199702024095,nan,-31.264723493683757,nan,-31.264723493683757,False,6.350183257942444,99d74ca5a402d600,,-1.133247849817053,-3.803756262440686,-0.016684343132284285,tone,-17.252679126822823,1,-0.39663674743596855,-1.33131469185424,0.9970802399518502,1.0029693008829437,0.0,,,,,,,
1,1020,0,8,6412,-2.6235534867770007,-3.7891302522886026,18.290321171671597,18.319444936309843,1.0015923047148758,0.9887757337323129,0.0,-16.73432579018035,-16.73432579018035,-16.73432579018035,-18.899319861715618,-104.01572057964368,phase,-16.73432579018035,phase,nan,nan,nan,nan,nan,nan,nan,nan,nan,nan,37.287453860850135,40.736703602626335,5.901570408779093,37.076240957039424,41.96221807829252,5.866485208810536,37.28745386085013,40.73670360262633,5.901570408779092,37.076240957039424,41.96221807829251,5.866485208810536,-31.437327662598697,-32.474787239353006,2.0112830671467368,37.287453860850135,40.736703602626335,5.901570408779093,37.28745386085013,40.73670360262633,5.901570408779092,nan,-31.437327662598697,nan,-32.474787239353006,False,6.662347773944113,ca7eb460d8b0aab4,,-2.6235534867770007,-3.7891302522886026,-0.011224266267687133,tone,-16.73432579018035,2,-1.3175693700865718,-2.653584064539447,0.9951217284837431,1.0049617436268237,0.0,,,,,,,
2,2040,0,8,7392,3.4900085037525415,2.4234222877090885,19.903579200798827,20.299653764508903,1.0198996652669476,0.993456843202173,0.0,-16.89834705471053,-16.89834705471053,-16.89834705471053,-17.63382244102685,-66.93703558920944,phase,-16.89834705471053,phase,nan,nan,nan,nan,nan,nan,nan,nan,nan,nan,37.45091289862522,41.363111606017625,5.928723072861333,37.48209909244802,41.85342136810944,5.933903503728907,37.45091289862521,41.363111606017604,5.928723072861332,37.482099092448,41.853421368109444,5.933903503728905,-31.48565970717599,-33.04020834352106,1.1048352168055677,37.45091289862522,41.363111606017625,5.928723072861333,37.45091289862521,41.363111606017604,5.928723072861332,nan,-31.48565970717599,nan,-33.04020834352106,False,7.792382748000785,1b364a1d03686ee4,,3.4900085037525415,2.4234222877090885,-0.006543156797827021,tone,-16.89834705471053,3,-0.09007835933899133,-1.8095740252745638,0.9939822619208243,1.00612005654614,0.0,,,,,,,
3,3060,0,7,880,-8.182359157672789,-10.704326810093749,16.65687278616786,16.243659730834334,0.9751926390602764,0.995237807410405,0.0,-16.886816327170177,-16.886816327170177,-16.886816327170177,-17.269215912194735,63.52376985249,phase,-16.886816327170177,phase,nan,nan,nan,nan,nan,nan,nan,nan,nan,nan,36.43025770623999,39.618953933154366,5.759179020970099,37.43601753422012,40.698164944068,5.92624875983723,36.43025770624,39.61895393315436,5.7591790209701,37.43601753422013,40.69816494406798,5.9262487598372315,-31.47158350092978,-33.45201609002588,2.217558455260206,36.43025770623999,39.618953933154366,5.759179020970099,36.43025770624,39.61895393315436,5.7591790209701,nan,-31.47158350092978,nan,-33.45201609002588,False,6.428812652115169,44eab235af6bf105,,-8.182359157672789,-10.704326810093749,-0.004762192589594982,tone,-16.886816327170177,4,-2.971242153601543,-5.533299001391268,0.9931538933024904,1.0069625527338086,0.0,,,,,,,
4,4080,0,8,2976,2.792659222722265,1.943271010524541,17.497714913559278,17.582616196546414,1.0048521354592048,0.9970446355278548,0.0,-16.908072097569544,-16.908072097569544,-16.908072097569544,-17.047116614344667,-57.968745145920224,phase,-16.908072097569544,phase,nan,nan,nan,nan,nan,nan,nan,nan,nan,nan,36.89070794489975,40.8416996021723,5.835665771578032,36.806338311144614,40.56398506823325,5.821650882249937,36.890707944899745,40.8416996021723,5.835665771578031,36.80633831114461,40.56398506823325,5.821650882249935,-31.16394315705665,-33.12929709586173,0.5388302349907044,36.89070794489975,40.8416996021723,5.835665771578032,36.890707944899745,40.8416996021723,5.835665771578031,nan,-31.16394315705665,nan,-33.12929709586173,False,5.625781862269029,4bb5991a001f8a6b,align_margin=5.6,,,,,,,,,,,,,,,,,,
4,4080,0,7,750,0.09146918909994883,-1.2252942872478192,15.183403962044883,15.155981522586268,0.9981939201823804,0.9972848711210546,0.0,-16.61657982963241,-16.61657982963241,-16.61657982963241,-16.735022235721267,-9.01847711051874,phase,-16.61657982963241,phase,nan,nan,nan,nan,nan,nan,nan,nan,nan,nan,30.036402968560537,31.770161497340716,4.697076905076501,30.02489102821449,31.742433431685875,4.695164622626992,30.03640296856053,31.770161497340705,4.6970769050765,30.02489102821449,31.74243343168587,4.695164622626992,-31.528797858972393,-33.50488825801298,1.2352849507186368,30.036402968560537,31.770161497340716,4.697076905076501,30.03640296856053,31.770161497340705,4.6970769050765,nan,-31.528797858972393,nan,-33.50488825801298,False,5.8530365530224655,75a761e3a603939b,align_margin=5.9,,,,,,,,,,,,,,,,,,
4,4080,0,8,384,-2.3257799016375547,-2.440575248237269,17.206031419891897,17.155997994224503,0.9970920995988912,0.9973006730441932,0.0,-16.396906946760954,-16.396906946760954,-16.396906946760954,-16.515891384767883,235.6296261741301,phase,-16.396906946760954,phase,nan,nan,nan,nan,nan,nan,nan,nan,nan,nan,36.90322151851875,41.04146063377059,5.837744438292152,36.92427430933545,41.011557904284786,5.84124157962383,36.90322151851875,41.04146063377059,5.837744438292152,36.924274309335466,41.0115579042848,5.841241579623833,-31.830458195158403,-33.899740200664716,-0.029774904918627942,36.90322151851875,41.04146063377059,5.837744438292152,36.90322151851875,41.04146063377059,5.837744438292152,nan,-31.830458195158403,nan,-33.899740200664716,False,6.433084447473574,680bb9d9a6538186,,-2.3257799016375547,-2.440575248237269,-0.002699326955806769,tone,-16.396906946760954,5,-3.7908764228347938,-6.381594039338775,0.9926847450642857,1.00743951140457,0.0,,,,,,,
5,5100,0,7,3048,-0.987352141239384,-2.0451202500293473,18.104202342985243,18.695045706346548,1.0326357025936708,0.9970101819068624,0.0,-16.96168360575462,-16.96168360575462,-16.96168360575462,-17.104376080516815,70.39114596293891,phase,-16.96168360575462,phase,nan,nan,nan,nan,nan,nan,nan,nan,nan,nan,38.046193783148695,42.582130875471414,6.027606940722375,37.442666934214415,41.72403253287037,5.927353311331299,38.04619378314869,42.58213087547141,6.027606940722374,37.4426669342144,41.72403253287035,5.927353311331297,-31.188134374660393,-33.32081696604615,1.3677702391785154,38.046193783148695,42.582130875471414,6.027606940722375,38.04619378314869,42.58213087547141,6.027606940722374,nan,-31.188134374660393,nan,-33.32081696604615,False,5.57383660534208,0338a08f73e21b58,align_margin=5.6,,,,,,,,,,,,,,,,,,
5,5100,0,7,1496,-4.658318669444066,-4.970995772106081,18.966822190913547,18.632724481539785,0.9823851509751688,0.9981217146057024,0.0,-16.664407617356666,-16.664407617356666,-16.664407617356666,-16.71559248119326,-126.70647366498692,phase,-16.664407617356666,phase,nan,nan,nan,nan,nan,nan,nan,nan,nan,nan,38.17466093354326,42.64435257445265,6.048946998927453,37.43539853930343,41.315722890864315,5.926145936761367,38.17466093354324,42.64435257445264,6.048946998927449,37.43539853930342,41.31572289086431,5.926145936761366,-31.563325561070435,-33.67677453808544,0.08954911198568816,38.17466093354326,42.64435257445265,6.048946998927453,38.17466093354324,42.64435257445264,6.048946998927449,nan,-31.563325561070435,nan,-33.67677453808544,False,7.09740513136704,19e35c39efb3fcdf,,-4.658318669444066,-4.970995772106081,-0.0018782853942975741,tone,-16.664407617356666,6,-5.433302724248178,-8.10859451980577,0.9923584496441714,1.0077712798714198,0.0,,,,,,,
6,6120,0,8,3130,0.9730439270627063,1.1901136852571446,17.08430798268222,17.57695133059382,1.0288360142190702,0.9986950092376474,0.0,-16.590354630940656,-16.590354630940656,-16.590354630940656,-16.61211698875172,309.28193306873226,phase,-16.590354630940656,phase,nan,nan,nan,nan,nan,nan,nan,nan,nan,nan,37.08692771084165,41.003558211944465,5.868260417083332,37.50583469051832,41.6614760727676,5.937846294106034,37.086927710841636,41.00355821194444,5.868260417083329,37.50583469051831,41.661476072767584,5.937846294106032,-31.561169459744306,-33.499210709537664,0.0854950385244263,37.08692771084165,41.003558211944465,5.868260417083332,37.086927710841636,41.00355821194444,5.868260417083329,nan,-31.561169459744306,nan,-33.499210709537664,False,5.861389461055928,6dd59392b96e55bd,align_margin=5.9,,,,,,,,,,,,,,,,,,
6,6120,0,8,1796,-0.28846268682334275,0.8139334483237299,18.05609979938067,18.561363636028346,1.0279829997763419,0.9984365609885127,0.0,-16.927234858019172,-16.927234858019172,-16.927234858019172,-16.9603000407337,204.916411568352,phase,-16.927234858019172,phase,nan,nan,nan,nan,nan,nan,nan,nan,nan,nan,37.23889247398376,41.63730661960746,5.8935037332198945,37.06864734689252,41.53005672565605,5.865223811776167,37.23889247398376,41.63730661960747,5.8935037332198945,37.068647346892526,41.53005672565606,5.8652238117761675,-31.16557542833256,-33.124546028522516,-0.6515212230004259,37.23889247398376,41.63730661960746,5.8935037332198945,37.23889247398376,41.63730661960747,5.8935037332198945,nan,-31.16557542833256,nan,-33.124546028522516,False,6.885735427555368,128441b922e69edc,,-0.28846268682334275,0.8139334483237299,-0.0015634390114872554,tone,-16.927234858019172,7,-5.5350421112855654,-7.825914597681325,0.9920869385592996,1.0080474396938408,0.0,,,,,,,
7,7140,0,8,4278,2.7546118861868862,1.7986756703293931,16.210821864240717,15.959865717176315,0.9845192212235714,0.9990866970155385,0.0,-16.987303504613696,-16.987303504613696,-16.987303504613696,-16.995189761644724,121.11662791935986,phase,-16.987303504613696,phase,nan,nan,nan,nan,nan,nan,nan,nan,nan,nan,29.50683110022785,31.150330042742503,4.609108156184028,29.729533245695407,31.261084433370186,4.646101868055715,29.506831100227853,31.150330042742507,4.609108156184028,29.729533245695407,31.26108443337018,4.646101868055715,-31.612714170346997,-33.30676193007451,0.83317112867929,29.50683110022785,31.150330042742503,4.609108156184028,29.506831100227853,31.150330042742507,4.609108156184028,nan,-31.612714170346997,nan,-33.30676193007451,False,5.34920731583201,a9494f98b34c966f,align_margin=5.3,,,,,,,,,,,,,,,,,,
7,7140,0,7,2824,7.331296090525085,5.784321188361496,17.549337894547833,17.59002480224473,1.0023184297858632,0.9996454205781521,0.0,-16.51006355324255,-16.51006355324255,-16.51006355324255,-16.50953804545756,325.94927383803235,phase,-16.51006355324255,phase,nan,nan,nan,nan,nan,nan,nan,nan,nan,nan,36.991345156401366,40.59532781089687,5.852382916345743,37.02514385795721,40.859129643671956,5.857997318597544,36.99134515640137,40.59532781089689,5.852382916345744,37.02514385795721,40.85912964367195,5.857997318597544,-31.896943441647302,-33.80660129757226,1.5596152165673738,36.991345156401366,40.59532781089687,5.852382916345743,36.99134515640137,40.59532781089689,5.852382916345744,nan,-31.896943441647302,nan,-33.80660129757226,False,6.284916257377024,843cab00e0bb0b9b,,7.331296090525085,5.784321188361496,-0.00035457942184791147,tone,-16.51006355324255,8,-2.9486219781770333,-5.817564259981545,0.9920253781770075,1.0081100126346314,0.0,,,,,,,
8,8160,0,8,248,-4.309282985601843,-4.590369655982212,17.203522410343467,17.72479048381473,1.0303000781489873,0.9988562081820284,0.0,-17.131435774206754,-17.131435774206754,-17.131435774206754,-17.146689804073315,250.97708199364635,phase,-17.131435774206754,phase,nan,nan,nan,nan,nan,nan,nan,nan,nan,nan,36.83971749073541,41.07880662139998,5.827195596467677,37.8195671398109,42.05192899803593,5.989961318905466,36.839717490735396,41.07880662139996,5.827195596467674,37.819567139810914,42.051928998035976,5.989961318905468,-31.55426386236847,-33.479364498145884,0.18184635129839943,36.83971749073541,41.07880662139998,5.827195596467677,36.839717490735396,41.07880662139996,5.827195596467674,nan,-31.55426386236847,nan,-33.479364498145884,False,6.7589735136773434,7b43cf1fe603e860,,-4.309282985601843,-4.590369655982212,-0.00114379181797164,tone,-17.131435774206754,9,-4.468995426417112,-7.411268676620509,0.9918268108376213,1.008312030598337,0.0,,,,,,,
9,9180,0,7,1496,-2.61630639011719,-3.55044961501087,19.798347992766114,20.376576283709472,1.0292058858221216,0.999028265691764,0.0,-16.827810089696666,-16.827810089696666,-16.827810089696666,-16.838646308358392,59.717662981991175,phase,-16.827810089696666,phase,nan,nan,nan,nan,nan,nan,nan,nan,nan,nan,38.07079217532147,42.3488606073314,6.031693052378983,38.39584949001419,42.34533319752592,6.085689284055515,38.07079217532147,42.348860607331396,6.031693052378983,38.3958494900142,42.34533319752593,6.0856892840555155,-31.426196754637118,-33.55269048087717,0.3683757148435651,38.07079217532147,42.3488606073314,6.031693052378983,38.07079217532147,42.348860607331396,6.031693052378983,nan,-31.426196754637118,nan,-33.55269048087717,False,6.8498638370390585,4d3744234cfedcfa,,-2.61630639011719,-3.55044961501087,-0.0009717343082360497,tone,-16.827810089696666,10,-5.392248585673494,-8.643682183098663,0.9916581472131354,1.0084836643746355,0.0,,,,,,,
10,10200,0,7,6317,7.08570366704119,8.624765220471,18.006196355280515,17.60850860122773,0.9779138388693535,1.0002846394134983,0.0,-16.724305141999206,-16.724305141999206,-16.724305141999206,-16.727237104908447,-392.7919522843195,phase,-16.724305141999206,phase,nan,nan,nan,nan,nan,nan,nan,nan,nan,nan,37.04217089026102,43.1466152504039,5.86082572927924,37.179320284956916,42.40311325758359,5.883608020756964,37.04217089026102,43.14661525040389,5.86082572927924,37.17932028495693,42.40311325758361,5.883608020756966,-31.47328775161646,-33.534961781059444,-1.8143602292865655,37.04217089026102,43.1466152504039,5.86082572927924,37.04217089026102,43.14661525040389,5.86082572927924,nan,-31.47328775161646,nan,-33.534961781059444,False,5.614822458587637,5f6bcdce493264d3,align_margin=5.6,,,,,,,,,,,,,,,,,,
10,10200,0,8,1700,-4.325199302735964,-3.5766850964270165,18.962620592873353,19.250690481151416,1.0151914597914977,1.0003283794985516,0.0,-16.681382655064443,-16.681382655064443,-16.681382655064443,-16.686966950316005,398.743876315587,phase,-16.681382655064443,phase,nan,nan,nan,nan,nan,nan,nan,nan,nan,nan,37.329094457171415,41.91364522675088,5.908487451357379,37.32503633412297,41.34182213676599,5.9078133445387,37.329094457171415,41.913645226750866,5.908487451357379,37.32503633412296,41.34182213676599,5.907813344538699,-31.90566935795357,-33.70507850911673,-1.070724249990116,37.329094457171415,41.91364522675088,5.908487451357379,37.329094457171415,41.913645226750866,5.908487451357379,nan,-31.90566935795357,nan,-33.70507850911673,False,8.310725456435302,8c132ff579f3f18e,,-4.325199302735964,-3.5766850964270165,0.00032837949855157866,tone,-16.681382655064443,11,-6.918802630746271,-9.884991118455318,0.9917151342490308,1.0084257294612726,0.0,,,,,,,
11,11220,0,7,878,3.660912475644187,3.3319608696684604,15.790075313335764,15.126363420409994,0.9579665150573904,1.0002579367123523,0.0,-16.787315800736227,-16.787315800736227,-16.787315800736227,-16.789116226992434,44.015661893818034,phase,-16.787315800736227,phase,nan,nan,nan,nan,nan,nan,nan,nan,nan,nan,29.626323324277294,30.834085047042237,4.6289573628367595,29.911342608450884,31.313005364544747,4.676302758878885,29.62632332427729,30.834085047042233,4.6289573628367595,29.911342608450884,31.313005364544747,4.676302758878885,-30.948192076625727,-33.00591133838245,0.7876326850904145,29.626323324277294,30.834085047042237,4.6289573628367595,29.62632332427729,30.834085047042233,4.6289573628367595,nan,-30.948192076625727,nan,-33.00591133838245,False,6.289801191204525,a1705748da053423,,3.660912475644187,3.3319608696684604,0.0002579367123523024,tone,-16.787315800736227,12,-5.626779022126306,-8.728548685151907,0.9917598992037615,1.0083802219463025,0.0,,,,,,,
12,12240,0,8,6016,1.2144447243105732,1.9910838705302603,16.220519176518074,16.514844865588376,1.018145269326298,1.0001471252720004,0.0,-17.022710155055872,-17.022710155055872,-17.022710155055872,-17.02490530114846,-210.81961832157742,phase,-17.022710155055872,phase,nan,nan,nan,nan,nan,nan,nan,nan,nan,nan,37.27712531549851,41.4142056286949,5.899854703571181,36.480522961144224,40.55427907860884,5.767528731087081,37.27712531549851,41.41420562869491,5.899854703571181,36.48052296114423,40.55427907860885,5.767528731087082,-31.40180883898759,-33.30035869297546,-0.6499789650579332,37.27712531549851,41.4142056286949,5.899854703571181,37.27712531549851,41.41420562869491,5.899854703571181,nan,-31.40180883898759,nan,-33.30035869297546,False,6.142163367680581,586a303065f603ee,,1.2144447243105732,1.9910838705302603,0.0001471252720004479,tone,-17.022710155055872,13,-5.19819176643069,-8.037460800325562,0.9917854339691242,1.008354263077982,0.0,,,,,,,
13,13260,0,8,1170,6.089310045379154,5.988951584339945,16.4592710144113,17.15133595030951,1.0420471195408505,0.9996746511695662,0.0,-16.88632482697135,-16.88632482697135,-16.88632482697135,-16.887935250524365,-173.8433339769002,phase,-16.88632482697135,phase,nan,nan,nan,nan,nan,nan,nan,nan,nan,nan,29.831561123479776,31.127752264549716,4.663050020511591,29.463526636694684,30.637245587522642,4.601914723703436,29.831561123479787,31.127752264549727,4.663050020511593,29.463526636694684,30.637245587522646,4.601914723703436,-31.56596313826537,-33.52056915109675,0.24076755626854318,29.831561123479776,31.127752264549716,4.663050020511591,29.831561123479787,31.127752264549727,4.663050020511593,nan,-31.56596313826537,nan,-33.52056915109675,False,7.097998139440214,66e29d732bd22a10,,6.089310045379154,5.988951584339945,-0.0003253488304337804,tone,-16.88632482697135,14,-3.049280880178399,-5.958694307961485,0.9917289656287023,1.008411693466919,0.0,,,,,,,
14,14280,0,8,7906,-9.790381102888325,-8.958829237090523,16.778753070002324,16.617779488440362,0.9904061058118939,1.0000326624993274,0.0,-17.674792288676414,-17.674792288676414,-17.674792288676414,-17.675099472384765,-101.0777777470514,phase,-17.674792288676414,phase,nan,nan,nan,nan,nan,nan,nan,nan,nan,nan,37.168249916185246,40.66432192765425,5.881769089067317,37.31450303856127,41.63086279501272,5.906063627667986,37.168249916185246,40.66432192765424,5.881769089067317,37.31450303856128,41.63086279501273,5.9060636276679865,-31.11165726753815,-33.05215830950723,-0.1898128555903238,37.168249916185246,40.66432192765425,5.881769089067317,37.168249916185246,40.66432192765424,5.881769089067317,nan,-31.11165726753815,nan,-33.05215830950723,False,6.306851499492718,5b45be51e94b4d82,,-9.790381102888325,-8.958829237090523,3.266249932742937e-05,tone,-17.674792288676414,15,-6.504492439758707,-9.068128930046761,0.99173463428937,1.0084059296370846,0.0,,,,,,,
15,15300,0,8,4140,1.5962926490662344,1.6363871628858586,18.07162406614664,18.21409471493659,1.0078836660318116,0.999397432201161,0.0,-17.016133957719372,-17.016133957719372,-17.016133957719372,-17.0177702216903,90.53218617078112,phase,-17.016133957719372,phase,nan,nan,nan,nan,nan,nan,nan,nan,nan,nan,37.50969381752666,41.48565829957195,5.938487345104097,36.86827206448821,40.48235688240111,5.831938881144222,37.50969381752666,41.48565829957196,5.938487345104097,36.86827206448822,40.482356882401106,5.8319388811442225,-31.356340872557993,-33.464153529032785,0.5530304619889925,37.50969381752666,41.48565829957195,5.938487345104097,37.50969381752666,41.48565829957196,5.938487345104097,nan,-31.356340872557993,nan,-33.464153529032785,False,6.641531446834564,1b00ee88b7c00200,,1.5962926490662344,1.6363871628858586,-0.0006025677988390488,tone,-17.016133957719372,16,-5.941133646129884,-8.500167665463389,0.9916300565021372,1.0085123295149625,0.0,,,,,,,
16,16320,0,8,3681,1.6442139110708882,0.26648465723185605,18.96536494300042,19.97512435395102,1.0532422874005003,1.000592869200037,0.0,-17.18513508010808,-17.18513508010808,-17.18513508010808,-17.194613593995605,170.43888283503443,phase,-17.18513508010808,phase,nan,nan,nan,nan,nan,nan,nan,nan,nan,nan,37.19793665322268,41.87402428970949,5.886700440734666,37.601259258469966,42.051233218704,5.953697551240859,37.19793665322267,41.874024289709475,5.886700440734663,37.601259258469966,42.05123321870399,5.953697551240859,-31.473489475209355,-33.33861532815882,1.4360931067133011,37.19793665322268,41.87402428970949,5.886700440734666,37.19793665322267,41.874024289709475,5.886700440734663,nan,-31.473489475209355,nan,-33.33861532815882,False,7.01986866267233,1ed702a6e5315929,,1.6442139110708882,0.26648465723185605,0.0005928692000369828,tone,-17.18513508010808,17,-5.360801429390978,-8.407685276005635,0.9917329402128451,1.008407756231087,0.0,,,,,,,
17,17340,0,8,7688,-1.2676662029139638,-2.6553175823518043,17.71879841183251,18.035956733562656,1.017899538916722,0.9999168556881715,0.0,-16.987401799605394,-16.987401799605394,-16.987401799605394,-16.98646095752361,10.605027154876067,phase,-16.987401799605394,phase,nan,nan,nan,nan,nan,nan,nan,nan,nan,nan,37.10643604664241,40.9451817774352,5.8715010044256495,37.28978794994322,41.208203289318384,5.901958131219804,37.10643604664241,40.945181777435224,5.8715010044256495,37.289787949943225,41.20820328931836,5.901958131219805,-31.592826498977242,-33.26794586680846,1.198699394190563,37.10643604664241,40.9451817774352,5.8715010044256495,37.10643604664241,40.945181777435224,5.8715010044256495,nan,-31.592826498977242,nan,-33.26794586680846,False,6.815970249604326,e0407be6dba13efa,,-1.2676662029139638,-2.6553175823518043,-8.314431182854243e-05,tone,-16.987401799605394,18,-5.808183131691463,-9.329297736917884,0.9917185102460996,1.0084224300406943,0.0,,,,,,,
18,18360,0,7,4476,0.9716238946041951,2.1589359243336745,16.879401070079002,16.434736889755975,0.9736564005750622,1.0000442006727606,0.0,-16.903842791314315,-16.903842791314315,-16.903842791314315,-16.90413493363564,-47.92726036079934,phase,-16.903842791314315,phase,nan,nan,nan,nan,nan,nan,nan,nan,nan,nan,37.30775651694391,40.967575963831834,5.904942943013939,37.60146304983759,41.18603243252771,5.953731403627508,37.30775651694391,40.967575963831834,5.904942943013939,37.601463049837605,41.18603243252771,5.9537314036275095,-31.703585723211315,-33.583142381879284,-0.6692840347712192,37.30775651694391,40.967575963831834,5.904942943013939,37.30775651694391,40.967575963831834,5.904942943013939,nan,-31.703585723211315,nan,-33.583142381879284,False,7.208477652459966,6b016d2d304b16e7,,0.9716238946041951,2.1589359243336745,4.420067276056372e-05,tone,-16.903842791314315,19,-5.465274978220496,-8.57998122926514,0.9917261813055346,1.008414630119235,0.0,,,,,,,
19,19380,0,7,1008,-5.339319525896066,-5.555238598394001,16.96144294859511,17.570892295724242,1.0359314563611235,0.999966006545983,0.0,-16.746276026735927,-16.746276026735927,-16.746276026735927,-16.747712322667542,262.6522150861591,phase,-16.746276026735927,phase,nan,nan,nan,nan,nan,nan,nan,nan,nan,nan,37.04310734501999,40.801017145378836,5.860981286548172,37.63862773070559,42.03402834615686,5.959904938655415,37.04310734502,40.80101714537883,5.860981286548173,37.638627730705586,42.03402834615686,5.959904938655414,-31.892352169332664,-34.00328585378781,0.3678830826281372,37.04310734501999,40.801017145378836,5.860981286548172,37.04310734502,40.80101714537883,5.860981286548173,nan,-31.892352169332664,nan,-34.00328585378781,False,7.022411938174273,c3943ef6b8062579,,-5.339319525896066,-5.555238598394001,-3.39934540170006e-05,tone,-16.746276026735927,20,-7.34962760426848,-10.50809041309164,0.9917202816708248,1.0084206292350284,0.0,16,-16.903793560965205,0.07386212305604836,-16.903793560965205,move+1:OK,1,35
20,20400,0,8,6372,-3.006696000708123,-2.362465246496143,18.078745703249112,18.67284001226759,1.0328614782668084,1.0021400033359544,0.0,2.7998970304319832,2.7998970304319832,2.7998970304319832,-3.281328923235765,237.95255925853155,phase,2.7998970304319832,phase,nan,nan,nan,nan,nan,nan,nan,nan,nan,nan,37.71536772461043,41.50567419105939,5.972652445948578,37.20383138564957,41.575952190130906,5.887679632167703,37.71536772461044,41.50567419105939,5.972652445948579,37.203831385649565,41.575952190130906,5.8876796321677025,-36.53165713215196,-46.966796095462755,-0.6565437808569488,37.71536772461043,41.50567419105939,5.972652445948578,37.71536772461044,41.50567419105939,5.972652445948579,nan,-36.53165713215196,nan,-46.966796095462755,False,6.6937001120284725,c43226e2867f192c,,-3.006696000708123,-2.362465246496143,0.0021400033359544324,tone,2.7998970304319832,1,-8.41075705749987,-11.32804868477128,0.9920916814952689,1.0080437815759196,0.0,,,,,,,
21,21420,0,7,4388,4.007031752557646,4.310440834911658,17.804124028128612,18.4506312312606,1.0363122163219363,1.0029092919908864,0.0,2.701450113855239,2.701450113855239,2.701450113855239,-3.565937855839418,-35.16066209214067,phase,2.701450113855239,phase,nan,nan,nan,nan,nan,nan,nan,nan,nan,nan,37.54567178563187,41.37210743973975,5.944463751766092,37.76212556922203,41.10258510373279,5.980419529771102,37.54567178563187,41.37210743973977,5.944463751766092,37.76212556922202,41.102585103732785,5.980419529771101,-37.05121723882233,-46.988397420674616,-0.025152486392387985,37.54567178563187,41.37210743973975,5.944463751766092,37.54567178563187,41.37210743973977,5.944463751766092,nan,-37.05121723882233,nan,-46.988397420674616,False,7.443038070137889,880c9c1e6a508dc3,,4.007031752557646,4.310440834911658,0.002909291990886409,tone,2.701450113855239,2,-6.997116423721545,-9.831432843482588,0.9925967812623289,1.007532048957991,0.0,,,,,,,
22,22440,0,8,2860,0.3231079169555394,-1.0362196255468963,16.954119923578364,17.534520156284653,1.0342335807061926,1.0002832078032164,0.0,2.6202815668464865,2.6202815668464865,2.6202815668464865,-2.630491999432819,122.4320866107275,phase,2.6202815668464865,phase,nan,nan,nan,nan,nan,nan,nan,nan,nan,nan,36.85853738226049,40.489171931196694,5.830321824295763,37.036384498818634,41.59468667055549,5.859864534687482,36.858537382260494,40.489171931196694,5.830321824295764,37.03638449881863,41.59468667055549,5.85986453468748,-36.78803926347757,-50.41687639202213,1.4342155383485489,36.85853738226049,40.489171931196694,5.830321824295763,36.858537382260494,40.489171931196694,5.830321824295764,nan,-36.78803926347757,nan,-50.41687639202213,False,5.913361794409993,7638a846a47725e7,align_margin=5.9,,,,,,,,,,,,,,,,,,
22,22440,0,8,4148,6.453721276174131,5.322450507592087,17.32838134157403,17.688264262509794,1.0207684095728167,1.0008523194451646,0.0,2.5511486051062415,2.5511486051062415,2.5511486051062415,-2.6412070053405747,344.75835325484064,phase,2.5511486051062415,phase,nan,nan,nan,nan,nan,nan,nan,nan,nan,nan,37.315575737457245,41.624706110409484,5.906241816853363,37.52363692496072,42.049770305820935,5.940803475907097,37.31557573745726,41.62470611040951,5.906241816853366,37.523636924960726,42.04977030582094,5.9408034759070985,-36.8842208719429,-49.238445534682455,1.2814953566072962,37.315575737457245,41.624706110409484,5.906241816853363,37.31557573745726,41.62470611040951,5.906241816853366,nan,-36.8842208719429,nan,-49.238445534682455,False,6.731957321869186,4f9ac1b1d700c01b,,6.453721276174131,5.322450507592087,0.0008523194451646177,tone,2.5511486051062415,3,-4.721466845462459,-7.982501407917999,0.9927448329314575,1.0073818975824613,0.0,,,,,,,
23,23460,0,8,6624,-1.350191050134113,-2.5135440434250302,17.30483099406319,17.56931415270427,1.0152837758850008,1.0004587761502812,0.0,2.245428406979993,2.245428406979993,2.245428406979993,-2.275183414852166,191.95040587923165,phase,2.245428406979993,phase,nan,nan,nan,nan,nan,nan,nan,nan,nan,nan,37.15091723268098,41.49412734556841,5.878889905760961,36.96640788828457,41.4391513002219,5.848240513004082,37.15091723268098,41.494127345568394,5.878889905760961,36.96640788828457,41.43915130022191,5.848240513004082,-36.705247478375384,-51.08750486265859,0.8625874487075768,37.15091723268098,41.49412734556841,5.878889905760961,37.15091723268098,41.494127345568394,5.878889905760961,nan,-36.705247478375384,nan,-51.08750486265859,False,6.3587465572666115,34950300033b480f,,-1.350191050134113,-2.5135440434250302,0.000458776150281226,tone,2.245428406979993,4,-5.19748732108811,-8.85579525736078,0.9928245362706737,1.0073010561825213,0.0,,,,,,,
24,24480,0,8,7320,-1.781665250457214,-0.9817237418872513,17.05128654089129,16.42582725830495,0.9633189389500666,1.0008884566461274,0.0,2.4388162020590833,2.4388162020590833,2.4388162020590833,-2.5406955411920507,252.15692672613974,phase,2.4388162020590833,phase,nan,nan,nan,nan,nan,nan,nan,nan,nan,nan,37.03805012401049,41.66974668682789,5.860141216613039,36.83194541190444,41.05688103021723,5.825904553472499,37.03805012401049,41.66974668682788,5.860141216613039,36.83194541190444,41.05688103021723,5.825904553472499,-36.969474641093704,-47.29719756861768,-0.23893721317676841,37.03805012401049,41.66974668682789,5.860141216613039,37.03805012401049,41.66974668682788,5.860141216613039,nan,-36.969474641093704,nan,-47.29719756861768,False,6.370802634026108,707c54f4f522a267,,-1.781665250457214,-0.9817237418872513,0.0008884566461273558,tone,2.4388162020590833,5,-5.82557699341065,-9.196908083115902,0.9929789005432691,1.0071445801240624,0.0,,,,,,,
25,25500,0,8,4300,3.1073316748497426,3.089866514623675,17.03145296897298,17.239194397709458,1.012197516507542,0.9997122543241341,0.0,2.7794315384886965,2.7794315384886965,2.7794315384886965,-2.7884963897527553,80.98725274964025,phase,2.7794315384886965,phase,nan,nan,nan,nan,nan,nan,nan,nan,nan,nan,36.911431834129786,40.73782109141561,5.83910827809465,37.016106429287056,40.739634287894646,5.856496084599179,36.911431834129786,40.73782109141562,5.83910827809465,37.016106429287056,40.73963428789463,5.856496084599179,-36.51335411884717,-48.23303129705891,-0.2838124890601814,36.911431834129786,40.73782109141561,5.83910827809465,36.911431834129786,40.73782109141562,5.83910827809465,nan,-36.51335411884717,nan,-48.23303129705891,False,6.517299001880399,8499cf6ce5a95ac4,,3.1073316748497426,3.089866514623675,-0.0002877456758658692,tone,2.7794315384886965,6,-4.730321005995014,-8.123126521401028,0.9929288986009192,1.007195309983493,0.0,,,,,,,
26,26520,0,8,2832,4.412412337711807,3.6088896321120085,17.215136552834483,17.709258617606242,1.0287027676635188,1.000949279432991,0.0,2.7958755260229977,2.7958755260229977,2.7958755260229977,-2.8980301506975055,239.22653045283883,phase,2.7958755260229977,phase,nan,nan,nan,nan,nan,nan,nan,nan,nan,nan,37.37228285067197,41.5216101201679,5.915661603101658,37.54428877669551,41.74134711826082,5.944234016062378,37.37228285067198,41.5216101201679,5.9156616031016585,37.544288776695524,41.74134711826083,5.9442340160623806,-37.4586607540521,-47.828407146187494,0.5664390601388889,37.37228285067197,41.5216101201679,5.915661603101658,37.37228285067198,41.5216101201679,5.9156616031016585,nan,-37.4586607540521,nan,-47.828407146187494,False,6.321409210019449,cb74d5156b0dceef,,4.412412337711807,3.6088896321120085,0.000949279432991057,tone,2.7958755260229977,7,-3.174978704672954,-6.869038700777733,0.9930938478227452,1.0070281494518125,0.0,,,,,,,
27,27540,0,8,2848,-0.5363600762440383,-0.48517299022240934,17.92074653456712,18.64255065690061,1.0402775699629037,0.9991018065311795,0.0,3.0155076220529002,3.0155076220529002,3.0155076220529002,-3.0981589663071896,-7.7396655836254205,phase,3.0155076220529002,phase,nan,nan,nan,nan,nan,nan,nan,nan,nan,nan,37.08112232414678,40.446014312611055,5.867296067134018,37.42606938287827,41.72401601985196,5.924596243003036,37.08112232414678,40.44601431261107,5.867296067134018,37.42606938287827,41.72401601985192,5.924596243003036,-36.34540547245705,-48.03189587973293,0.21137269767660982,37.08112232414678,40.446014312611055,5.867296067134018,37.08112232414678,40.44601431261107,5.867296067134018,nan,-36.34540547245705,nan,-48.03189587973293,False,6.308521857142862,c23a8e73c2d00b26,,-0.5363600762440383,-0.48517299022240934,-0.000898193468820474,tone,3.0155076220529002,8,-3.364010211712277,-7.0376641226890095,0.9929377495013383,1.0071865803220676,0.0,,,,,,,
28,28560,0,7,1105,-0.7945210707009258,-0.5625429589335358,21.57874053507148,22.670362534141898,1.0505878458150155,1.0005244597500642,0.0,2.39132128143286,2.39132128143286,2.39132128143286,-2.4250497820540873,-36.90312668058646,phase,2.39132128143286,phase,nan,nan,nan,nan,nan,nan,nan,nan,nan,nan,38.12910503416124,44.65769465271444,6.041379573780938,37.988950710568425,44.390934331292115,6.018098124679141,38.12910503416123,44.65769465271443,6.041379573780936,37.98895071056843,44.390934331292115,6.018098124679142,-37.06005630800045,-50.65207569727295,0.18715439949929746,38.12910503416124,44.65769465271444,6.041379573780938,38.12910503416123,44.65769465271443,6.041379573780936,nan,-37.06005630800045,nan,-50.65207569727295,False,8.055241957464418,dc4e82ae7b23f95d,,-0.7945210707009258,-0.5625429589335358,0.0005244597500642101,tone,2.39132128143286,9,-3.6440704419583114,-7.233149288470089,0.9930288817810266,1.007094188733855,0.0,,,,,,,
29,29580,0,7,3456,-1.5334258927914797,-0.7158163871818335,19.308796323780456,19.337734758580247,1.001498717699153,1.0005278074336657,0.0,2.7588463178352627,2.7588463178352627,2.7588463178352627,-2.7917063537029745,-207.71838191576603,phase,2.7588463178352627,phase,nan,nan,nan,nan,nan,nan,nan,nan,nan,nan,37.72880505562343,42.53261493756011,5.9748845607347905,36.958907046778585,41.058491557540826,5.8469945260429546,37.728805055623425,42.53261493756011,5.974884560734789,36.958907046778585,41.05849155754082,5.8469945260429546,-36.954949397724334,-49.40411458149767,-0.4146619444105001,37.72880505562343,42.53261493756011,5.9748845607347905,37.728805055623425,42.53261493756011,5.974884560734789,nan,-36.954949397724334,nan,-49.40411458149767,False,6.501373952761518,b9989ed86ee4617b,,-1.5334258927914797,-0.7158163871818335,0.0005278074336656502,tone,2.7588463178352627,10,-4.1845371618329965,-7.4819201962127115,0.993120604185515,1.0070012162405653,0.0,,,,,,,
30,30600,0,8,2728,-5.848949006079717,-7.1232851500558105,17.53198159667709,17.921104185563618,1.0221950146787901,0.9996083802195713,0.0,2.8291590257924932,2.8291590257924932,2.8291590257924932,-2.8458085630812766,-315.0306401356181,phase,2.8291590257924932,phase,nan,nan,nan,nan,nan,nan,nan,nan,nan,nan,37.559419809226064,41.494363464768966,5.946747476615626,37.549603503001165,42.133746761757045,5.945116860963649,37.559419809226064,41.49436346476895,5.946747476615626,37.54960350300115,42.133746761757024,5.9451168609636476,-36.2941961536755,-47.724860675555625,1.1743717230572956,37.559419809226064,41.494363464768966,5.946747476615626,37.559419809226064,41.49436346476895,5.946747476615626,nan,-36.2941961536755,nan,-47.724860675555625,False,6.607507761582848,cf28394229a22789,,-5.848949006079717,-7.1232851500558105,-0.00039161978042867585,tone,2.8291590257924932,11,-6.245849900185464,-9.957736274992836,0.9930525421927485,1.0070702565572782,0.0,,,,,,,
31,31620,0,8,7420,1.4112807076972342,1.5089633984976607,18.73289744354452,18.911132005620054,1.0095145218518748,1.0008329721518865,0.0,2.2739603340006185,2.2739603340006185,2.2739603340006185,-2.3703620449572584,-89.72058561693322,phase,2.2739603340006185,phase,nan,nan,nan,nan,nan,nan,nan,nan,nan,nan,37.14922508126354,40.807626143940524,5.878608817485638,37.24393321887102,41.064809429552426,5.894341066257645,37.14922508126352,40.80762614394051,5.8786088174856355,37.24393321887103,41.064809429552426,5.894341066257646,-37.553325859529245,-47.754071628985876,-0.03004034929060495,37.14922508126354,40.807626143940524,5.878608817485638,37.14922508126352,40.80762614394051,5.8786088174856355,nan,-37.553325859529245,nan,-47.754071628985876,False,7.364680038311623,9389adc0ff44c671,,1.4112807076972342,1.5089633984976607,0.0008329721518864908,tone,2.2739603340006185,12,-5.748445959601061,-9.433306935495068,0.9931972995875247,1.0069235779776768,0.0,,,,,,,
32,32640,0,8,8100,-1.6612961611414185,-1.009524694336689,16.783425482260043,17.34662328686866,1.0335567852464869,0.99947334815777,0.0,2.5794959714471988,2.5794959714471988,2.5794959714471988,-2.6136118824960244,-58.060529075591155,phase,2.5794959714471988,phase,nan,nan,nan,nan,nan,nan,nan,nan,nan,nan,37.506920382261946,41.25402619060264,5.938026641571753,36.92170806749621,40.972815150848035,5.840815293604023,37.506920382261946,41.25402619060266,5.938026641571753,36.9217080674962,40.97281515084802,5.84081529360402,-37.120266850829836,-48.64016186870829,-0.7730096613180887,37.506920382261946,41.25402619060264,5.938026641571753,37.506920382261946,41.25402619060266,5.938026641571753,nan,-37.120266850829836,nan,-48.64016186870829,False,6.046899326424806,7ca2d98a15135b6d,,-1.6612961611414185,-1.009524694336689,-0.0005266518422299971,tone,2.5794959714471988,13,-6.333882163103603,-9.7842110663999,0.9931057624797077,1.0070164290554,0.0,,,,,,,
33,33660,0,8,5340,-0.26589870896080026,-0.3243957606325693,17.2183191014703,17.574523124030467,1.0206875026801978,0.9996787746319714,0.0,2.9518028733160455,2.9518028733160455,2.9518028733160455,-2.9619230370219296,-19.72834658855022,phase,2.9518028733160455,phase,nan,nan,nan,nan,nan,nan,nan,nan,nan,nan,37.45489551463899,41.46399161924162,5.9293846369832215,36.679627344752305,40.07102807726402,5.8006025489621775,37.454895514639006,41.463991619241625,5.929384636983224,36.67962734475231,40.07102807726403,5.800602548962178,-37.182604476084464,-47.20242734846877,0.2202139179109921,37.45489551463899,41.46399161924162,5.9293846369832215,37.454895514639006,41.463991619241625,5.929384636983224,nan,-37.182604476084464,nan,-47.20242734846877,False,6.0925894092137325,8db7528189af468b,,-0.26589870896080026,-0.3243957606325693,-0.00032122536802858814,tone,2.9518028733160455,14,-6.4275927744526955,-9.896958498264443,0.9930499355960001,1.0070730561094772,0.0,,,,,,,
34,34680,0,7,66,9.654608683573313,10.076285533543047,20.346826513462677,20.335562170293993,0.9994463832892451,0.9997866958389325,0.0,2.9041546299144936,2.9041546299144936,2.9041546299144936,-2.908830638748495,40.306856744741175,phase,2.9041546299144936,phase,nan,nan,nan,nan,nan,nan,nan,nan,nan,nan,37.33947970980504,41.9341031741557,5.910212576379576,37.716097941478786,41.68320368081908,5.972773744431692,37.339479709805055,41.93410317415572,5.910212576379578,37.716097941478786,41.68320368081909,5.972773744431692,-36.32202517272787,-48.478260915467075,-0.13236263036875684,37.33947970980504,41.9341031741557,5.910212576379576,37.339479709805055,41.93410317415572,5.910212576379578,nan,-36.32202517272787,nan,-48.478260915467075,False,5.95048786902192,6ccda7e10b1c145d,align_margin=6.0,,,,,,,,,,,,,,,,,,
34,34680,0,7,1484,-0.16645354873363388,0.05802709966637838,17.533143947542033,17.347800931929324,0.9894289913909768,0.9994706584549007,0.0,2.724068148788791,2.724068148788791,2.724068148788791,-2.7570157107528708,-103.60993580239717,phase,2.724068148788791,phase,nan,nan,nan,nan,nan,nan,nan,nan,nan,nan,37.35169136223543,41.0828813002487,5.912241090072331,37.13190309172029,40.76174240962924,5.875731410584766,37.35169136223543,41.0828813002487,5.912241090072331,37.13190309172028,40.76174240962924,5.875731410584765,-36.525421500723695,-47.17858492940425,0.4776065994173537,37.35169136223543,41.0828813002487,5.912241090072331,37.35169136223543,41.0828813002487,5.912241090072331,nan,-36.525421500723695,nan,-47.17858492940425,False,7.209220387351275,c96d3b4afac9e42c,,-0.16645354873363388,0.05802709966637838,-0.0005293415450993155,tone,2.724068148788791,15,-6.486259252308924,-9.876791654598014,0.9929579446432281,1.0071663954992152,0.0,,,,,,,
35,35700,0,7,6688,-4.050589545939214,-4.842652240244439,14.722835033268924,14.961996206103903,1.0162442336883182,1.0005299095114515,0.0,2.477245002989302,2.477245002989302,2.477245002989302,-2.513947966112587,-213.08196189529156,phase,2.477245002989302,phase,nan,nan,nan,nan,nan,nan,nan,nan,nan,nan,36.63647994844068,40.90229962790728,5.793435207382173,36.28403901624648,40.336178627184125,5.7348902020342996,36.63647994844069,40.90229962790729,5.793435207382175,36.284039016246496,40.336178627184125,5.734890202034302,-36.931390388826635,-47.96888381521927,0.6182174878976112,36.63647994844068,40.90229962790728,5.793435207382173,36.63647994844069,40.90229962790729,5.793435207382175,nan,-36.931390388826635,nan,-47.96888381521927,False,5.7110505745678335,39d1281da4a80c8e,align_margin=5.7,,,,,,,,,,,,,,,,,,
35,35700,0,8,1804,8.179732609678613,7.765215345555017,16.599686571632947,17.751170152283045,1.0693677905110484,0.9993920653972878,0.0,2.5855987437501065,2.5855987437501065,2.5855987437501065,-2.6280512475747373,159.64133510173212,phase,2.5855987437501065,phase,nan,nan,nan,nan,nan,nan,nan,nan,nan,nan,36.4567211391088,40.43074329669569,5.763574940051297,37.02274953400599,41.32749219477854,5.857599590366444,36.45672113910881,40.43074329669569,5.7635749400512974,37.02274953400599,41.32749219477853,5.857599590366444,-36.271465725416924,-49.04566835469836,0.1926731522363383,36.4567211391088,40.43074329669569,5.763574940051297,36.45672113910881,40.43074329669569,5.7635749400512974,nan,-36.271465725416924,nan,-49.04566835469836,False,7.504589806081955,0a1570286f9a56a2,,8.179732609678613,7.765215345555017,-0.0006079346027122456,tone,2.5855987437501065,16,-3.6030491135188445,-7.17830470835997,0.9928523052818504,1.0072736116575676,0.0,,,,,,,
36,36720,0,7,3828,-6.900228345732181,-6.889191670322413,17.62389344107694,18.16591367392043,1.0307548519091798,1.0003753213406783,0.0,2.773201985653555,2.773201985653555,2.773201985653555,-2.7912588222405406,74.75294015976831,phase,2.773201985653555,phase,nan,nan,nan,nan,nan,nan,nan,nan,nan,nan,37.56094663887915,41.98066701416082,5.9470011028038465,37.65034966514226,42.307590955842194,5.96185210384423,37.560946638879145,41.98066701416081,5.947001102803846,37.65034966514227,42.30759095584218,5.961852103844232,-36.57662727447039,-49.30781865547917,0.06471894408058443,37.56094663887915,41.98066701416082,5.9470011028038465,37.560946638879145,41.98066701416081,5.947001102803846,nan,-36.57662727447039,nan,-49.30781865547917,False,6.325065421522305,df3b6eadfb301084,,-6.900228345732181,-6.889191670322413,0.0003753213406783029,tone,2.773201985653555,17,-6.035515562111792,-9.572110181576875,0.9929175170470553,1.007207477504714,0.0,,,,,,,
37,37740,0,7,6730,-3.4405701677128633,-2.9363408947931764,15.878211094300518,16.04861214121061,1.010731753463793,1.000229749935036,0.0,2.4508466045450192,2.4508466045450192,2.4508466045450192,-2.4575658219687546,185.4416532982798,phase,2.4508466045450192,phase,nan,nan,nan,nan,nan,nan,nan,nan,nan,nan,29.617156148246607,31.752299456300964,4.627434576120699,29.835693819244305,31.836181436007116,4.6637365148246355,29.617156148246615,31.752299456300964,4.6274345761207005,29.835693819244298,31.836181436007113,4.663736514824635,-36.682806157505354,-51.05592454889422,-0.9216727537028585,29.617156148246607,31.752299456300964,4.627434576120699,29.617156148246615,31.752299456300964,4.6274345761207005,nan,-36.682806157505354,nan,-51.05592454889422,False,5.871026140461822,03ea2efbe74500e3,align_margin=5.9,,,,,,,,,,,,,,,,,,
37,37740,0,8,6224,1.0231775924021884,0.16928291113708624,19.42719926839453,20.11975849174436,1.035648948352351,1.0003778119114033,0.0,2.268738291614204,2.268738291614204,2.268738291614204,-2.2901849542292267,126.77175796047445,phase,2.268738291614204,phase,nan,nan,nan,nan,nan,nan,nan,nan,nan,nan,37.42861165387896,41.665207427662395,5.925018547155974,37.3141485312575,41.5515310161038,5.906004739411546,37.428611653878974,41.665207427662416,5.925018547155976,37.31414853125751,41.551531016103816,5.906004739411547,-36.25196775728015,-49.893645222823466,0.9231082324588586,37.42861165387896,41.665207427662395,5.925018547155974,37.428611653878974,41.665207427662416,5.925018547155976,nan,-36.25196775728015,nan,-49.893645222823466,False,7.268801433556324,918b62cd652937f6,,1.0231775924021884,0.16928291113708624,0.00037781191140329184,tone,2.268738291614204,18,-5.674848989921793,-9.513285142822431,0.992983165858427,1.0071409090331807,0.0,,,,,,,
38,38760,0,8,564,1.127842589996905,1.7900475031434484,17.15806912596736,18.657886523913742,1.0874117819980413,1.0008866123478752,0.0,2.488978998408693,2.488978998408693,2.488978998408693,-2.5872943443809078,366.64224676836346,phase,2.488978998408693,phase,nan,nan,nan,nan,nan,nan,nan,nan,nan,nan,37.51774595468826,41.9389102054079,5.939824909416655,37.14607114183613,41.20843000295507,5.8780849072817505,37.517745954688245,41.93891020540788,5.939824909416653,37.14607114183612,41.208430002955055,5.878084907281748,-37.270128594673594,-48.90791884067128,-0.6656481341275144,37.51774595468826,41.9389102054079,5.939824909416655,37.517745954688245,41.93891020540788,5.939824909416653,nan,-37.270128594673594,nan,-48.90791884067128,False,6.9566554049439375,ea16ffb5d8447abd,,1.127842589996905,1.7900475031434484,0.0008866123478752375,tone,2.488978998408693,19,-5.277314650900384,-8.89121069377474,0.9931372343072415,1.006984782332991,0.0,,,,,,,
39,39780,0,8,3244,2.9918224886977893,3.920936023275491,16.336508359560238,16.84971169971699,1.0314145060169129,0.9995902231571637,0.0,2.4977761257718014,2.4977761257718014,2.4977761257718014,-2.519299288336158,-282.19468718759254,phase,2.4977761257718014,phase,nan,nan,nan,nan,nan,nan,nan,nan,nan,nan,37.35237435530009,41.61174983771822,5.912354544069784,37.04361048260783,41.37395144530781,5.8610648642205705,37.35237435530009,41.611749837718214,5.912354544069784,37.04361048260783,41.37395144530782,5.8610648642205705,-36.62574324355344,-50.933276648237666,-1.0863640588453713,37.35237435530009,41.61174983771822,5.912354544069784,37.35237435530009,41.611749837718214,5.912354544069784,nan,-36.62574324355344,nan,-50.933276648237666,False,5.467416059432458,9ef8b51635b069b0,align_margin=5.5,,,,,,,,,,,,,,,,,,
39,39780,0,8,5836,3.782981992878182,3.3799952675030998,18.335154576585623,18.704315348152242,1.0201340419588305,0.999646451744271,0.0,2.7425354385443983,2.7425354385443983,2.7425354385443983,-2.7558778546492744,151.5137603377535,phase,2.7425354385443983,phase,nan,nan,nan,nan,nan,nan,nan,nan,nan,nan,37.56939750802542,41.481900772246334,5.948404901665352,38.02796274229882,42.42090207270255,6.024578528621067,37.56939750802543,41.48190077224635,5.948404901665355,38.02796274229881,42.42090207270255,6.024578528621066,-36.949071093321976,-47.432672505927016,-0.10032696356959248,37.56939750802542,41.481900772246334,5.948404901665352,37.56939750802543,41.48190077224635,5.948404901665355,nan,-36.949071093321976,nan,-47.432672505927016,False,6.859947518962592,61de9a9bcc31e43d,,3.782981992878182,3.3799952675030998,-0.00035354825572897486,tone,2.7425354385443983,20,-3.9441215615979326,-7.716418021252615,0.993075787968286,1.0070471074677678,0.0,20,2.634763122779068,0.05034445953182014,2.634763122779068,inside-deadband,,
40,40800,0,8,1184,1.8143395451307551,2.6132828066290124,18.451193875702696,18.033704550357513,0.9773733164283234,1.0007198579460823,0.0,2.7297777493756374,2.7297777493756374,2.7297777493756374,-2.7920553442362035,-35.49896050219449,phase,2.7297777493756374,phase,nan,nan,nan,nan,nan,nan,nan,nan,nan,nan,37.87847927771874,41.97671499037006,5.999747388325373,37.61490508747988,41.06281588429272,5.955964300245829,37.87847927771874,41.97671499037006,5.999747388325373,37.61490508747988,41.062815884292725,5.955964300245829,-37.27665643433717,-48.16732394062146,-0.8812700021453733,37.87847927771874,41.97671499037006,5.999747388325373,37.87847927771874,41.97671499037006,5.999747388325373,nan,-37.27665643433717,nan,-48.16732394062146,False,7.828949746693627,c6b0f682741ac030,,1.8143395451307551,2.6132828066290124,0.000719857946082314,tone,2.7297777493756374,1,-3.3046750576257264,-6.808169563422226,0.9932008908302664,1.0069203358244243,0.0,,,,,,,
41,41820,0,8,1964,0.47384426154276704,-1.2961807235752398,17.992773177491774,17.60953096807462,0.9787002144896388,0.9992813069919416,0.0,2.660961212306649,2.660961212306649,2.660961212306649,-2.7214489016371837,-125.93915965266225,phase,2.660961212306649,phase,nan,nan,nan,nan,nan,nan,nan,nan,nan,nan,37.23137294276302,41.0506613479389,5.892254641654987,36.94849319300468,40.41439774495306,5.845264650000778,37.231372942762995,41.05066134793888,5.892254641654984,36.94849319300469,40.41439774495306,5.84526465000078,-36.28269430124951,-47.89370343338298,1.4468566058759151,37.23137294276302,41.0506613479389,5.892254641654987,37.231372942762995,41.05066134793888,5.892254641654984,nan,-36.28269430124951,nan,-47.89370343338298,False,7.429409651234649,dce60f55d9746fb6,,0.47384426154276704,-1.2961807235752398,-0.0007186930080583798,tone,2.660961212306649,2,-3.137694245313597,-7.2587148916977675,0.9930759746864949,1.0070470685622368,0.0,,,,,,,
42,42840,0,8,2184,-10.431629775701946,-9.704947133400701,16.618837839180955,17.347619182350922,1.0438527260583634,1.0005804813886165,0.0,2.4738950815522753,2.4738950815522753,2.4738950815522753,-2.518007925356947,-195.99790876372828,phase,2.4738950815522753,phase,nan,nan,nan,nan,nan,nan,nan,nan,nan,nan,37.08000366844962,41.217022335890704,5.867110243928509,36.86705713794345,40.7284678522155,5.831737066103564,37.08000366844962,41.217022335890704,5.867110243928509,36.86705713794344,40.72846785221549,5.831737066103562,-37.300235048262984,-48.28538125583343,-0.5680798351441041,37.08000366844962,41.217022335890704,5.867110243928509,37.08000366844962,41.217022335890704,5.867110243928509,nan,-37.300235048262984,nan,-48.28538125583343,False,7.289680908571766,81bdad1dd36f5242,,-10.431629775701946,-9.704947133400701,0.0005804813886165494,tone,2.4738950815522753,3,-6.814221031341515,-10.63167689390067,0.9931768555576327,1.006944827796965,0.0,,,,,,,
43,43860,0,8,3404,2.0764007758438443,2.0146278072784365,15.942835822148517,15.897055906058835,0.997128496046727,0.9991951293642769,0.0,2.325673708330443,2.325673708330443,2.325673708330443,-2.4117467777482653,-166.53103940372287,phase,2.325673708330443,phase,nan,nan,nan,nan,nan,nan,nan,nan,nan,nan,36.39043967220742,40.18005981856674,5.752564729602562,36.7602532921671,40.9832136193744,5.813995563482908,36.390439672207414,40.18005981856673,5.752564729602561,36.7602532921671,40.983213619374396,5.813995563482908,-36.36511066069454,-47.553596080092355,-0.5002915617030759,36.39043967220742,40.18005981856674,5.752564729602562,36.390439672207414,40.18005981856673,5.752564729602561,nan,-36.36511066069454,nan,-47.553596080092355,False,5.895847322585126,25cdaec57a3af3fc,align_margin=5.9,,,,,,,,,,,,,,,,,,
43,43860,0,8,4068,2.571374688873699,4.050973960654903,17.115931678923616,17.485771487270416,1.0216079273559042,1.0000977392443993,0.0,2.75906631114984,2.75906631114984,2.75906631114984,-2.760475208894671,-177.70376016373692,phase,2.75906631114984,phase,nan,nan,nan,nan,nan,nan,nan,nan,nan,nan,37.48873546041202,41.71833662458572,5.935005890433891,37.209211029057336,41.805507425592374,5.888573260640754,37.488735460412016,41.71833662458569,5.9350058904338905,37.209211029057336,41.80550742559238,5.888573260640754,-37.64258518427893,-48.74432312162988,-1.2600172220233503,37.48873546041202,41.71833662458572,5.935005890433891,37.488735460412016,41.71833662458569,5.9350058904338905,nan,-37.64258518427893,nan,-48.74432312162988,False,7.11610670845509,3e5c3697d5d2008e,,2.571374688873699,4.050973960654903,9.773924439926418e-05,tone,2.75906631114984,4,-5.908057002176248,-9.223614756741451,0.9931938432198305,1.00692760632552,0.0,,,,,,,
44,44880,0,7,4112,8.625278166422003,7.765176319118068,19.28010023670871,18.92646712631057,0.9816581290524189,1.0008011239117176,0.0,2.660370837277277,2.660370837277277,2.660370837277277,-2.736858300021158,-129.0214661178897,phase,2.660370837277277,phase,nan,nan,nan,nan,nan,nan,nan,nan,nan,nan,37.428692727694674,41.51330813991593,5.925032014567222,36.947300394751025,41.19902703734305,5.845066510755985,37.428692727694674,41.51330813991593,5.925032014567222,36.94730039475102,41.19902703734304,5.845066510755983,-37.35218530272194,-47.638150387851496,0.27628352695995595,37.428692727694674,41.51330813991593,5.925032014567222,37.428692727694674,41.51330813991593,5.925032014567222,nan,-37.35218530272194,nan,-47.638150387851496,False,6.754468975663229,a50c65acf3403d28,,8.625278166422003,7.765176319118068,0.000801123911717605,tone,2.660370837277277,5,-2.8685220927965105,-6.524501439539669,0.9933330857037659,1.0067865514159915,0.0,,,,,,,
45,45900,0,8,4984,-5.403645126445374,-5.819693246515746,19.215607570506062,19.378374655190477,1.008470566651988,0.9986500516969156,0.0,2.807181842561396,2.807181842561396,2.807181842561396,-3.005282696300562,-22.406871741863256,phase,2.807181842561396,phase,nan,nan,nan,nan,nan,nan,nan,nan,nan,nan,37.270374772762494,42.10977596103113,5.898733350957226,37.82451247325912,41.39752427122616,5.990782802866964,37.27037477276248,42.10977596103112,5.898733350957223,37.82451247325912,41.39752427122616,5.990782802866964,-36.50727441065163,-47.75916930084059,0.5717418942560286,37.270374772762494,42.10977596103113,5.898733350957226,37.27037477276248,42.10977596103112,5.898733350957223,nan,-36.50727441065163,nan,-47.75916930084059,False,6.863964581907497,592c3660a4b15f38,,-5.403645126445374,-5.819693246515746,-0.0013499483030844361,tone,2.807181842561396,6,-4.7724914878317435,-8.54766378056988,0.9930984197489133,1.007024717141823,0.0,,,,,,,
46,46920,0,7,2260,-4.007156951551357,-3.6684099324848205,17.40183843699977,18.1947546472351,1.0455650828563856,1.0004428306503694,0.0,2.488954774508559,2.488954774508559,2.488954774508559,-2.514800084866046,395.7243235930391,phase,2.488954774508559,phase,nan,nan,nan,nan,nan,nan,nan,nan,nan,nan,37.465194128001386,42.213695585564196,5.931095370099898,37.13280648883729,41.30981170097474,5.875881476551045,37.465194128001386,42.213695585564196,5.931095370099898,37.13280648883729,41.309811700974734,5.875881476551045,-36.48435069792956,-46.59888063006464,-0.056204647000551944,37.465194128001386,42.213695585564196,5.931095370099898,37.465194128001386,42.213695585564196,5.931095370099898,nan,-36.48435069792956,nan,-46.59888063006464,False,8.006552529763384,01281994443cd9f7,,-4.007156951551357,-3.6684099324848205,0.00044283065036943015,tone,2.488954774508559,7,-6.184743189327324,-9.822650833533014,0.9931753802722554,1.0069467119380928,0.0,,,,,,,
47,47940,0,7,1228,-2.6655210603188033,-1.4695532327113292,19.055106903212494,19.018534532236217,0.9980807050224362,0.9996924729817647,0.0,2.478768950840709,2.478768950840709,2.478768950840709,-2.490576782439357,73.46835133876795,phase,2.478768950840709,phase,nan,nan,nan,nan,nan,nan,nan,nan,nan,nan,37.96563056216202,41.916130686996894,6.014224345874091,37.75932157798605,41.91323240993232,5.979953750496023,37.96563056216202,41.916130686996894,6.014224345874091,37.75932157798604,41.913232409932334,5.979953750496021,-36.99631004104365,-49.37608845131279,-1.3206143315865715,37.96563056216202,41.916130686996894,6.014224345874091,37.96563056216202,41.916130686996894,6.014224345874091,nan,-36.99631004104365,nan,-49.37608845131279,False,7.980174703279209,a549f24153398e1e,,-2.6655210603188033,-1.4695532327113292,-0.0003075270182353318,tone,2.478768950840709,8,-7.124086219413148,-10.333446117286408,0.9931219303261815,1.0070009196894136,0.0,,,,,,,
48,48960,0,8,7316,-2.2684348446726763,-2.531906475920067,17.37980696086926,17.846379316941714,1.0268456581320462,1.0001470231261576,0.0,2.6877586749734848,2.6877586749734848,2.6877586749734848,-2.6906109287236424,82.630727738761,phase,2.6877586749734848,phase,nan,nan,nan,nan,nan,nan,nan,nan,nan,nan,36.652215949646326,40.67667490066655,5.796049161070819,37.25767385185441,42.10784875467718,5.896623563430967,36.65221594964632,40.67667490066655,5.796049161070818,37.25767385185441,42.10784875467718,5.896623563430967,-36.91676106803299,-50.12363275381746,-0.004807727180811738,36.652215949646326,40.67667490066655,5.796049161070819,36.65221594964632,40.67667490066655,5.796049161070818,nan,-36.91676106803299,nan,-50.12363275381746,False,6.558847826940369,7f40058848c87188,,-2.2684348446726763,-2.531906475920067,0.00014702312615755275,tone,2.6877586749734848,9,-7.923537093863852,-11.21345252963938,0.9931474824070805,1.0069750143240315,0.0,,,,,,,
49,49980,0,7,70,-4.125701932416769,-5.535973615760966,17.461975630508555,18.132507424838945,1.038399537859787,0.9995825684097684,0.0,2.4974511957477183,2.4974511957477183,2.4974511957477183,-2.5218719375890117,-0.6952660754527402,phase,2.4974511957477183,phase,nan,nan,nan,nan,nan,nan,nan,nan,nan,nan,37.654480901343405,41.46695963053859,5.962538355704885,37.0424667409866,40.594929041755215,5.86087487391804,37.65448090134341,41.46695963053861,5.962538355704886,37.0424667409866,40.59492904175521,5.86087487391804,-36.675350255092354,-50.7760184995965,1.3429364753451787,37.654480901343405,41.46695963053859,5.962538355704885,37.65448090134341,41.46695963053861,5.962538355704886,nan,-36.675350255092354,nan,-50.7760184995965,False,5.396226128844463,aae273714db8bdd4,align_margin=5.4,,,,,,,,,,,,,,,,,,
49,49980,0,8,1412,-1.1560109308235962,-1.0808736294732109,17.716152097107297,17.739761770248812,1.0013326637190798,1.0009114731477404,0.0,2.70642343950204,2.70642343950204,2.70642343950204,-2.8036917586774854,-26.155561559298565,phase,2.70642343950204,phase,nan,nan,nan,nan,nan,nan,nan,nan,nan,nan,36.976663584528936,41.026026045926976,5.849944117031385,36.93186688260216,40.2687303089548,5.842502804418964,36.97666358452894,41.026026045927,5.849944117031386,36.931866882602165,40.26873030895481,5.842502804418965,-37.50543498254275,-47.95488988936753,0.2978099230207789,36.976663584528936,41.026026045926976,5.849944117031385,36.97666358452894,41.026026045927,5.849944117031386,nan,-37.50543498254275,nan,-47.95488988936753,False,7.438132869295134,40e26da25a114543,,-1.1560109308235962,-1.0808736294732109,0.000911473147740427,tone,2.70642343950204,10,-8.330932604556407,-11.589137889190804,0.9933058971779234,1.0068145402218163,0.0,,,,,,,
50,51000,0,7,870,10.3455750347751,11.443039883897177,15.674820396391272,15.813115475546391,1.008822753668486,0.9993779150279485,0.0,2.5023755732176247,2.5023755732176247,2.5023755732176247,-2.5498639463590362,-243.53617205766326,phase,2.5023755732176247,phase,nan,nan,nan,nan,nan,nan,nan,nan,nan,nan,29.98289731508118,31.1870054246491,4.68818892277096,29.779916472282174,30.94596300897711,4.6544711747977034,29.98289731508118,31.1870054246491,4.68818892277096,29.77991647228217,30.94596300897711,4.654471174797703,-36.97118383145098,-49.538505230733946,-0.9534229865413142,29.98289731508118,31.1870054246491,4.68818892277096,29.98289731508118,31.1870054246491,4.68818892277096,nan,-36.97118383145098,nan,-49.538505230733946,False,6.433279894670278,b312448c3f82baa5,,10.3455750347751,11.443039883897177,-0.0006220849720515176,tone,2.5023755732176247,11,-4.685578970334813,-7.611181871112603,0.9931977610604485,1.0069242151831066,0.0,,,,,,,
51,52020,0,8,3556,4.939945459777447,5.96080237623592,17.05866360770938,16.971920777185197,0.9949150277818374,0.9996622330721122,0.0,2.4460324450999544,2.4460324450999544,2.4460324450999544,-2.4606023422153718,-335.9438498088407,phase,2.4460324450999544,phase,nan,nan,nan,nan,nan,nan,nan,nan,nan,nan,37.346120327436026,41.85945632706545,5.911315669009308,36.74316134943406,41.07345764353382,5.811156370337884,37.346120327436026,41.859456327065445,5.911315669009308,36.74316134943406,41.07345764353384,5.811156370337884,-37.722473714482604,-48.4262182510445,-0.8767548732782453,37.346120327436026,41.85945632706545,5.911315669009308,37.346120327436026,41.859456327065445,5.911315669009308,nan,-37.722473714482604,nan,-48.4262182510445,False,5.941855199979429,80502cdc5c631631,align_margin=5.9,,,,,,,,,,,,,,,,,,
51,52020,0,8,6672,-4.472105089594779,-4.70375904535005,18.080069082515944,17.84889282600473,0.9872137514820244,1.0002072741296917,0.0,2.70807706806907,2.70807706806907,2.70807706806907,-2.713895315293418,-65.9995135388892,phase,2.70807706806907,phase,nan,nan,nan,nan,nan,nan,nan,nan,nan,nan,37.203570548095016,41.32346760428771,5.887636303670269,37.03837715951386,41.102924978596185,5.860195541447485,37.20357054809503,41.32346760428773,5.887636303670272,37.03837715951385,41.102924978596185,5.860195541447484,-37.18730367512944,-48.74961532129358,-0.02389978685527927,37.203570548095016,41.32346760428771,5.887636303670269,37.20357054809503,41.32346760428773,5.887636303670272,nan,-37.18730367512944,nan,-48.74961532129358,False,6.281515100983098,52e7162f53367d87,,-4.472105089594779,-4.70375904535005,0.00020727412969168135,tone,2.70807706806907,12,-6.261535786515058,-9.246176482472842,0.9932337872957173,1.0068876986174817,0.0,,,,,,,
52,53040,0,8,1992,7.562323965592002,6.781834655512871,18.28119951891615,18.358759007022332,1.0042425820048586,0.9992606209991995,0.0,2.2202443895393347,2.2202443895393347,2.2202443895393347,-2.2963978755848293,19.083169065266997,phase,2.2202443895393347,phase,nan,nan,nan,nan,nan,nan,nan,nan,nan,nan,37.33063955778296,40.79020258154757,5.908744112588532,37.180234297859315,41.18200092069518,5.883759850142744,37.330639557782945,40.79020258154755,5.90874411258853,37.18023429785931,41.18200092069518,5.883759850142743,-36.98755620685809,-47.340112546315716,0.4839389690233773,37.33063955778296,40.79020258154757,5.908744112588532,37.330639557782945,40.79020258154755,5.90874411258853,nan,-36.98755620685809,nan,-47.340112546315716,False,7.8472578378545,3327ae26804b6b3b,,7.562323965592002,6.781834655512871,-0.0007393790008004553,tone,2.2202443895393347,13,-3.5966914952594284,-6.88877144843711,0.9931052714598052,1.0070180775505184,0.0,,,,,,,
53,54060,0,8,2640,-9.357859063379596,-8.70362839746463,18.648523661013282,18.679414993149933,1.0016565028255418,1.0008918835566118,0.0,2.2514671534098483,2.2514671534098483,2.2514671534098483,-2.362302246010493,209.75642146002937,phase,2.2514671534098483,phase,nan,nan,nan,nan,nan,nan,nan,nan,nan,nan,37.73827632537805,42.41701408431894,5.976457861358481,37.38188579749865,41.573513026643916,5.917256776993131,37.738276325378045,42.41701408431895,5.9764578613584805,37.381885797498654,41.573513026643894,5.917256776993133,-37.08391501659623,-48.90079688665632,-0.5446666352598886,37.73827632537805,42.41701408431894,5.976457861358481,37.738276325378045,42.41701408431895,5.9764578613584805,nan,-37.08391501659623,nan,-48.90079688665632,False,7.288144399600664,c22655a29f46a7c5,,-9.357859063379596,-8.70362839746463,0.0008918835566118499,tone,2.2514671534098483,14,-6.894680909179703,-9.913811422418908,0.993260274955585,1.006861042606102,0.0,,,,,,,
54,55080,0,7,4080,10.893490960376965,10.861427539325964,18.6277476249607,19.077693084866393,1.0241545821300895,1.000145347669472,0.0,2.5354040362029875,2.5354040362029875,2.5354040362029875,-2.53848322264829,155.28416642043982,phase,2.5354040362029875,phase,nan,nan,nan,nan,nan,nan,nan,nan,nan,nan,37.347211239136435,41.39318125912419,5.911496883577482,37.473365642780074,41.39277508784985,5.9324527645814085,37.347211239136435,41.39318125912417,5.911496883577482,37.47336564278006,41.39277508784984,5.932452764581406,-37.77178474697881,-48.30510688382838,0.8341748614313769,37.347211239136435,41.39318125912419,5.911496883577482,37.347211239136435,41.39318125912417,5.911496883577482,nan,-37.77178474697881,nan,-48.30510688382838,False,7.598662533175567,c91209ed774e6a9a,,10.893490960376965,10.861427539325964,0.00014534766947194022,tone,2.5354040362029875,15,-3.0560880123657954,-6.1382163026350485,0.9932855393671602,1.0068354359694125,0.0,,,,,,,
55,56100,0,8,1606,-0.08861102221010807,0.477970703819829,18.07865525776064,17.465062206968888,0.9660598068803621,1.0005554280053812,0.0,2.7823808342618905,2.7823808342618905,2.7823808342618905,-2.819681422205137,-56.764357976418346,phase,2.7823808342618905,phase,nan,nan,nan,nan,nan,nan,nan,nan,nan,nan,29.541859495182422,31.18347945468066,4.614926826442263,29.73887815920215,31.622764405846052,4.647654179269461,29.541859495182422,31.183479454680658,4.614926826442263,29.73887815920216,31.622764405846056,4.647654179269462,-37.16024883798128,-47.13275392520994,-0.8565923258549399,29.541859495182422,31.18347945468066,4.614926826442263,29.541859495182422,31.183479454680658,4.614926826442263,nan,-37.16024883798128,nan,-47.13275392520994,False,7.34294320789868,9cf89b01d51b4fc7,,-0.08861102221010807,0.477970703819829,0.00055542800538122,tone,2.7823808342618905,16,-3.087311519146431,-5.972062291402946,0.9933820866231937,1.006737625991173,0.0,,,,,,,
56,57120,0,8,1472,2.6886191826842687,2.8627208800465356,18.89032657797914,18.962720782856678,1.0038323426849556,0.9997508862700877,0.0,2.7539725677278772,2.7539725677278772,2.7539725677278772,-2.760632135577518,114.98972090826135,phase,2.7539725677278772,phase,nan,nan,nan,nan,nan,nan,nan,nan,nan,nan,37.64099855865039,41.72266799354315,5.960298763895414,37.491562229372036,41.10808436442096,5.9354754533840595,37.64099855865039,41.72266799354315,5.960298763895414,37.49156222937203,41.10808436442095,5.935475453384059,-37.12256489770609,-48.47432166125469,-0.17295162019375798,37.64099855865039,41.72266799354315,5.960298763895414,37.64099855865039,41.72266799354315,5.960298763895414,nan,-37.12256489770609,nan,-48.47432166125469,False,7.693471979997357,aa07903c7e0fc1b9,,2.6886191826842687,2.8627208800465356,-0.0002491137299123203,tone,2.7539725677278772,17,-2.1400257500439355,-4.976815583473633,0.993338780227749,1.0067815255560417,0.0,,,,,,,
57,58140,0,8,1720,-7.901684166044346,-9.822588631110541,19.06189816037347,19.01928028375072,0.997764237524291,1.0006623300289779,0.0,2.799525372171482,2.799525372171482,2.799525372171482,-2.850047102814722,-431.830466399364,phase,2.799525372171482,phase,nan,nan,nan,nan,nan,nan,nan,nan,nan,nan,37.783633131141954,41.87368949430832,5.983992214475409,37.13436617364493,41.48864573504512,5.876140560406135,37.78363313114197,41.87368949430833,5.9839922144754105,37.13436617364491,41.48864573504511,5.8761405604061325,-37.80202420347817,-47.78552633813084,1.69088948590222,37.783633131141954,41.87368949430832,5.983992214475409,37.78363313114197,41.87368949430833,5.9839922144754105,nan,-37.80202420347817,nan,-47.78552633813084,False,8.283627659197567,6b1a8b3a3c578a2d,,-7.901684166044346,-9.822588631110541,0.0006623300289778644,tone,2.799525372171482,18,-4.924160944565825,-8.391564398009088,0.9934539158957904,1.006664909008209,0.0,,,,,,,
58,59160,0,8,6256,6.659198379272156,7.15433668985713,17.278182684935015,17.230854072521257,0.9972607875911034,0.9983967811774892,0.0,2.5623422149249504,2.5623422149249504,2.5623422149249504,-2.8621512062983916,33.245215500223516,phase,2.5623422149249504,phase,nan,nan,nan,nan,nan,nan,nan,nan,nan,nan,37.351922426290706,41.480707143903985,5.912279472805766,37.35455586895789,41.5274325000399,5.912716921753803,37.35192242629071,41.48070714390397,5.912279472805767,37.35455586895789,41.52743250003989,5.912716921753803,-36.02993336592224,-47.880528381259225,-0.4731004702133932,37.351922426290706,41.480707143903985,5.912279472805766,37.35192242629071,41.48070714390397,5.912279472805767,nan,-36.02993336592224,nan,-47.880528381259225,False,6.323759034765449,a71d3206dff1b1cc,,6.659198379272156,7.15433668985713,-0.001603218822510799,tone,2.5623422149249504,19,-2.5780838941334845,-5.904125113056743,0.9931751891927696,1.006947795760339,0.0,,,,,,,
59,60180,0,8,888,2.83690456729144,3.5206269475870102,18.64042708770957,18.51790472382655,0.9934270624108285,0.9998643342022459,0.0,2.4201865777952882,2.4201865777952882,2.4201865777952882,-2.4227494937580922,-73.33774859614387,phase,2.4201865777952882,phase,nan,nan,nan,nan,nan,nan,nan,nan,nan,nan,37.488045540040964,41.209261824614785,5.934891285721092,37.86398565648473,41.46628251353096,5.997339810047298,37.488045540040964,41.20926182461476,5.934891285721092,37.86398565648474,41.46628251353097,5.9973398100473005,-36.816854031474456,-49.43695976013938,-0.5210141217194559,37.488045540040964,41.209261824614785,5.934891285721092,37.488045540040964,41.20926182461476,5.934891285721092,nan,-36.816854031474456,nan,-49.43695976013938,False,7.290272649282165,6a7197896572f98e,,2.83690456729144,3.5206269475870102,-0.00013566579775414755,tone,2.4201865777952882,20,-1.578344261733863,-4.680407819227212,0.9931516097095081,1.0069717054698706,0.0,18,2.5946876807715946,0.04172314839684146,2.5946876807715946,inside-deadband,,
60,61200,0,8,6756,-4.129001681295122,-4.8176982114137905,16.975312171481068,17.507394927469,1.031344504926504,1.0002744665474326,0.0,2.673938156811502,2.673938156811502,2.673938156811502,-2.6820812249317583,237.85875074558214,phase,2.673938156811502,phase,nan,nan,nan,nan,nan,nan,nan,nan,nan,nan,37.065203012471876,41.831197731640266,5.864651663201309,36.959144733777634,41.26361926513597,5.8470340089331625,37.06520301247187,41.831197731640266,5.8646516632013075,36.95914473377763,41.263619265135986,5.847034008933162,-37.17276819640029,-50.27296539920186,0.7979434341634595,37.065203012471876,41.831197731640266,5.864651663201309,37.06520301247187,41.831197731640266,5.8646516632013075,nan,-37.17276819640029,nan,-50.27296539920186,False,6.293191554430052,f0df8270f304729f,,-4.129001681295122,-4.8176982114137905,0.0002744665474325725,tone,2.673938156811502,1,-3.0334600510301133,-6.35492793219108,0.993199312415852,1.0069233522329282,0.0,,,,,,,
61,62220,0,8,5048,0.38171874810288275,1.7494760237093525,16.51937629604372,16.389919126211,0.9921633137042999,1.0000354843826926,0.0,2.8089857037664947,2.8089857037664947,2.8089857037664947,-2.808929828857707,-231.46812631002499,phase,2.8089857037664947,phase,nan,nan,nan,nan,nan,nan,nan,nan,nan,nan,36.8653887557552,41.29797063646538,5.831459926205183,36.71103630215798,41.03445009792552,5.805819983747173,36.86538875575519,41.297970636465394,5.831459926205182,36.711036302157986,41.03445009792554,5.805819983747175,-37.23566589315076,-51.326200157374835,-0.48621830573517233,36.8653887557552,41.29797063646538,5.831459926205183,36.86538875575519,41.297970636465394,5.831459926205182,nan,-37.23566589315076,nan,-51.326200157374835,False,6.603212182958614,32e97331febbd1e0,,0.38171874810288275,1.7494760237093525,3.548438269262988e-05,tone,2.8089857037664947,2,-2.898943685416612,-5.7468214592004445,0.9932054799521381,1.0069170996954204,0.0,,,,,,,
62,63240,0,8,6876,-13.394979597520226,-12.44265672665103,16.845824692819992,16.7426880881041,0.9938776161691952,0.9998412222766032,0.0,2.359516371937848,2.359516371937848,2.359516371937848,-2.362835436313988,7.6291694568935835,phase,2.359516371937848,phase,nan,nan,nan,nan,nan,nan,nan,nan,nan,nan,36.66465135819581,40.71844132782867,5.7981148435541225,37.587397788052115,41.997143351093825,5.951394981404007,36.66465135819581,40.71844132782867,5.7981148435541225,37.5873977880521,41.997143351093804,5.951394981404004,-36.69159373020311,-48.4429056186766,-0.09497992143812617,36.66465135819581,40.71844132782867,5.7981148435541225,36.66465135819581,40.71844132782867,5.7981148435541225,nan,-36.69159373020311,nan,-48.4429056186766,False,5.734872404136081,e8faed087e8833df,align_margin=5.7,,,,,,,,,,,,,,,,,,
62,63240,0,8,1340,-7.152194688188592,-8.726707320723495,17.868855667670555,17.791398032005358,0.9956652156631755,0.9995968087930148,0.0,2.324588809398025,2.324588809398025,2.324588809398025,-2.3465755587298727,-423.9220765844711,phase,2.324588809398025,phase,nan,nan,nan,nan,nan,nan,nan,nan,nan,nan,37.48420730339803,41.49632654312506,5.934253704883394,37.216294308456646,41.10352368497416,5.889749885125689,37.48420730339802,41.49632654312505,5.934253704883393,37.21629430845663,41.103523684974135,5.8897498851256875,-36.69276067396442,-50.44173822272195,1.7807899204303617,37.48420730339803,41.49632654312506,5.934253704883394,37.48420730339802,41.49632654312505,5.934253704883393,nan,-36.69276067396442,nan,-50.44173822272195,False,7.121263708453938,daaae275b402de79,,-7.152194688188592,-8.726707320723495,-0.0004031912069851762,tone,2.324588809398025,3,-5.419336687060781,-8.780186930078955,0.9931354009017951,1.0069881748734404,0.0,,,,,,,
63,64260,0,7,3084,7.114795855574998,6.030482939491779,18.349762768340284,18.72199515164262,1.0202854057571014,0.9993430883248443,0.0,2.2959025252715954,2.2959025252715954,2.2959025252715954,-2.35376610751082,253.4188816969696,phase,2.2959025252715954,phase,nan,nan,nan,nan,nan,nan,nan,nan,nan,nan,37.08530053538562,41.00131783679644,5.867990122157081,37.55132601383077,40.92561899263665,5.945402992330693,37.08530053538561,41.00131783679642,5.867990122157079,37.55132601383076,40.92561899263667,5.945402992330692,-36.46595836424597,-49.38690604839302,0.5157507026759021,37.08530053538562,41.00131783679644,5.867990122157081,37.08530053538561,41.00131783679642,5.867990122157079,nan,-36.46595836424597,nan,-49.38690604839302,False,6.077076832893994,de70431929927d8a,,7.114795855574998,6.030482939491779,-0.0006569116751556914,tone,2.2959025252715954,4,-2.911945905108898,-6.68416526717572,0.9930212305098192,1.0071040138699727,0.0,,,,,,,
64,65280,0,8,4204,-2.6139239455885135,-1.7981997239732612,17.641093692425308,18.288727439727612,1.0367116551044895,0.9994828636666911,0.0,2.0710685241382483,2.0710685241382483,2.0710685241382483,-2.1115781700153518,-15.462085419473992,phase,2.0710685241382483,phase,nan,nan,nan,nan,nan,nan,nan,nan,nan,nan,37.02661567275139,41.32421651216161,5.858241806104883,37.24175889527046,40.475672659673364,5.893979882935293,37.02661567275139,41.32421651216161,5.858241806104883,37.241758895270465,40.47567265967337,5.893979882935294,-36.718187124333056,-50.671702341413905,-0.5835230751390679,37.02661567275139,41.32421651216161,5.858241806104883,37.02661567275139,41.32421651216161,5.858241806104883,nan,-36.718187124333056,nan,-50.671702341413905,False,6.58611235354048,f0c7044509e1198a,,-2.6139239455885135,-1.7981997239732612,-0.0005171363333088541,tone,2.0710685241382483,5,-3.833248846926448,-7.309095656413449,0.9929313632221616,1.0071952027905506,0.0,,,,,,,
65,66300,0,8,5976,-4.651100721534586,-5.16307396926649,18.189538221157672,18.009275331012343,0.9900897489560427,1.001109839765919,0.0,2.7166510545602476,2.7166510545602476,2.7166510545602476,-2.8589716392256905,166.731805469068,phase,2.7166510545602476,phase,nan,nan,nan,nan,nan,nan,nan,nan,nan,nan,37.743718553873514,42.399910445835836,5.977361886025501,36.878132875011865,41.07762541169305,5.833576889536856,37.743718553873514,42.39991044583584,5.977361886025501,36.87813287501186,41.07762541169304,5.833576889536854,-37.595864078481696,-49.31982186204592,-0.06087585752954272,37.743718553873514,42.399910445835836,5.977361886025501,37.743718553873514,42.39991044583584,5.977361886025501,nan,-37.595864078481696,nan,-49.31982186204592,False,6.787132903439348,4340139e57fbf88c,,-4.651100721534586,-5.16307396926649,0.0011098397659190518,tone,2.7166510545602476,6,-5.472722946379259,-9.103262153867526,0.9931242122967148,1.0069998002306644,0.0,,,,,,,
66,67320,0,8,2336,4.915507397203346,5.180958577916439,17.23603194636738,17.554884987262025,1.018499213849615,1.0000979627777398,0.0,2.758630288459419,2.758630288459419,2.758630288459419,-2.7597118010427746,27.63130772781581,phase,2.758630288459419,phase,nan,nan,nan,nan,nan,nan,nan,nan,nan,nan,37.10617504284777,41.74287453634422,5.871457648313584,37.50710466230061,41.78659732410111,5.938057252873857,37.106175042847774,41.74287453634423,5.8714576483135845,37.5071046623006,41.78659732410111,5.938057252873854,-36.800290211335216,-48.550155853158586,-0.185966271492358,37.10617504284777,41.74287453634422,5.871457648313584,37.106175042847774,41.74287453634423,5.8714576483135845,nan,-36.800290211335216,nan,-48.550155853158586,False,7.788195218461024,772b43368f942340,,4.915507397203346,5.180958577916439,9.796277773976847e-05,tone,2.758630288459419,7,-3.7403841636579283,-7.302531407093406,0.9931412379078484,1.0069825384345954,0.0,,,,,,,
67,68340,0,8,4696,-2.9086251426713794,-2.296565471624883,20.395747907536702,21.189613557823893,1.038923095827922,1.0003308242764006,0.0,2.7783943119422454,2.7783943119422454,2.7783943119422454,-2.791094992198953,65.5961080744633,phase,2.7783943119422454,phase,nan,nan,nan,nan,nan,nan,nan,nan,nan,nan,37.545920235576595,41.92888450529151,5.94450502252103,38.084900590348894,43.31777941235809,6.034036642915099,37.5459202355766,41.92888450529153,5.944505022521031,38.084900590348894,43.3177794123581,6.034036642915099,-37.31967025565017,-46.887059829271195,-0.9490326826040167,37.545920235576595,41.92888450529151,5.94450502252103,37.5459202355766,41.92888450529153,5.944505022521031,nan,-37.31967025565017,nan,-46.887059829271195,False,7.937644145836506,868be3bd0f91e53a,,-2.9086251426713794,-2.296565471624883,0.00033082427640063194,tone,2.7783943119422454,8,-4.765433533352355,-8.100755690424329,0.9931987350733423,1.0069242592175907,0.0,,,,,,,
68,69360,0,8,5960,-4.5217139026336834,-3.202160736680848,17.722645942048732,17.623839671378484,0.99442485783481,0.9998406628674733,0.0,2.505662208899465,2.505662208899465,2.505662208899465,-2.508838617604478,287.80836067833815,phase,2.505662208899465,phase,nan,nan,nan,nan,nan,nan,nan,nan,nan,nan,37.38855039287706,41.35275099154316,5.918363852637386,37.38570799678628,40.97438734189517,5.91789169381832,37.38855039287706,41.352750991543175,5.918363852637386,37.38570799678628,40.974387341895174,5.91789169381832,-37.52953392302744,-47.92963340873777,-0.7889714614866534,37.38855039287706,41.35275099154316,5.918363852637386,37.38855039287706,41.352750991543175,5.918363852637386,nan,-37.52953392302744,nan,-47.92963340873777,False,6.6262677405331445,b9a8154aa07c78b4,,-4.5217139026336834,-3.202160736680848,-0.00015933713252669346,tone,2.505662208899465,9,-6.358870788188289,-9.21380490696536,0.993171040721609,1.0069523407662477,0.0,,,,,,,
69,70380,0,8,1425,10.768431295329872,10.05205743133898,18.272913388535287,17.479377637179585,0.9565731126458696,1.0006230540501913,0.0,2.5420043336909197,2.5420043336909197,2.5420043336909197,-2.5916282371394512,36.45100576248339,phase,2.5420043336909197,phase,nan,nan,nan,nan,nan,nan,nan,nan,nan,nan,37.43867787240725,41.28738148011374,5.92669067647961,37.32564442198699,41.48745395811079,5.907914355811793,37.43867787240725,41.28738148011375,5.92669067647961,37.325644421987,41.4874539581108,5.907914355811795,-37.23163449933247,-46.519642504115566,0.42327624498298455,37.43867787240725,41.28738148011374,5.92669067647961,37.43867787240725,41.28738148011375,5.92669067647961,nan,-37.23163449933247,nan,-46.519642504115566,False,6.598131984121141,55d5edda815d08d4,,10.768431295329872,10.05205743133898,0.0006230540501912518,tone,2.5420043336909197,10,-2.5640048498630583,-5.719875791818334,0.9932793305885136,1.006842616626821,0.0,,,,,,,
70,71400,0,8,5072,-8.856576885260143,-8.964203641282683,16.388287093726277,17.523754419983224,1.0692852962462212,1.0001957590935409,0.0,2.7894483110519124,2.7894483110519124,2.7894483110519124,-2.791401426208528,-47.4093901879035,phase,2.7894483110519124,phase,nan,nan,nan,nan,nan,nan,nan,nan,nan,nan,37.0484994577411,41.22758390754144,5.861876986335732,37.020235080774334,41.60630193038422,5.857181907105372,37.0484994577411,41.227583907541444,5.861876986335732,37.02023508077434,41.60630193038421,5.857181907105373,-37.25688252703548,-47.678694415923374,-0.3497934640846818,37.0484994577411,41.22758390754144,5.861876986335732,37.0484994577411,41.227583907541444,5.861876986335732,nan,-37.25688252703548,nan,-47.678694415923374,False,6.1776554904723,56ffb1cee6dbe2a3,,-8.856576885260143,-8.964203641282683,0.0001957590935408593,tone,2.7894483110519124,11,-5.684780460893272,-8.836024455608774,0.9933133581942567,1.0068081311230273,0.0,,,,,,,
71,72420,0,8,1956,-3.1620415380218656,-4.4070910825042375,17.955435167102205,18.33631044270381,1.0212122553453586,0.9994648012001667,0.0,2.5622421469935657,2.5622421469935657,2.5622421469935657,-2.5965583786860806,-190.71684553151132,phase,2.5622421469935657,phase,nan,nan,nan,nan,nan,nan,nan,nan,nan,nan,37.408636978397205,40.88840766096154,5.921700494750367,37.447533858762164,41.45352937536054,5.9281617705585,37.40863697839722,40.88840766096153,5.921700494750369,37.447533858762164,41.45352937536054,5.9281617705585,-36.81766095381068,-47.411089288755726,0.9831987405299607,37.408636978397205,40.88840766096154,5.921700494750367,37.40863697839722,40.88840766096153,5.921700494750369,nan,-36.81766095381068,nan,-47.411089288755726,False,7.822189813370542,6a750310fac7293e,,-3.1620415380218656,-4.4070910825042375,-0.0005351987998333252,tone,2.5622421469935657,12,-6.798945018510365,-10.368075927179577,0.993220324673753,1.0069024790560297,0.0,,,,,,,
72,73440,0,8,5096,-5.8545204967374,-5.614199364294748,19.13948780875217,19.992558959204306,1.044571263294833,1.0004966026404853,0.0,2.942180536480712,2.942180536480712,2.942180536480712,-2.970372890394721,-180.0978541668167,phase,2.942180536480712,phase,nan,nan,nan,nan,nan,nan,nan,nan,nan,nan,37.507539661518535,42.05727782167327,5.938129511880156,37.70041169796187,42.04764848224754,5.970168056139846,37.50753966151852,42.05727782167327,5.938129511880153,37.70041169796186,42.04764848224752,5.970168056139845,-36.9581395296711,-47.95067037580506,-0.6571645565434947,37.507539661518535,42.05727782167327,5.938129511880156,37.50753966151852,42.05727782167327,5.938129511880153,nan,-36.9581395296711,nan,-47.95067037580506,False,6.658680381149541,12fafe776f939a3e,,-5.8545204967374,-5.614199364294748,0.0004966026404853441,tone,2.942180536480712,13,-8.862014131127609,-12.31957551961808,0.9933066409450209,1.006815017164619,0.0,,,,,,,
73,74460,0,8,1988,0.3050375558233941,0.6936632789610095,18.400279659734444,18.44751677404629,1.0025671954549265,0.9988330985644183,0.0,2.8746253533265462,2.8746253533265462,2.8746253533265462,-3.020127028585698,9.360893073556955,phase,2.8746253533265462,phase,nan,nan,nan,nan,nan,nan,nan,nan,nan,nan,36.80475893466336,40.980866886092564,5.821388527352719,37.52102206494614,41.365001319613185,5.940369113778429,36.804758934663354,40.98086688609254,5.821388527352718,37.52102206494613,41.365001319613164,5.940369113778428,-35.94200434226423,-45.759809074709366,-0.44123678473571154,36.80475893466336,40.980866886092564,5.821388527352719,36.804758934663354,40.98086688609254,5.821388527352718,nan,-35.94200434226423,nan,-45.759809074709366,False,7.924039817127855,a527e012047f868c,,0.3050375558233941,0.6936632789610095,-0.0011669014355817353,tone,2.8746253533265462,14,-8.754531567196883,-12.078436736924838,0.9931038000295948,1.0070208567897299,0.0,,,,,,,
74,75480,0,7,7620,9.318672396349356,11.32698291748121,17.1152477372094,17.522190593054304,1.0237766266719113,1.0000798161391955,0.0,2.5336632473446405,2.5336632473446405,2.5336632473446405,-2.535968007753379,-389.0761024229269,phase,2.5336632473446405,phase,nan,nan,nan,nan,nan,nan,nan,nan,nan,nan,36.92582941036013,41.183103330981055,5.841499902053179,37.05561021076173,41.49224928313791,5.863058174545138,36.92582941036013,41.18310333098105,5.841499902053179,37.05561021076173,41.49224928313792,5.863058174545138,-36.823973752379786,-48.6274856863212,-1.8064096046805886,36.92582941036013,41.183103330981055,5.841499902053179,36.92582941036013,41.18310333098105,5.841499902053179,nan,-36.823973752379786,nan,-48.6274856863212,False,5.89663688106515,6bc055d3952d62d0,align_margin=5.9,,,,,,,,,,,,,,,,,,
74,75480,0,7,5040,1.2206471235040308,2.1500866126816653,16.902515529498235,17.35025196793752,1.0264893374987822,1.0003878636588739,0.0,2.635069053039612,2.635069053039612,2.635069053039612,-2.6541543595228094,149.77480513710753,phase,2.635069053039612,phase,nan,nan,nan,nan,nan,nan,nan,nan,nan,nan,37.020769100135055,40.69143675271722,5.857270614640376,37.041232981982134,40.75579481593857,5.860669930561817,37.020769100135055,40.69143675271724,5.857270614640376,37.041232981982155,40.75579481593859,5.86066993056182,-37.091557095123534,-48.99537789680067,-1.0023491581278807,37.020769100135055,40.69143675271722,5.857270614640376,37.020769100135055,40.69143675271724,5.857270614640376,nan,-37.091557095123534,nan,-48.99537789680067,False,6.769860226122319,27044df125654d01,,1.2206471235040308,2.1500866126816653,0.0003878636588738882,tone,2.635069053039612,15,-8.324338375695975,-11.331152994622254,0.9931712080824611,1.0069525306020115,0.0,,,,,,,
75,76500,0,7,5168,5.143965233282611,5.162431992360316,18.378339020795305,18.653894139428473,1.0149934723873237,0.9993405352739321,0.0,2.7708104169935415,2.7708104169935415,2.7708104169935415,-2.8190175328047475,-1.2838019363506157,phase,2.7708104169935415,phase,nan,nan,nan,nan,nan,nan,nan,nan,nan,nan,37.21591332855904,41.29106462889923,5.889686599428413,37.51666409916701,41.635409091084966,5.939645199197178,37.215913328559054,41.29106462889922,5.889686599428415,37.51666409916702,41.63540909108498,5.939645199197181,-36.108140018877734,-46.945215187935744,0.19901841014825905,37.21591332855904,41.29106462889923,5.889686599428413,37.215913328559054,41.29106462889922,5.889686599428415,nan,-36.108140018877734,nan,-46.945215187935744,False,6.335552945836715,fc3461632d5c5fb0,,5.143965233282611,5.162431992360316,-0.0006594647260679265,tone,2.7708104169935415,16,-6.511571536507226,-9.536777249575092,0.9930565898411927,1.0070688159811998,0.0,,,,,,,
76,77520,0,7,7092,-1.4585699413009472,-2.129407494675995,17.232023284642743,17.696520932974668,1.0269554909867078,1.0003491302239853,0.0,2.7820950857589373,2.7820950857589373,2.7820950857589373,-2.794242050708316,-237.42959739299008,phase,2.7820950857589373,phase,nan,nan,nan,nan,nan,nan,nan,nan,nan,nan,37.61747331098094,42.140879806229215,5.95639091544534,37.457584343425836,40.96473075681363,5.929831286283362,37.617473310980934,42.14087980622921,5.956390915445339,37.457584343425836,40.96473075681363,5.929831286283362,-37.23725389008799,-46.828758549436564,0.8419714602839914,37.61747331098094,42.140879806229215,5.95639091544534,37.617473310980934,42.14087980622921,5.956390915445339,nan,-37.23725389008799,nan,-46.828758549436564,False,5.6975847595395,481ba672d82e1e8c,align_margin=5.7,,,,,,,,,,,,,,,,,,
76,77520,0,8,6932,4.511052708237283,4.9204611107804705,17.43733586984018,17.787090447285237,1.0200577989697381,0.999767529314752,0.0,2.39283995453254,2.39283995453254,2.39283995453254,-2.3992587038271345,179.53316845621933,phase,2.39283995453254,phase,nan,nan,nan,nan,nan,nan,nan,nan,nan,nan,36.80961876808825,40.883069629520435,5.822195808652534,37.09582036252621,41.6717691432185,5.8697376017485405,36.80961876808826,40.88306962952043,5.822195808652535,37.09582036252621,41.67176914321849,5.8697376017485405,-36.79974675802247,-48.837342085065174,0.17910567569773583,36.80961876808825,40.883069629520435,5.822195808652534,36.80961876808826,40.88306962952043,5.822195808652535,nan,-36.79974675802247,nan,-48.837342085065174,False,5.814096471012641,a7f5ee495e6c5051,align_margin=5.8,,,,,,,,,,,,,,,,,,
76,77520,0,8,766,1.3228761611030637,0.518479321615131,18.144277203517724,18.439209903244144,1.0162548607706037,0.9993768393608133,0.0,2.5801015213210214,2.5801015213210214,2.5801015213210214,-2.6272853345821288,61.17990249577906,phase,2.5801015213210214,phase,nan,nan,nan,nan,nan,nan,nan,nan,nan,nan,29.486819193653364,30.67285754848679,4.605783919211523,29.469836481533452,31.145360894326245,4.60296287068662,29.48681919365336,30.67285754848678,4.605783919211522,29.469836481533456,31.145360894326252,4.60296287068662,-37.15481373181079,-48.68094787325728,1.1131750838128398,29.486819193653364,30.67285754848679,4.605783919211523,29.48681919365336,30.67285754848678,4.605783919211522,nan,-37.15481373181079,nan,-48.68094787325728,False,5.754220196830239,e892e503968ca4ee,align_margin=5.8,,,,,,,,,,,,,,,,,,
76,77520,0,8,7932,4.195707858427312,3.445377183372229,17.079537425194925,16.651771709427553,0.9749544905627039,1.0009858114502854,0.0,2.351150344594358,2.351150344594358,2.351150344594358,-2.480290083915208,98.06131343294257,phase,2.351150344594358,phase,nan,nan,nan,nan,nan,nan,nan,nan,nan,nan,37.35374362760366,41.23225765530734,5.9125819979408085,36.65449825609488,40.4626666969061,5.796428281743337,37.35374362760365,41.2322576553073,5.912581997940806,36.65449825609489,40.4626666969061,5.796428281743338,-37.76792390850224,-49.15819057623444,0.7104711363795104,37.35374362760366,41.23225765530734,5.9125819979408085,37.35374362760365,41.2322576553073,5.912581997940806,nan,-37.76792390850224,nan,-49.15819057623444,False,5.7356243291253435,660de3f9d516732c,align_margin=5.7,,,,,,,,,,,,,,,,,,
76,77520,0,8,7268,1.0299916853882551,2.3418659964931434,18.17401968698305,18.315065141637024,1.0077608287590332,0.9997333557742628,0.0,3.012674347075313,3.012674347075313,3.012674347075313,-3.0198446568650645,151.07214411977284,phase,3.012674347075313,phase,nan,nan,nan,nan,nan,nan,nan,nan,nan,nan,37.45800462233907,42.13931093215108,5.929901100056324,37.48820191787474,41.05674667528167,5.934917262105439,37.45800462233906,42.139310932151076,5.929901100056323,37.48820191787474,41.05674667528166,5.934917262105439,-37.08377026265887,-48.734498045531744,-0.7156494077829727,37.45800462233907,42.13931093215108,5.929901100056324,37.45800462233906,42.139310932151076,5.929901100056323,nan,-37.08377026265887,nan,-48.734498045531744,False,6.952830867286913,cfbe40852b5aa3a8,,1.0299916853882551,2.3418659964931434,-0.00026664422573718927,tone,3.012674347075313,17,-6.148553866040391,-8.722877458651666,0.9930102511002283,1.0071158211046674,0.0,,,,,,,
77,78540,0,7,4637,-2.516594100314835,-3.8729621331672455,18.694922053652437,19.288997878234206,1.0317773897573275,0.9998450027312549,0.0,2.6394514075993225,2.6394514075993225,2.6394514075993225,-2.6413892552152385,132.6596140223288,phase,2.6394514075993225,phase,nan,nan,nan,nan,nan,nan,nan,nan,nan,nan,37.49486352160207,43.23623200885024,5.936023840797687,37.03896779151271,42.50176408689099,5.860293653075202,37.49486352160206,43.236232008850244,5.936023840797685,37.03896779151272,42.501764086891,5.860293653075203,-36.415032324245814,-47.67966449863911,1.2279675390518543,37.49486352160207,43.23623200885024,5.936023840797687,37.49486352160206,43.236232008850244,5.936023840797685,nan,-36.415032324245814,nan,-47.67966449863911,False,7.420135465668928,dbb91d1e7467ab78,,-2.516594100314835,-3.8729621331672455,-0.00015499726874512731,tone,2.6394514075993225,18,-7.035561763626827,-10.06883660079055,0.992983316171796,1.0071431428747437,0.0,,,,,,,
78,79560,0,8,6152,3.4884643648353313,3.638346915040137,17.425766108622323,17.278310779183332,0.9915380862729456,1.0006825645420925,0.0,2.771743544654138,2.771743544654138,2.771743544654138,-2.826286284504899,144.90998250235086,phase,2.771743544654138,phase,nan,nan,nan,nan,nan,nan,nan,nan,nan,nan,37.518521389934534,41.43168708686704,5.939953719258229,36.77396094517015,40.47368294254924,5.816272582254179,37.51852138993453,41.43168708686705,5.939953719258228,36.773960945170145,40.47368294254924,5.816272582254178,-36.902863244831224,-48.60869268851758,0.16246425696930356,37.518521389934534,41.43168708686704,5.939953719258229,37.51852138993453,41.43168708686705,5.939953719258228,nan,-36.902863244831224,nan,-48.60869268851758,False,6.79412833868875,fbd58d866fe898a6,,3.4884643648353313,3.638346915040137,0.0006825645420924786,tone,2.771743544654138,19,-5.80597159045102,-8.804446896831239,0.993101926832235,1.007022922897963,0.0,,,,,,,
79,80580,0,7,1396,0.5683671760742224,-1.1588105193051992,16.716214208070994,16.94104973542654,1.0134501463403711,0.9997853147054869,0.0,2.3618144780264276,2.3618144780264276,2.3618144780264276,-2.3672756670821435,132.38703649271326,phase,2.3618144780264276,phase,nan,nan,nan,nan,nan,nan,nan,nan,nan,nan,36.904880078584675,39.63025571273924,5.838019946608751,37.230058558464584,40.393813447132565,5.892036305392788,36.904880078584675,39.63025571273925,5.838019946608751,37.230058558464584,40.39381344713256,5.892036305392788,-36.72869826472778,-49.409887892287834,1.730604236968766,36.904880078584675,39.63025571273924,5.838019946608751,36.904880078584675,39.63025571273925,5.838019946608751,nan,-36.72869826472778,nan,-49.409887892287834,False,7.345792108308703,6c6fc973ba0f032d,,0.5683671760742224,-1.1588105193051992,-0.00021468529451307283,tone,2.3618144780264276,20,-5.605661323950467,-9.20720206012946,0.9930646160657973,1.0070607647993,0.0,20,2.6417942756089623,0.05290194781408189,2.6417942756089623,inside-deadband,,
